Country,Year,Month,Average Surface Temperature
Afghanistan,2025,1,7.227942118702231
Afghanistan,2025,2,7.3959304397294545
Afghanistan,2025,3,9.685328791806569
Afghanistan,2025,4,12.925129531436141
Afghanistan,2025,5,16.14200355520461
Afghanistan,2025,6,18.58280128968636
Afghanistan,2025,7,19.7370536813296
Afghanistan,2025,8,19.359473186345895
Afghanistan,2025,9,17.492454760650617
Afghanistan,2025,10,14.488576849723358
Afghanistan,2025,11,11.03310237851565
Afghanistan,2025,12,8.16647974132593
Afghanistan,2026,1,7.2883502416707415
Afghanistan,2026,2,7.461063645759168
Afghanistan,2026,3,9.753394977368771
Afghanistan,2026,4,12.994835145495927
Afghanistan,2026,5,16.212484062228214
Afghanistan,2026,6,18.65355163266304
Afghanistan,2026,7,19.80785874479716
Afghanistan,2026,8,19.430338259408927
Afghanistan,2026,9,17.563536000006025
Afghanistan,2026,10,14.560111742664049
Afghanistan,2026,11,11.105340205919674
Afghanistan,2026,12,8.239612040732936
Afghanistan,2027,1,7.349796551855434
Afghanistan,2027,2,7.527439817728919
Afghanistan,2027,3,9.822872515299423
Afghanistan,2027,4,13.066086623509364
Afghanistan,2027,5,16.284613587370586
Afghanistan,2027,6,18.726025307970303
Afghanistan,2027,7,19.880435132276943
Afghanistan,2027,8,19.50299884308788
Afghanistan,2027,9,17.636415648900766
Afghanistan,2027,10,14.633429173872173
Afghanistan,2027,11,11.17932844758343
Afghanistan,2027,12,8.31444889508657
Afghanistan,2028,1,7.412298785363419
Afghanistan,2028,2,7.595077394206783
Afghanistan,2028,3,9.893780492927363
Afghanistan,2028,4,13.13890364784038
Afghanistan,2028,5,16.358412354341453
Afghanistan,2028,6,18.80024302693073
Afghanistan,2028,7,19.954803989007814
Afghanistan,2028,8,19.57747646280859
Afghanistan,2028,9,17.71111555930929
Afghanistan,2028,10,14.70855126810875
Afghanistan,2028,11,11.255089447347018
Afghanistan,2028,12,8.391012813583984
Afghanistan,2029,1,7.475874725559152
Afghanistan,2029,2,7.663994861811261
Afghanistan,2029,3,9.966138046428568
Afghanistan,2029,4,13.213305950500398
Afghanistan,2029,5,16.43390063730203
Afghanistan,2029,6,18.87622555213693
Afghanistan,2029,7,20.030986512299023
Afghanistan,2029,8,19.653792696918572
Afghanistan,2029,9,17.787657636862605
Afghanistan,2029,10,14.785500204657183
Afghanistan,2029,11,11.332645604395111
Afghanistan,2029,12,8.469326361578169
Afghanistan,2030,1,7.540542203119003
Afghanistan,2030,2,7.734210755324057
Afghanistan,2030,3,10.039964360924387
Afghanistan,2030,4,13.289313313304774
Afghanistan,2030,5,16.511098760988716
Afghanistan,2030,6,18.95399369758252
Afghanistan,2030,7,20.10900395169392
Afghanistan,2030,8,19.731969176774328
Afghanistan,2030,9,17.866063841033792
Afghanistan,2030,10,14.864298217392388
Afghanistan,2030,11,11.412019373293333
Afghanistan,2030,12,8.549412160636166
Afghanistan,2031,1,7.6063190960821885
Afghanistan,2031,2,7.805743657631865
Afghanistan,2031,3,10.115278670506996
Afghanistan,2031,4,13.36694556778184
Afghanistan,2031,5,16.590027100720363
Afghanistan,2031,6,19.033568328640285
Afghanistan,2031,7,20.18887760890084
Afghanistan,2031,8,19.812027586712247
Afghanistan,2031,9,17.946356185105287
Afghanistan,2031,10,14.944967594777154
Afghanistan,2031,11,11.493233264017363
Afghanistan,2031,12,8.631292888579083
Afghanistan,2032,1,7.673223329861685
Afghanistan,2032,2,7.878612199831878
Afghanistan,2032,3,10.192100258257597
Afghanistan,2032,4,13.446222595318432
Afghanistan,2032,5,16.67070608242375
Afghanistan,2032,6,19.11497036208766
Afghanistan,2032,7,20.2706288378331
Afghanistan,2032,8,19.89398966412864
Afghanistan,2032,9,18.028556736187056
Afghanistan,2032,10,15.02753067998583
Afghanistan,2032,11,11.57630984206935
Afghanistan,2032,12,8.714991279474816
Afghanistan,2033,1,7.741272877316987
Afghanistan,2033,2,7.952835061319092
Afghanistan,2033,3,10.270448456348277
Afghanistan,2033,4,13.527164327138053
Afghanistan,2033,5,16.753156182717248
Afghanistan,2033,6,19.198220766197664
Afghanistan,2033,7,20.354279044765462
Afghanistan,2033,8,19.977877199501563
Afghanistan,2033,9,18.112687615318464
Afghanistan,2033,10,15.112009870875227
Afghanistan,2033,11,11.661271728437896
Afghanistan,2033,12,8.800530123739918
Afghanistan,2034,1,7.810485758797768
Afghanistan,2034,2,8.02843096973902
Afghanistan,2034,3,10.350342646005629
Afghanistan,2034,4,13.609790744395468
Afghanistan,2034,5,16.837397928925384
Afghanistan,2034,6,19.283340560793476
Afghanistan,2034,7,20.439849688232243
Afghanistan,2034,8,20.06371203645267
Afghanistan,2034,9,18.198770997468273
Afghanistan,2034,10,15.198427620071925
Afghanistan,2034,11,11.748141599652627
Afghanistan,2034,12,8.88793226816506
Afghanistan,2035,1,7.880880042180252
Afghanistan,2035,2,8.10541870108591
Afghanistan,2035,3,10.431802257670824
Afghanistan,2035,4,13.69412187818034
Afghanistan,2035,5,16.923451899137035
Afghanistan,2035,6,19.370350817230246
Afghanistan,2035,7,20.527362279220142
Afghanistan,2035,8,20.151516071827245
Afghanistan,2035,9,18.286829111640145
Afghanistan,2035,10,15.286806435015933
Afghanistan,2035,11,11.836942187922432
Afghanistan,2035,12,8.977220615955048
Albania,2025,1,7.587313831944812
Albania,2025,2,7.741589749633022
Albania,2025,3,9.97726168153622
Albania,2025,4,13.148592615060807
Albania,2025,5,16.301973285423628
Albania,2025,6,18.69842316561426
Albania,2025,7,19.836091456222675
Albania,2025,8,19.472758075394268
Albania,2025,9,17.64833464865751
Albania,2025,10,14.707365498918989
Albania,2025,11,11.32152863625106
Albania,2025,12,8.512136747875957
Albania,2026,1,7.6473234927843805
Albania,2026,2,7.806339065563407
Albania,2026,3,10.044964830013669
Albania,2026,4,13.21795931676479
Albania,2026,5,16.372139267300554
Albania,2026,6,18.76888062386297
Albania,2026,7,19.906619519341803
Albania,2026,8,19.543353267175007
Albania,2026,9,17.719141351245526
Albania,2026,10,14.778606415778086
Albania,2026,11,11.393435255210534
Albania,2026,12,8.584879804174307
Albania,2027,1,7.70836981393677
Albania,2027,2,7.8723290152311165
Albania,2027,3,10.114076265294898
Albania,2027,4,13.288868155458658
Albania,2027,5,16.443949950870774
Albania,2027,6,18.84105658050703
Albania,2027,7,19.97891362696555
Albania,2027,8,19.615738316450916
Albania,2027,9,17.791740508616385
Albania,2027,10,14.851623686453422
Albania,2027,11,11.467085946221232
Albania,2027,12,8.659320987369028
Albania,2028,1,7.770470536223911
Albania,2028,2,7.939578040562083
Albania,2028,3,10.184615076738737
Albania,2028,4,13.361338814183
Albania,2028,5,16.517425559196454
Albania,2028,6,18.914971744886316
Albania,2028,7,20.05299492103677
Albania,2028,8,19.689934744034872
Albania,2028,9,17.86615396673824
Albania,2028,10,14.926439428360936
Albania,2028,11,11.542503044453952
Albania,2028,12,8.735482796663746
Albania,2029,1,7.833643447739632
Albania,2029,2,8.008104631601782
Albania,2029,3,10.25660040260209
Albania,2029,4,13.435391025716854
Albania,2029,5,16.59258636584218
Albania,2029,6,18.990646877679865
Albania,2029,7,20.128884595605086
Albania,2029,8,19.76596412365052
Albania,2029,9,17.942403625319457
Albania,2029,10,15.003075813511714
Albania,2029,11,11.619708940424061
Albania,2029,12,8.813387787465217
Albania,2030,1,7.897906383915142
Albania,2030,2,8.077927326493409
Albania,2030,3,10.330051430061758
Albania,2030,4,13.511044572559513
Albania,2030,5,16.66945269493681
Albania,2030,6,19.06810279088768
Albania,2030,7,20.206603896888737
Albania,2030,8,19.84384808199775
Albania,2030,9,18.020511437852292
Albania,2030,10,15.081555068431953
Albania,2030,11,11.698726080078814
Albania,2030,12,8.893058571350593
Albania,2031,1,7.963277227504477
Albania,2031,2,8.149064711572464
Albania,2031,3,10.404987395272656
Albania,2031,4,13.588319287021477
Albania,2031,5,16.748044921184373
Albania,2031,6,19.147360347965332
Albania,2031,7,20.28617412332187
Albania,2031,8,19.923608298843646
Albania,2031,9,18.100499411667442
Albania,2031,10,15.161899474348502
Albania,2031,11,11.779576964800981
Albania,2031,12,8.974517816151092
Albania,2032,1,8.029773908722746
Albania,2032,2,8.22153542137039
Albania,2032,3,10.481427583433288
Albania,2032,4,13.667235051202624
Albania,2032,5,16.828383469951405
Albania,2032,6,19.228440463783954
Albania,2032,7,20.367616625598203
Albania,2032,8,20.005266506949738
Albania,2032,9,18.182389607952246
Albania,2032,10,15.244131367148839
Albania,2032,11,11.862284151452513
Albania,2032,12,9.057788246039308
Albania,2033,1,8.09741440520611
Albania,2033,2,8.295358138709162
Albania,2033,3,10.559391328796664
Albania,2033,4,13.747811797123177
Albania,2033,5,16.91048881725237
Albania,2033,6,19.311364104695713
Albania,2033,7,20.450952806703754
Albania,2033,8,20.08884449224297
Albania,2033,9,18.266204141812523
Albania,2033,10,15.328273137421093
Albania,2033,11,11.946870252436383
Albania,2033,12,9.142892641460094
Albania,2034,1,8.166216742077268
Albania,2034,2,8.370551594661265
Albania,2034,3,10.638898014739425
Albania,2034,4,13.830069506683685
Albania,2034,5,16.99438148988429
Albania,2034,6,19.39615228861021
Albania,2034,7,20.5362041219787
Albania,2034,8,20.17436409376114
Albania,2034,9,18.35196518232351
Albania,2034,10,15.414347230555904
Albania,2034,11,12.033357935692948
Albania,2034,12,9.22985383930154
Albania,2035,1,8.236198992043683
Albania,2035,2,8.44713456872796
Albania,2035,3,10.719967073780026
Albania,2035,4,13.914028211792356
Albania,2035,5,17.080082065372153
Albania,2035,6,19.482826085045417
Albania,2035,7,20.62339207914647
Albania,2035,8,20.261847203765683
Albania,2035,9,18.439694952562604
Albania,2035,10,15.502376146735514
Albania,2035,11,12.12176992487457
Albania,2035,12,9.318694732854965
Algeria,2025,1,21.616024549192844
Algeria,2025,2,22.57817454920314
Algeria,2025,3,23.478318062964718
Algeria,2025,4,24.32113686255343
Algeria,2025,5,25.05736209898987
Algeria,2025,6,25.60627529204885
Algeria,2025,7,25.87820932026898
Algeria,2025,8,25.79704941072214
Algeria,2025,9,25.322734129012133
Algeria,2025,10,24.47375636914603
Algeria,2025,11,23.3496643433582
Algeria,2025,12,22.153562572167175
Algeria,2026,1,21.652564790257202
Algeria,2026,2,22.621490772625293
Algeria,2026,3,23.526678897866987
Algeria,2026,4,24.373173074619444
Algeria,2026,5,25.11199705342824
Algeria,2026,6,25.662655416662346
Algeria,2026,7,25.935634568421847
Algeria,2026,8,25.854903724431097
Algeria,2026,9,25.38041590190278
Algeria,2026,10,24.530608909481998
Algeria,2026,11,23.40490633709942
Algeria,2026,12,22.206218545919
Algeria,2027,1,21.689977484756128
Algeria,2027,2,22.665850651847904
Algeria,2027,3,23.576221460280976
Algeria,2027,4,24.426498472636922
Algeria,2027,5,25.168000556460356
Algeria,2027,6,25.720457874181193
Algeria,2027,7,25.99451287289503
Algeria,2027,8,25.914221274379997
Algeria,2027,9,25.4395530649208
Algeria,2027,10,24.58889348525645
Algeria,2027,11,23.461544020444308
Algeria,2027,12,22.260223389764178
Algeria,2028,1,21.728280460401038
Algeria,2028,2,22.711272656412802
Algeria,2028,3,23.62696480782779
Algeria,2028,4,24.48113264865333
Algeria,2028,5,25.225392680888945
Algeria,2028,6,25.779703164383136
Algeria,2028,7,26.054865106726538
Algeria,2028,8,25.975023253196014
Algeria,2028,9,25.50016707658233
Algeria,2028,10,24.64863176716335
Algeria,2028,11,23.519599222524448
Algeria,2028,12,22.315599037528045
Algeria,2029,1,21.76749159271003
Algeria,2029,2,22.757775304483403
Algeria,2029,3,23.67892804762687
Algeria,2029,4,24.537095245018463
Algeria,2029,5,25.284193550524833
Algeria,2029,6,25.840411838901673
Algeria,2029,7,26.11671219566506
Algeria,2029,8,26.03733090699916
Algeria,2029,9,25.56227944967486
Algeria,2029,10,24.709845480939293
Algeria,2029,11,23.57909382838352
Algeria,2029,12,22.372367479846616
Algeria,2030,1,21.807628805073364
Algeria,2030,2,22.805377162870172
Algeria,2030,3,23.73213033621596
Algeria,2030,4,24.594405954275317
Algeria,2030,5,25.34442334025971
Algeria,2030,6,25.90260450122969
Algeria,2030,7,26.180075118089917
Algeria,2030,8,26.101165535395012
Algeria,2030,9,25.625911751308195
Algeria,2030,10,24.772556407487173
Algeria,2030,11,23.640049778955472
Algeria,2030,12,22.430550764002874
Algeria,2031,1,21.848710068771652
Algeria,2031,2,22.854096847110668
Algeria,2031,3,23.78659087966753
Algeria,2031,4,24.653084519360164
Algeria,2031,5,25.406102276131605
Algeria,2031,6,25.966301806850424
Algeria,2031,7,26.24497490520389
Algeria,2031,8,26.166548491565663
Algeria,2031,9,25.691085602936255
Algeria,2031,10,24.83678638283982
Algeria,2031,11,23.702489071162745
Algeria,2031,12,22.49017099411958
Algeria,2032,1,21.890753402986775
Algeria,2032,2,22.903953021462257
Algeria,2032,3,23.842328933603312
Algeria,2032,4,24.713150733504335
Algeria,2032,5,25.469250635332173
Algeria,2032,6,26.0315244631538
Algeria,2032,7,26.31143264091679
Algeria,2032,8,26.233501182244254
Algeria,2032,9,25.757822680422578
Algeria,2032,10,24.902557298247302
Algeria,2032,11,23.76643375796357
Algeria,2032,12,22.55125033108652
Algeria,2033,1,21.933776874918294
Algeria,2033,2,22.954964398978518
Algeria,2033,3,23.899363803234337
Algeria,2033,4,24.774624440387015
Algeria,2033,5,25.533888746257617
Algeria,2033,6,26.098293229596493
Algeria,2033,7,26.379469462001907
Algeria,2033,8,26.302045067820472
Algeria,2033,9,25.826144714051225
Algeria,2033,10,24.96989110024242
Algeria,2033,11,23.831905948359235
Algeria,2033,12,22.61381099270966
Algeria,2034,1,21.977798599768903
Algeria,2034,2,23.007149741545618
Algeria,2034,3,23.957714843400936
Algeria,2034,4,24.83752553411705
Algeria,2034,5,25.600036988610555
Algeria,2034,6,26.16662891769829
Algeria,2034,7,26.449106558125095
Algeria,2034,8,26.37220166239149
Algeria,2034,9,25.89607348863956
Algeria,2034,10,25.03880979060432
Algeria,2034,11,23.898927807441396
Algeria,2034,12,22.677875253711136
Algeria,2035,1,22.02283674082446
Algeria,2035,2,23.060527859915055
Algeria,2035,3,24.017401458652785
Algeria,2035,4,24.901873959316617
Algeria,2035,5,25.667715793305433
Algeria,2035,6,26.236552391049372
Algeria,2035,7,26.520365171830235
Algeria,2035,8,26.443992533732853
Algeria,2035,9,25.96763084350914
Algeria,2035,10,25.109335426485814
Algeria,2035,11,23.967521556490283
Algeria,2035,12,22.743465445725633
American Samoa,2025,1,24.479180549759803
American Samoa,2025,2,26.707826251546976
American Samoa,2025,3,27.92855418369163
American Samoa,2025,4,28.54560337215389
American Samoa,2025,5,28.826621974648333
American Samoa,2025,6,28.92516827070085
American Samoa,2025,7,28.903211651447236
American Samoa,2025,8,28.75363360953361
American Samoa,2025,9,28.422728729067785
American Samoa,2025,10,27.832705675476063
American Samoa,2025,11,26.904188185403655
American Samoa,2025,12,25.57871605659693
American Samoa,2026,1,24.508349310793164
American Samoa,2026,2,26.744972187444546
American Samoa,2026,3,27.971865939195595
American Samoa,2026,4,28.593586926680473
American Samoa,2026,5,28.878031105378795
American Samoa,2026,6,28.978935015526986
American Samoa,2026,7,28.958376771996882
American Samoa,2026,8,28.80927705425802
American Samoa,2026,9,28.477900096201665
American Samoa,2026,10,27.88635467604854
American Samoa,2026,11,26.95509510627471
American Samoa,2026,12,25.62542222351931
American Samoa,2027,1,24.538293105878438
American Samoa,2027,2,26.78305463961533
American Samoa,2027,3,28.016243633713202
American Samoa,2027,4,28.642736300910656
American Samoa,2027,5,28.930678911860923
American Samoa,2027,6,29.03398878499229
American Samoa,2027,7,29.014855276390335
American Samoa,2027,8,28.866240769709293
American Samoa,2027,9,28.534381666079753
American Samoa,2027,10,27.941289374009102
American Samoa,2027,11,27.007251299220115
American Samoa,2027,12,25.67333183466053
American Samoa,2028,1,24.569029738279824
American Samoa,2028,2,26.822092033246918
American Samoa,2028,3,28.061706260611572
American Samoa,2028,4,28.69307100271635
American Samoa,2028,5,28.98458536279668
American Samoa,2028,6,29.090349954895828
American Samoa,2028,7,29.072667893750804
American Samoa,2028,8,28.924545784674592
American Samoa,2028,9,28.592194713489334
American Samoa,2028,10,27.99753123636856
American Samoa,2028,11,27.060678369777634
American Samoa,2028,12,25.722466580388755
American Samoa,2029,1,24.60057705923191
American Samoa,2029,2,26.86210284232675
American Samoa,2029,3,28.108272862919875
American Samoa,2029,4,28.744610590410048
American Samoa,2029,5,29.039770478059836
American Samoa,2029,6,29.148038953016112
American Samoa,2029,7,29.131835406050413
American Samoa,2029,8,28.9842131816049
American Samoa,2029,9,28.651360567612755
American Samoa,2029,10,28.055101785402258
American Samoa,2029,11,27.11539797957903
American Samoa,2029,12,25.772848207973766
American Samoa,2030,1,24.632952968023346
American Samoa,2030,2,26.90310558960573
American Samoa,2030,3,28.15596253322019
American Samoa,2030,4,28.79737467269024
American Samoa,2030,5,29.09625432881603
American Samoa,2030,6,29.207076259172936
American Samoa,2030,7,29.19237864812112
American Samoa,2030,8,29.045264096622304
American Samoa,2030,9,28.711900612158388
American Samoa,2030,10,28.114022598646443
American Samoa,2030,11,27.17143184631732
American Samoa,2030,12,25.82449852157606
American Samoa,2031,1,24.666175411985932
American Samoa,2031,2,26.94511884682015
American Samoa,2031,3,28.204794413865784
American Samoa,2031,4,28.85138290885243
American Samoa,2031,5,29.15405703749002
American Samoa,2031,6,29.267482405354713
American Samoa,2031,7,29.25431850773475
American Samoa,2031,8,29.10771971955637
American Samoa,2031,9,28.773836285356992
American Samoa,2031,10,28.17431530904014
American Samoa,2031,11,27.228801743866825
American Samoa,2031,12,25.877439382359626
American Samoa,2032,1,24.700262386578288
American Samoa,2032,2,26.98816123454253
American Samoa,2032,3,28.254787696850144
American Samoa,2032,4,28.906655008618145
American Samoa,2032,5,29.21319877790029
American Samoa,2032,6,29.329277975656623
American Samoa,2032,7,29.31767592558481
American Samoa,2032,8,29.171601294060565
American Samoa,2032,9,28.837189080016287
American Samoa,2032,10,28.23600160485239
American Samoa,2032,11,27.287529502319558
American Samoa,2032,12,25.93169270841554
American Samoa,2033,1,24.735231935425873
American Samoa,2033,2,27.0322514223526
American Samoa,2033,3,28.305961624043448
American Samoa,2033,4,28.963210732371408
American Samoa,2033,5,29.273699775222667
American Samoa,2033,6,29.392483606382484
American Samoa,2033,7,29.382471895406525
American Samoa,2033,8,29.236930117521297
American Samoa,2033,9,28.901980543564605
American Samoa,2033,10,28.299103229835055
American Samoa,2033,11,27.347637007977937
American Samoa,2033,12,25.98728047495115
American Samoa,2034,1,24.771102150342813
American Samoa,2034,2,27.07740812883003
American Samoa,2034,3,28.358335487039767
American Samoa,2034,4,29.021069891075058
American Samoa,2034,5,29.33558030608856
American Samoa,2034,6,29.45711998610659
American Samoa,2034,7,29.448727463980504
American Samoa,2034,8,29.303727541258013
American Samoa,2034,9,28.968232278101823
American Samoa,2034,10,28.363641983146408
American Samoa,2034,11,27.409146203420278
American Samoa,2034,12,26.044224714257325
American Samoa,2035,1,24.807891171401025
American Samoa,2035,2,27.123650121638093
American Samoa,2035,3,28.411928627382622
American Samoa,2035,4,29.080252346416273
American Samoa,2035,5,29.398860698606768
American Samoa,2035,6,29.52320785567008
American Samoa,2035,7,29.516463731194563
American Samoa,2035,8,29.37201497047954
American Samoa,2035,9,29.03596594046121
American Samoa,2035,10,28.42963971955487
American Samoa,2035,11,27.4720790875881
American Samoa,2035,12,26.102547515712104
Andorra,2025,1,-3.719846150847843
Andorra,2025,2,-2.9437835951021043
Andorra,2025,3,1.0723789701160058
Andorra,2025,4,6.410141048393598
Andorra,2025,5,11.51595920474665
Andorra,2025,6,15.22374805547679
Andorra,2025,7,16.777381258148125
Andorra,2025,8,15.853192501360354
Andorra,2025,9,12.582476494758339
Andorra,2025,10,7.57398995886706
Andorra,2025,11,1.9364526150175152
Andorra,2025,12,-2.6989518247455635
Andorra,2026,1,-3.6528546721556268
Andorra,2026,2,-2.8717335117244147
Andorra,2026,3,1.1474016869078696
Andorra,2026,4,6.486639666681185
Andorra,2026,5,11.592956694986242
Andorra,2026,6,15.300717553499453
Andorra,2026,7,16.85417652819251
Andorra,2026,8,15.929978399090942
Andorra,2026,9,12.659659430283682
Andorra,2026,10,7.652148359779858
Andorra,2026,11,2.0162673893401006
Andorra,2026,12,-2.616766825466584
Andorra,2027,1,-3.584824146516439
Andorra,2027,2,-2.798413966159387
Andorra,2027,3,1.223885720578437
Andorra,2027,4,6.564755413434796
Andorra,2027,5,11.671693599576429
Andorra,2027,6,15.37951774355406
Andorra,2027,7,16.932865277151905
Andorra,2027,8,16.00869458928082
Andorra,2027,9,12.738786015889673
Andorra,2027,10,7.732242829905772
Andorra,2027,11,2.0979922310370966
Andorra,2027,12,-2.5327136642254118
Andorra,2028,1,-3.5157370370970966
Andorra,2028,2,-2.723806678796791
Andorra,2028,3,1.3018500397965909
Andorra,2028,4,6.644507892638103
Andorra,2028,5,11.752190104177316
Andorra,2028,6,15.460169339222375
Andorra,2028,7,17.013468692833158
Andorra,2028,8,16.089362680247177
Andorra,2028,9,12.81987822672545
Andorra,2028,10,7.814295657522052
Andorra,2028,11,2.1816496877590907
Andorra,2028,12,-2.446769587749259
Andorra,2029,1,-3.4455757601563164
Andorra,2029,2,-2.647893322332493
Andorra,2029,3,1.3813136617181954
Andorra,2029,4,6.725916757645791
Andorra,2029,5,11.834466444580357
Andorra,2029,6,15.542693105025137
Andorra,2029,7,17.09600801479337
Andorra,2029,8,16.172004332846882
Andorra,2029,9,12.902958091254732
Andorra,2029,10,7.898329185039074
Andorra,2029,11,2.2672623620937884
Andorra,2029,12,-2.358911786918725
Andorra,2030,1,-3.3743226850338033
Andorra,2030,2,-2.5706555217284404
Andorra,2030,3,1.4622956520734078
Andorra,2030,4,6.809001711132623
Andorra,2030,5,11.918542906704715
Andorra,2030,6,15.627109856465722
Andorra,2030,7,17.18050453437263
Andorra,2030,8,16.256641260592914
Andorra,2030,9,12.98804769140861
Andorra,2030,10,7.984365809051269
Andorra,2030,11,2.3548529116606005
Andorra,2030,12,-2.2691173967932627
Andorra,2031,1,-3.301960134055662
Andorra,2031,2,-2.492074854099883
Andorra,2031,3,1.5448151252212483
Andorra,2031,4,6.893782505231684
Andorra,2031,5,12.004439826757334
Andorra,2031,6,15.713440460077436
Andorra,2031,7,17.266979594755867
Andorra,2031,8,16.343295229607065
Andorra,2031,9,13.075169162530983
Andorra,2031,10,8.072427980460816
Andorra,2031,11,2.444444049201593
Andorra,2031,12,-2.177363496552971
Andorra,2032,1,-3.228470382501655
Andorra,2032,2,-2.412132848762667
Andorra,2032,3,1.6288912441423236
Andorra,2032,4,6.980278941498
Andorra,2032,5,12.092177591185646
Andorra,2032,6,15.801705833474443
Andorra,2032,7,17.355454591038324
Andorra,2032,8,16.43198805870361
Andorra,2032,9,13.164344693498606
Andorra,2032,10,8.162538204459452
Andorra,2032,11,2.5360585425341924
Andorra,2032,12,-2.0836271094694894
Andorra,2033,1,-3.1538356585942893
Andorra,2033,2,-2.330810987105906
Andorra,2033,3,1.7145432205188627
Andorra,2033,4,7.068510871032231
Andorra,2033,5,12.181776636735776
Andorra,2033,6,15.891926945409978
Andorra,2033,7,17.44595097018191
Andorra,2033,8,16.522741619447515
Andorra,2033,9,13.255596526728368
Andorra,2033,10,8.254719040612144
Andorra,2033,11,2.6297192146348607
Andorra,2033,12,-1.9878852028150504
Andorra,2034,1,-3.0780381434151423
Andorra,2034,2,-2.2480907026101704
Andorra,2034,3,1.8017903148074765
Andorra,2034,4,7.15849819444793
Andorra,2034,5,12.273257450547135
Andorra,2034,6,15.984124815772702
Andorra,2034,7,17.538490231204378
Andorra,2034,8,16.615577836183547
Andorra,2034,9,13.348946958217311
Andorra,2034,10,8.348993102871646
Andorra,2034,11,2.7254489437009397
Andorra,2034,12,-1.8901146878733925
Andorra,2035,1,-3.001059970879396
Andorra,2035,2,-2.1639533807710905
Andorra,2035,3,1.8906518361991402
Andorra,2035,4,7.250260861980678
Andorra,2035,5,12.366640570123309
Andorra,2035,6,16.078320515670384
Andorra,2035,7,17.633093925077446
Andorra,2035,8,16.71051868606537
Andorra,2035,9,13.444418337579009
Andorra,2035,10,8.445383059611231
Andorra,2035,11,2.8232706631652036
Andorra,2035,12,-1.7902924198670007
Angola,2025,1,20.436413044769324
Angola,2025,2,21.13004966061726
Angola,2025,3,22.03127504383974
Angola,2025,4,23.020491242460594
Angola,2025,5,23.950138415996662
Angola,2025,6,24.66719582528185
Angola,2025,7,25.03568282244396
Angola,2025,8,24.959159840732354
Angola,2025,9,24.40322938450572
Angola,2025,10,23.418037019012445
Angola,2025,11,22.16077236037472
Angola,2025,12,20.918170065467166
Angola,2026,1,20.47556511210223
Angola,2026,2,21.17564738488454
Angola,2026,3,22.081601995011624
Angola,2026,4,23.07420721635299
Angola,2026,5,24.0062098972312
Angola,2026,6,24.724826450409637
Angola,2026,7,25.09424384286558
Angola,2026,8,25.018120585785255
Angola,2026,9,24.462087724413323
Angola,2026,10,23.47624982797879
Angola,2026,11,22.217685979537237
Angola,2026,12,20.97295076595492
Angola,2027,1,20.51561588079221
Angola,2027,2,21.222318203243958
Angola,2027,3,22.1331429654756
Angola,2027,4,23.129247184603628
Angola,2027,5,24.063686915292237
Angola,2027,6,24.783918239570085
Angola,2027,7,25.154298256756192
Angola,2027,8,25.078586073396764
Angola,2027,9,24.522443793100138
Angola,2027,10,23.53593750645905
Angola,2027,11,22.276038280965622
Angola,2027,12,21.02912315089361
Angola,2028,1,20.556583180667985
Angola,2028,2,21.270080593615603
Angola,2028,3,22.1859170275211
Angola,2028,4,23.185630760218373
Angola,2028,5,24.122589570096352
Angola,2028,6,24.844491725937587
Angola,2028,7,25.215866976855068
Angola,2028,8,25.140577542141727
Angola,2028,9,24.584319101247274
Angola,2028,10,23.597121783594957
Angola,2028,11,22.335851158525657
Angola,2028,12,21.086709225132836
Angola,2029,1,20.598484889328574
Angola,2029,2,21.31895308250114
Angola,2029,3,22.23994330284495
Angola,2029,4,23.243377606356262
Angola,2029,5,24.182938012597333
Angola,2029,6,24.906567494542287
Angola,2029,7,25.278970968521207
Angola,2029,8,25.20411628407328
Angola,2029,9,24.647735213865417
Angola,2029,10,23.65982444360725
Angola,2029,11,22.39714656191154
Angola,2029,12,21.14573105022737
Angola,2030,1,20.641338932154213
Angola,2030,2,21.368954244969245
Angola,2030,3,22.29524096250043
Angola,2030,4,23.302507436369524
Angola,2030,5,24.244752444731603
Angola,2030,6,24.970166182200956
Angola,2030,7,25.343631249747887
Angola,2030,8,25.26922364460279
Angola,2030,9,24.712713750112925
Angola,2030,10,23.724067325697433
Angola,2030,11,22.459946496725934
Angola,2030,12,21.206210744364398
Angola,2031,1,20.685163282350004
Angola,2031,2,21.42010270476476
Angola,2031,3,22.351829227068265
Angola,2031,4,23.36304001391636
Angola,2031,5,24.308053119530996
Angola,2031,6,25.03530847761158
Angola,2031,7,25.409868891220867
Angola,2031,8,25.335921022689035
Angola,2031,9,24.779276383521392
Angola,2031,10,23.78987232426607
Angola,2031,11,22.524273024461763
Angola,2031,12,21.268170482465393
Angola,2032,1,20.729975961025957
Angola,2032,2,21.472417134286843
Angola,2032,3,22.409727366536572
Angola,2032,4,23.424995152913652
Angola,2032,5,24.372860341130036
Angola,2032,6,25.102015121397017
Angola,2032,7,25.477705016340224
Angola,2032,8,25.404229870812742
Angola,2032,9,24.847444841911965
Angola,2032,10,23.857261388781808
Angola,2032,11,22.590148262553157
Angola,2032,12,21.331632496251586
Angola,2033,1,20.775795037196986
Angola,2033,2,21.525916254709045
Angola,2033,3,22.468954700515496
Angola,2033,4,23.48839271766792
Angola,2033,5,24.43919446482778
Angola,2033,6,25.17030690617412
Angola,2033,7,25.54716080127855
Angola,2033,8,25.47417169504206
Angola,2033,9,24.91724090754451
Angola,2033,10,23.926256523963275
Angola,2033,11,22.65759438448822
Angola,2033,12,21.396619074218506
Angola,2034,1,20.822638627877495
Angola,2034,2,21.580618835961104
Angola,2034,3,22.529530598149904
Angola,2034,4,23.553252622857144
Angola,2034,5,24.50707589711692
Angola,2034,6,25.240204676531903
Angola,2034,7,25.618257475068276
Angola,2034,8,25.54576805506531
Angola,2034,9,24.988686417066674
Angola,2034,10,23.99687978973907
Angola,2034,11,22.726633619772656
Angola,2034,12,21.463152561730567
Angola,2035,1,20.87052489805592
Angola,2035,2,21.636543696790795
Angola,2035,3,22.59147447824307
Angola,2035,4,23.619594833599876
Angola,2035,5,24.576525095742
Angola,2035,6,25.311729329111586
Angola,2035,7,25.691016319539813
Angola,2035,8,25.61904056424919
Angola,2035,9,25.061803261666682
Angola,2035,10,24.06915330137872
Angola,2035,11,22.797288254002524
Angola,2035,12,21.53125536108655
Anguilla,2025,1,24.123186655150676
Anguilla,2025,2,26.0998310818768
Anguilla,2025,3,27.231781789222623
Anguilla,2025,4,27.858013784746618
Anguilla,2025,5,28.19431636574609
Anguilla,2025,6,28.355794109124872
Anguilla,2025,7,28.379367861355604
Anguilla,2025,8,28.246275728285582
Anguilla,2025,9,27.904574065073575
Anguilla,2025,10,27.291638466144832
Anguilla,2025,11,26.35666475499329
Anguilla,2025,12,25.08316997413658
Anguilla,2026,1,24.15341414123486
Anguilla,2026,2,26.13782620623988
Anguilla,2026,3,27.27574952836312
Anguilla,2026,4,27.906483717241827
Anguilla,2026,5,28.246073135223014
Anguilla,2026,6,28.40980788734032
Anguilla,2026,7,28.434724811108936
Anguilla,2026,8,28.302108466553364
Anguilla,2026,9,27.959992125984172
Anguilla,2026,10,27.3456587639821
Anguilla,2026,11,26.408142047189358
Anguilla,2026,12,25.13072732436649
Anguilla,2027,1,24.184433905936203
Anguilla,2027,2,26.1767766242383
Anguilla,2027,3,27.3208033429446
Anguilla,2027,4,27.956140791143298
Anguilla,2027,5,28.29909091371246
Anguilla,2027,6,28.46513186120228
Anguilla,2027,7,28.491418979724585
Anguilla,2027,8,28.359285800824182
Anguilla,2027,9,28.01674503142658
Anguilla,2027,10,27.4009895436875
Anguilla,2027,11,26.460893364918775
Anguilla,2027,12,25.179512667496056
Anguilla,2028,1,24.2162637583142
Anguilla,2028,2,26.21670077010731
Anguilla,2028,3,27.366962238586893
Anguilla,2028,4,28.007004529798905
Anguilla,2028,5,28.35338968857559
Anguilla,2028,6,28.521786428439555
Anguilla,2028,7,28.549471121493298
Anguilla,2028,8,28.417828788286897
Anguilla,2028,9,28.074854087765743
Anguilla,2028,10,27.4576523071637
Anguilla,2028,11,26.514940351848963
Anguilla,2028,12,25.229547735260894
Anguilla,2029,1,24.248921555391462
Anguilla,2029,2,26.257617126794685
Anguilla,2029,3,27.41424527050276
Anguilla,2029,4,28.05909450697527
Anguilla,2029,5,28.40898949840721
Anguilla,2029,6,28.579792038753112
Anguilla,2029,7,28.60890204352927
Anguilla,2029,8,28.477758539761453
Anguilla,2029,9,28.134340655845335
Anguilla,2029,10,27.515668611505134
Anguilla,2029,11,26.570304707632204
Anguilla,2029,12,25.28085431620002
Anguilla,2030,1,24.282425202190097
Anguilla,2030,2,26.299544226084436
Anguilla,2030,3,27.462671543548822
Anguilla,2030,4,28.112430346835936
Anguilla,2030,5,28.465910433021236
Anguilla,2030,6,28.63916919386702
Anguilla,2030,7,28.66973260578834
Anguilla,2030,8,28.539096219698877
Anguilla,2030,9,28.19522615092228
Anguilla,2030,10,27.57506006909989
Anguilla,2030,11,26.627008188076616
Anguilla,2030,12,25.33345425576499
Anguilla,2031,1,24.316792651749893
Anguilla,2031,2,26.342500648604073
Anguilla,2031,3,27.512260212196452
Anguilla,2031,4,28.167031724025037
Anguilla,2031,5,28.52417263348343
Anguilla,2031,6,28.699938447608474
Anguilla,2031,7,28.73198372114075
Anguilla,2031,8,28.60186304630497
Anguilla,2031,9,28.25753204279772
Anguilla,2031,10,27.635848347636966
Anguilla,2031,11,26.68507260503702
Anguilla,2031,12,25.38736945635992
Anguilla,2032,1,24.352041905222904
Anguilla,2032,2,26.386505023857353
Anguilla,2032,3,27.563030480611815
Anguilla,2032,4,28.222918363714598
Anguilla,2032,5,28.583796292216903
Anguilla,2032,6,28.762120405929636
Anguilla,2032,7,28.79567635534204
Anguilla,2032,8,28.666080291478465
Anguilla,2032,9,28.321279855806097
Anguilla,2032,10,27.69805517014629
Anguilla,2032,11,26.744519826575015
Anguilla,2032,12,25.44262187729055
Anguilla,2033,1,24.388191011880735
Anguilla,2033,2,26.431576030304313
Anguilla,2033,3,27.615001602768643
Anguilla,2033,4,28.28011004156815
Anguilla,2033,5,28.644801652969363
Anguilla,2033,6,28.82573572692945
Anguilla,2033,7,28.860831527171285
Anguilla,2033,8,28.731769280909248
Anguilla,2033,9,28.386491168866087
Anguilla,2033,10,27.761702315096954
Anguilla,2033,11,26.80537177696624
Anguilla,2033,12,25.49923353495342
Anguilla,2034,1,24.425258069183656
Anguilla,2034,2,26.477732395415842
Anguilla,2034,3,27.668192882368203
Anguilla,2034,4,28.338626583922633
Anguilla,2034,5,28.707209010925908
Anguilla,2034,6,28.890805120984623
Anguilla,2034,7,28.927470308427473
Anguilla,2034,8,28.798951394151118
Anguilla,2034,9,28.453187615557
Anguilla,2034,10,27.826811616400846
Anguilla,2034,11,26.86765043672949
Anguilla,2034,12,25.55722650278858
Anguilla,2035,1,24.46326122278424
Anguilla,2035,2,26.524992895662763
Anguilla,2035,3,27.72262367298481
Anguilla,2035,4,28.398487867704716
Anguilla,2035,5,28.771038712694462
Anguilla,2035,6,28.957349350651384
Anguilla,2035,7,28.995613823958593
Anguilla,2035,8,28.8676480646036
Anguilla,2035,9,28.52139088412241
Anguilla,2035,10,27.893404963416288
Anguilla,2035,11,26.931377842681286
Anguilla,2035,12,25.616622911323248
Antigua and Barbuda,2025,1,24.141979139844807
Antigua and Barbuda,2025,2,26.13068675258637
Antigua and Barbuda,2025,3,27.266688068845724
Antigua and Barbuda,2025,4,27.892195174646076
Antigua and Barbuda,2025,5,28.22556870601784
Antigua and Barbuda,2025,6,28.383818838960906
Antigua and Barbuda,2025,7,28.405106279319625
Antigua and Barbuda,2025,8,28.271243252628665
Antigua and Barbuda,2025,9,27.93019449410076
Antigua and Barbuda,2025,10,27.31857823846167
Antigua and Barbuda,2025,11,26.384167209825137
Antigua and Barbuda,2025,12,25.10838961166246
Antigua and Barbuda,2026,1,24.172152510259366
Antigua and Barbuda,2026,2,26.168638039290272
Antigua and Barbuda,2026,3,27.31062146794011
Antigua and Barbuda,2026,4,27.94063912337242
Antigua and Barbuda,2026,5,28.27730634579075
Antigua and Barbuda,2026,6,28.43781847835362
Antigua and Barbuda,2026,7,28.460451857060434
Antigua and Barbuda,2026,8,28.32706480071738
Antigua and Barbuda,2026,9,27.98559860073601
Antigua and Barbuda,2026,10,27.372578511080974
Antigua and Barbuda,2026,11,26.435614738134063
Antigua and Barbuda,2026,12,25.155903430674698
Antigua and Barbuda,2027,1,24.20311731602942
Antigua and Barbuda,2027,2,26.20754369985025
Antigua and Barbuda,2027,3,27.35563995480061
Antigua and Barbuda,2027,4,27.990269166571125
Antigua and Barbuda,2027,5,28.330303896976147
Antigua and Barbuda,2027,6,28.493127173810535
Antigua and Barbuda,2027,7,28.517133480699158
Antigua and Barbuda,2027,8,28.384229747091922
Antigua and Barbuda,2027,9,28.042336338051427
Antigua and Barbuda,2027,10,27.42788804425163
Antigua and Barbuda,2027,11,26.488335071805523
Antigua and Barbuda,2027,12,25.20464403218375
Antigua and Barbuda,2028,1,24.234891365970725
Antigua and Barbuda,2028,2,26.247422168083176
Antigua and Barbuda,2028,3,27.40176253446134
Antigua and Barbuda,2028,4,28.041104826847914
Antigua and Barbuda,2028,5,28.384581346083905
Antigua and Barbuda,2028,6,28.549765321998166
Antigua and Barbuda,2028,7,28.575171903311457
Antigua and Barbuda,2028,8,28.44275914755508
Antigua and Barbuda,2028,9,28.100429010924017
Antigua and Barbuda,2028,10,27.48452833819192
Antigua and Barbuda,2028,11,26.54234985262974
Antigua and Barbuda,2028,12,25.254633145884327
Antigua and Barbuda,2029,1,24.26749251684032
Antigua and Barbuda,2029,2,26.288291926511192
Antigua and Barbuda,2029,3,27.44900826157118
Antigua and Barbuda,2029,4,28.093165677216348
Antigua and Barbuda,2029,5,28.44015873076296
Antigua and Barbuda,2029,6,28.607753371533363
Antigua and Barbuda,2029,7,28.634587930778252
Antigua and Barbuda,2029,8,28.502674111544366
Antigua and Barbuda,2029,9,28.159897978582194
Antigua and Barbuda,2029,10,27.542520948250058
Antigua and Barbuda,2029,11,26.597680778403628
Antigua and Barbuda,2029,12,25.30589255828545
Antigua and Barbuda,2030,1,24.300938673347446
Antigua and Barbuda,2030,2,26.330171506467195
Antigua and Barbuda,2030,3,27.497396240353737
Antigua and Barbuda,2030,4,28.14647134108327
Antigua and Barbuda,2030,5,28.497056139914093
Antigua and Barbuda,2030,6,28.66711182308518
Antigua and Barbuda,2030,7,28.695402421825747
Antigua and Barbuda,2030,8,28.56399580213565
Antigua and Barbuda,2030,9,28.220764654769482
Antigua and Barbuda,2030,10,27.60188748510427
Antigua and Barbuda,2030,11,26.654349603029004
Antigua and Barbuda,2030,12,25.358444112819598
Antigua and Barbuda,2031,1,24.33524778831361
Antigua and Barbuda,2031,2,26.37307948817852
Antigua and Barbuda,2031,3,27.546945624712862
Antigua and Barbuda,2031,4,28.201041492354307
Antigua and Barbuda,2031,5,28.55529371371904
Antigua and Barbuda,2031,6,28.727861229411246
Antigua and Barbuda,2031,7,28.75763628806908
Antigua and Barbuda,2031,8,28.62674543610865
Antigua and Barbuda,2031,9,28.283050507729968
Antigua and Barbuda,2031,10,27.662649614740985
Antigua and Barbuda,2031,11,26.712378136498046
Antigua and Barbuda,2031,12,25.412309709820875
Antigua and Barbuda,2032,1,24.370437862610743
Antigua and Barbuda,2032,2,26.41703450071236
Antigua and Barbuda,2032,3,27.597675618243557
Antigua and Barbuda,2032,4,28.25689585543023
Antigua and Barbuda,2032,5,28.614891643655028
Antigua and Barbuda,2032,6,28.79002219539052
Antigua and Barbuda,2032,7,28.82131049407053
Antigua and Barbuda,2032,8,28.690944284005127
Antigua and Barbuda,2032,9,28.3467770602374
Antigua and Barbuda,2032,10,27.724829058487558
Antigua and Barbuda,2032,11,26.771788245027892
Antigua and Barbuda,2032,12,25.4675113066196
Antigua and Barbuda,2033,1,24.406526945233963
Antigua and Barbuda,2033,2,26.462055222124945
Antigua and Barbuda,2033,3,27.64960547431565
Antigua and Barbuda,2033,4,28.314054205279717
Antigua and Barbuda,2033,5,28.675870172611212
Antigua and Barbuda,2033,6,28.853615378077848
Antigua and Barbuda,2033,7,28.886446057375906
Antigua and Barbuda,2033,8,28.756613670114348
Antigua and Barbuda,2033,9,28.41196588967523
Antigua and Barbuda,2033,10,27.788447593095952
Antigua and Barbuda,2033,11,26.832601851024265
Antigua and Barbuda,2033,12,25.52407091754958
Antigua and Barbuda,2034,1,24.44353313339252
Antigua and Barbuda,2034,2,26.50816037941422
Antigua and Barbuda,2034,3,27.702754496051966
Antigua and Barbuda,2034,4,28.372536367421162
Antigua and Barbuda,2034,5,28.73824959483045
Antigua and Barbuda,2034,6,28.918661486725796
Antigua and Barbuda,2034,7,28.953064048536362
Antigua and Barbuda,2034,8,28.82377497260768
Antigua and Barbuda,2034,9,28.47863862806571
Antigua and Barbuda,2034,10,27.853527050757293
Antigua and Barbuda,2034,11,26.89484093309602
Antigua and Barbuda,2034,12,25.582010614017236
Antigua and Barbuda,2035,1,24.481474572477055
Antigua and Barbuda,2035,2,26.555368748647197
Antigua and Barbuda,2035,3,27.75714203644111
Antigua and Barbuda,2035,4,28.43236221810821
Antigua and Barbuda,2035,5,28.80205025605119
Antigua and Barbuda,2035,6,28.985181282890153
Antigua and Barbuda,2035,7,29.02118559119208
Antigua and Barbuda,2035,8,28.892449623487664
Antigua and Barbuda,2035,9,28.54681696213902
Antigua and Barbuda,2035,10,27.920089319152794
Antigua and Barbuda,2035,11,26.958527526229773
Antigua and Barbuda,2035,12,25.641352524548893
Argentina,2025,1,10.76665926255464
Argentina,2025,2,10.839503482527107
Argentina,2025,3,12.622526365551494
Argentina,2025,4,15.197805969762157
Argentina,2025,5,17.7898015370929
Argentina,2025,6,19.787854483057345
Argentina,2025,7,20.768689386751248
Argentina,2025,8,20.518914980665613
Argentina,2025,9,19.05752514062715
Argentina,2025,10,16.658399875698706
Argentina,2025,11,13.872806318039693
Argentina,2025,12,11.551899712872
Argentina,2026,1,10.822691985868914
Argentina,2026,2,10.900473730664999
Argentina,2026,3,12.686694655299107
Argentina,2026,4,15.263901392013395
Argentina,2026,5,17.856952219816776
Argentina,2026,6,19.855518054370805
Argentina,2026,7,20.836583437864647
Argentina,2026,8,20.586947528981
Argentina,2026,9,19.125725092716493
Argentina,2026,10,16.726847490322143
Argentina,2026,11,13.941563669171046
Argentina,2026,12,11.620941152691557
Argentina,2027,1,10.879743393373246
Argentina,2027,2,10.962659549372802
Argentina,2027,3,12.752239726477455
Argentina,2027,4,15.331501648482117
Argentina,2027,5,17.9257051488903
Argentina,2027,6,19.92485316094553
Argentina,2027,7,20.906192707415357
Argentina,2027,8,20.656715890579108
Argentina,2027,9,19.195660882037373
Argentina,2027,10,16.797012912707032
Argentina,2027,11,14.01200526259072
Argentina,2027,12,11.691620250815504
Argentina,2028,1,10.937831262756845
Argentina,2028,2,11.026079405489327
Argentina,2028,3,12.819180681360194
Argentina,2028,4,15.400626423129324
Argentina,2028,5,17.996080536279806
Argentina,2028,6,19.995880489060255
Argentina,2028,7,20.977538302283392
Argentina,2028,8,20.728241539222836
Argentina,2028,9,19.26735429557175
Argentina,2028,10,16.868918189270516
Argentina,2028,11,14.084153350479937
Argentina,2028,12,11.763959411408905
Argentina,2029,1,10.996973419064489
Argentina,2029,2,11.090751813998395
Argentina,2029,3,12.887536671166345
Argentina,2029,4,15.471295449723584
Argentina,2029,5,18.068098644585007
Argentina,2029,6,20.06862077644564
Argentina,2029,7,21.050641381539208
Argentina,2029,8,20.80154600167316
Argentina,2029,9,19.340827174041806
Argentina,2029,10,16.942585421061267
Argentina,2029,11,14.158030240459084
Argentina,2029,12,11.837981094963652
Argentina,2030,1,11.057187734802028
Argentina,2030,2,11.156695338152531
Argentina,2030,3,12.957326896183986
Argentina,2030,4,15.54352851186286
Argentina,2030,5,18.1417797870281
Argentina,2030,6,20.143094812204254
Argentina,2030,7,21.12552315658195
Argentina,2030,8,20.876650857838285
Argentina,2030,9,19.416101412113676
Argentina,2030,10,17.018036763832242
Argentina,2030,11,14.23365829562772
Argentina,2030,12,11.9137078183021
Argentina,2031,1,11.118492129900005
Argentina,2031,2,11.223928589447496
Argentina,2031,3,13.028570605748428
Argentina,2031,4,15.617345443076374
Argentina,2031,5,18.21714432754834
Argentina,2031,6,20.219323437043386
Argentina,2031,7,21.202204891084875
Argentina,2031,8,20.953577740700894
Argentina,2031,9,19.49319895842291
Argentina,2031,10,17.09529442807343
Argentina,2031,11,14.311059934728291
Argentina,2031,12,11.991162154580707
Argentina,2032,1,11.180904571851897
Argentina,2032,2,11.292470227738704
Argentina,2032,3,13.101287098376815
Argentina,2032,4,15.69276612680278
Argentina,2032,5,18.294212680856617
Argentina,2032,6,20.297327543180472
Argentina,2032,7,21.28070790107904
Argentina,2032,8,21.032348336412724
Argentina,2032,9,19.572141815530813
Argentina,2032,10,17.17438067908097
Argentina,2032,11,14.390257631993336
Argentina,2032,12,12.070366733373703
Argentina,2033,1,11.244443075677736
Argentina,2033,2,11.36233896120848
Argentina,2033,3,13.17549572174994
Argentina,2033,4,15.76981049645201
Argentina,2033,5,18.373005312409987
Argentina,2033,6,20.377128074423126
Argentina,2033,7,21.36105355505515
Argentina,2033,8,21.11298438440008
Argentina,2033,9,19.65295204004451
Argentina,2033,10,17.25531783695351
Argentina,2033,11,14.471273917378312
Argentina,2033,12,12.151344240680373
Argentina,2034,1,11.309125704007783
Argentina,2034,2,11.433553546493386
Argentina,2034,3,13.251215872737703
Argentina,2034,4,15.848498535514409
Argentina,2034,5,18.453542738524447
Argentina,2034,6,20.458746026249173
Argentina,2034,7,21.443263273898083
Argentina,2034,8,21.195507677265596
Argentina,2034,9,19.735651742638765
Argentina,2034,10,17.338128276715906
Argentina,2034,11,14.554131376445184
Argentina,2034,12,12.234117419016002
Argentina,2035,1,11.374970567126184
Argentina,2035,2,11.506132788662399
Argentina,2035,3,13.328466997508258
Argentina,2035,4,15.928850277506172
Argentina,2035,5,18.535845526404046
Argentina,2035,6,20.54220244582848
Argentina,2035,7,21.52735853103968
Argentina,2035,8,21.2799400609847
Argentina,2035,9,19.82026308811055
Argentina,2035,10,17.4228344282501
Argentina,2035,11,14.638852650569788
Argentina,2035,12,12.318709067426425
Armenia,2025,1,-1.9342100417006804
Armenia,2025,2,-1.2632801479257978
Armenia,2025,3,2.472168475579565
Armenia,2025,4,7.474188673172648
Armenia,2025,5,12.282395058450675
Armenia,2025,6,15.796465004173115
Armenia,2025,7,17.298639632209415
Armenia,2025,8,16.476224803312107
Armenia,2025,9,13.444092107155484
Armenia,2025,10,8.767179852137815
Armenia,2025,11,3.4829940553290726
Armenia,2025,12,-0.875890567690476
Armenia,2026,1,-1.8675017034101984
Armenia,2026,2,-1.1916759280056795
Armenia,2026,3,2.54664459552896
Armenia,2026,4,7.550087099044504
Armenia,2026,5,12.358771046679067
Armenia,2026,6,15.872809124758533
Armenia,2026,7,17.374808231682437
Armenia,2026,8,16.552370467835317
Armenia,2026,9,13.520594125498064
Armenia,2026,10,8.844574678668323
Armenia,2026,11,3.56190577306279
Armenia,2026,12,-0.7948197840551074
Armenia,2027,1,-1.799748469368751
Armenia,2027,2,-1.1188007769078467
Armenia,2027,3,2.622579476607825
Armenia,2027,4,7.627596427985736
Armenia,2027,5,12.436876909353487
Armenia,2027,6,15.950971438011948
Armenia,2027,7,17.45285520638663
Armenia,2027,8,16.630429071902654
Armenia,2027,9,13.599020546837892
Armenia,2027,10,8.923884788314354
Armenia,2027,11,3.642705588100398
Armenia,2027,12,-0.7119036373978815
Armenia,2028,1,-1.7309327625544029
Armenia,2028,2,-1.0446363814544384
Armenia,2028,3,2.699992114457018
Armenia,2028,4,7.706736284414546
Armenia,2028,5,12.516732845918341
Armenia,2028,6,16.03097266473651
Armenia,2028,7,17.53280174473275
Armenia,2028,8,16.71042221778862
Armenia,2028,9,13.679393333718508
Armenia,2028,10,9.005132450119163
Armenia,2028,11,3.725416022302852
Armenia,2028,12,-0.627119406820384
Armenia,2029,1,-1.6610369589679976
Armenia,2029,2,-0.9691643806718275
Armenia,2029,3,2.778901553328069
Armenia,2029,4,7.787526342094679
Armenia,2029,5,12.598359106007592
Armenia,2029,6,16.1128335766889
Armenia,2029,7,17.614669086910908
Armenia,2029,8,16.79237156047475
Armenia,2029,9,13.76173450209626
Armenia,2029,10,9.08833998733553
Armenia,2029,11,3.81005965249733
Armenia,2029,12,-0.5404443155375702
Armenia,2030,1,-1.5900433876040552
Armenia,2030,2,-0.8923663657833458
Armenia,2030,3,2.8593268860649914
Armenia,2030,4,7.86998632425184
Armenia,2030,5,12.681775989492053
Armenia,2030,6,16.196574996699383
Armenia,2030,7,17.698478524988786
Armenia,2030,8,16.876298807507737
Armenia,2030,9,13.846066121369404
Armenia,2030,10,9.173529777502154
Armenia,2030,11,3.8966591106336637
Armenia,2030,12,-0.4518555309286967
Armenia,2031,1,-1.5179343304143913
Armenia,2031,2,-0.8142238801401618
Armenia,2031,3,2.941287254173403
Armenia,2031,4,7.954136003591884
Armenia,2031,5,12.767003846526677
Armenia,2031,6,16.282217798682723
Armenia,2031,7,17.784251402933478
Armenia,2031,8,16.962225719228627
Armenia,2031,9,13.932410314487242
Armenia,2031,10,9.26072425248367
Armenia,2031,11,3.985237083795255
Armenia,2031,12,-0.3613301643954401
Armenia,2032,1,-1.4446920222681001
Armenia,2032,2,-0.7347184192176428
Armenia,2032,3,3.0248018478969243
Armenia,2032,4,8.03999520231173
Armenia,2032,5,12.854063077601495
Armenia,2032,6,16.369782907670924
Armenia,2032,7,17.872009116633308
Armenia,2032,8,17.050174108667306
Armenia,2032,9,14.020789257931938
Armenia,2032,10,9.34994589850703
Armenia,2032,11,4.075816314228177
Armenia,2032,12,-0.26884527138008707
Armenia,2033,1,-1.3702986508569666
Armenia,2033,2,-0.6538314305062158
Armenia,2033,3,3.1098899062390046
Armenia,2033,4,8.127583792183032
Armenia,2033,5,12.942974133563439
Armenia,2033,6,16.459291299915094
Armenia,2033,7,17.961773114006974
Armenia,2033,8,17.140165841684393
Armenia,2033,9,14.111225181838563
Armenia,2033,10,9.44121725621244
Armenia,2033,11,4.168419599424851
Armenia,2033,12,-0.17437785128186079
Armenia,2034,1,-1.2947363567282082
Armenia,2034,2,-0.5715443135404712
Armenia,2034,3,3.19657071695201
Armenia,2034,4,8.21692169459584
Armenia,2034,5,13.033757515692741
Armenia,2034,6,16.550764002859978
Armenia,2034,7,18.053564894956253
Armenia,2034,8,17.232222836971232
Armenia,2034,9,14.203740369904153
Armenia,2034,10,9.534560920682452
Armenia,2034,11,4.263069792094939
Armenia,2034,12,-0.07790484742417902
Armenia,2035,1,-1.2179872331789738
Armenia,2035,2,-0.4878384197900232
Armenia,2035,3,3.284863616679104
Armenia,2035,4,8.308028880580423
Armenia,2035,5,13.12643377571385
Armenia,2035,6,16.64422209521672
Armenia,2035,7,18.147406011504245
Armenia,2035,8,17.326367066086277
Armenia,2035,9,14.298357159587795
Armenia,2035,10,9.629999541543839
Armenia,2035,11,4.359789800303588
Armenia,2035,12,0.020596852974449575
Australia,2025,1,20.60012980562624
Australia,2025,2,21.32636575300876
Australia,2025,3,22.224928036671372
Australia,2025,4,23.19276503263336
Australia,2025,5,24.095395201818064
Australia,2025,6,24.789408079960594
Australia,2025,7,25.14496526754465
Australia,2025,8,25.06830141959381
Australia,2025,9,24.52422523570658
Australia,2025,10,23.55862044983678
Australia,2025,11,22.320946820266727
Australia,2025,12,21.086741119460385
Australia,2026,1,20.63892881069205
Australia,2026,2,21.371653098952265
Australia,2026,3,22.27498558224488
Australia,2026,4,23.24624898229831
Australia,2026,5,24.151266568756
Australia,2026,6,24.846863149105957
Australia,2026,7,25.203366058566644
Australia,2026,8,25.127106149983774
Australia,2026,9,24.582918783738023
Australia,2026,10,23.616644817605447
Australia,2026,11,22.377631596701576
Australia,2026,12,21.141233943356383
Australia,2027,1,20.678623135955604
Australia,2027,2,21.418009728405195
Australia,2027,3,22.326252952055256
Australia,2027,4,23.301052391762823
Australia,2027,5,24.208538643340034
Australia,2027,6,24.905774303487306
Australia,2027,7,25.26325495961737
Australia,2027,8,25.187410179781182
Australia,2027,9,24.643104502615643
Australia,2027,10,23.676138427164005
Australia,2027,11,22.435749402823603
Australia,2027,12,21.197112819217182
Australia,2028,1,20.719230611143757
Australia,2028,2,21.46545411835632
Australia,2028,3,22.378749216605684
Australia,2028,4,23.35719487136612
Australia,2028,5,24.2672315220816
Australia,2028,6,24.966162072033512
Australia,2028,7,25.324652878302913
Australia,2028,8,25.249234741620057
Australia,2028,9,24.70480389628665
Australia,2028,10,23.737123000054453
Australia,2028,11,22.49532212404756
Australia,2028,12,21.254399742590067
Australia,2029,1,20.760769113724564
Australia,2029,2,21.514004794310495
Australia,2029,3,22.432493495795825
Australia,2029,4,23.414696081669717
Australia,2029,5,24.327365352427478
Australia,2029,6,25.02804703543825
Australia,2029,7,25.38758077485636
Australia,2029,8,25.312601121525404
Australia,2029,9,24.76803852287503
Australia,2029,10,23.79962031278137
Australia,2029,11,22.556371701551143
Australia,2029,12,21.313116765698396
Australia,2030,1,20.803256568958204
Australia,2030,2,21.56368033040144
Australia,2030,3,22.487504958896352
Australia,2030,4,23.47357573339559
Australia,2030,5,24.38896033286892
Australia,2030,6,25.091449826221833
Australia,2030,7,25.45205966213416
Australia,2030,8,25.377530658978685
Australia,2030,9,24.832829994768872
Australia,2030,10,23.863652196961084
Australia,2030,11,22.61892013247507
Australia,2030,12,21.37328599745615
Australia,2031,1,20.846710949958833
Australia,2031,2,21.61449934943903
Australia,2031,3,22.54380282468719
Australia,2031,4,23.533853587575322
Australia,2031,5,24.452036713014422
Australia,2031,6,25.156391128833093
Australia,2031,7,25.518110605692527
Australia,2031,8,25.444044746986947
Australia,2031,9,24.899199978693105
Australia,2031,10,23.929240539350758
Australia,2031,11,22.682989469857603
Australia,2031,12,21.43492960346066
Australia,2032,1,20.891150277730958
Australia,2032,2,21.66648052290202
Australia,2032,3,22.60140636142114
Australia,2032,4,23.595549455535547
Australia,2032,5,24.516614793520603
Australia,2032,6,25.22289167960571
Australia,2032,7,25.585754723852915
Australia,2032,8,25.51216483207554
Australia,2032,9,24.96717019573134
Australia,2032,10,23.996407281793836
Australia,2032,11,22.748601822685487
Australia,2032,12,21.498069806130843
Australia,2033,1,20.93659262120582
Australia,2033,2,21.719642571018085
Australia,2033,3,22.66033488694029
Australia,2033,4,23.658683198981635
Australia,2033,5,24.582714926270455
Australia,2033,6,25.290972266856443
Australia,2033,7,25.65501318765837
Australia,2033,8,25.581912414364524
Australia,2033,9,25.036762421322237
Australia,2033,10,24.06517442141285
Australia,2033,11,22.81577935597761
Australia,2033,12,21.562728884707212
Australia,2034,1,20.983056097295957
Australia,2034,2,21.774004262796552
Australia,2034,3,22.720607768606897
Australia,2034,4,23.723274730008598
Australia,2034,5,24.650357514333336
Australia,2034,6,25.360653730939703
Australia,2034,7,25.725907221033594
Australia,2034,8,25.6533090476305
Australia,2034,9,25.10799848537954
Australia,2034,10,24.135564010536655
Australia,2034,11,22.88454429081048
Australia,2034,12,21.62892917528461
Australia,2035,1,21.030558870938876
Australia,2035,2,21.829584416086618
Australia,2035,3,22.782244423510747
Australia,2035,4,23.789344011133835
Australia,2035,5,24.71956301203045
Australia,2035,6,25.43195696424391
Australia,2035,7,25.79845810075949
Australia,2035,8,25.72637633928116
Australia,2035,9,25.18090027229573
Australia,2035,10,24.207598156820495
Australia,2035,11,22.95491890436915
Australia,2035,12,21.696693070866786
Austria,2025,1,-1.8113818999145224
Austria,2025,2,-1.1478515567823706
Austria,2025,3,2.568101998223028
Austria,2025,4,7.546824658959849
Austria,2025,5,12.334345602587746
Austria,2025,6,15.834878279420991
Austria,2025,7,17.333321402879847
Austria,2025,8,16.517759939321877
Austria,2025,9,13.501966097978766
Austria,2025,10,8.847900320864028
Austria,2025,11,3.5882122726370653
Austria,2025,12,-0.7512581694782057
Austria,2026,1,-1.7447051749031743
Austria,2026,2,-1.0762884793648482
Austria,2026,3,2.6425314981288466
Austria,2026,4,7.622674020550221
Austria,2026,5,12.410672097202223
Austria,2026,6,15.911173473578856
Austria,2026,7,17.409441621280166
Austria,2026,8,16.593856727854472
Austria,2026,9,13.578416686778837
Austria,2026,10,8.92523808729402
Austria,2026,11,3.6670572043158245
Austria,2026,12,-0.6702690116389931
Austria,2027,1,-1.6769832391028103
Austria,2027,2,-1.0034544534455563
Austria,2027,3,2.7184195031086347
Austria,2027,4,7.700133780131182
Austria,2027,5,12.48872773652056
Austria,2027,6,15.989285930351798
Austria,2027,7,17.487439108849685
Austria,2027,8,16.67186519824554
Austria,2027,9,13.656790293637641
Austria,2027,10,9.00448964897896
Austria,2027,11,3.7477886668684732
Austria,2027,12,-0.587436111461102
Austria,2028,1,-1.6081985128248562
Austria,2028,2,-0.9293311636529324
Austria,2028,3,2.79578501056767
Austria,2028,4,7.779223563412415
Austria,2028,5,12.568532720805706
Austria,2028,6,16.069236370888575
Austria,2028,7,17.56733505394459
Austria,2028,8,16.751806952267543
Austria,2028,9,13.73710888010919
Austria,2028,10,9.085677273488727
Austria,2028,11,3.8304291802132866
Austria,2028,12,-0.5027367503889764
Austria,2029,1,-1.538333369439897
Austria,2029,2,-0.8539002468087347
Austria,2029,3,2.8746470664855224
Austria,2029,4,7.859963045481891
Austria,2029,5,12.650107300553827
Austria,2029,6,16.15104556737151
Austria,2029,7,17.649150696689503
Austria,2029,8,16.833703644367233
Austria,2029,9,13.819394461167576
Austria,2029,10,9.168823282697304
Austria,2029,11,3.915001319329349
Austria,2029,12,-0.41614815396224003
Austria,2030,1,-1.4673701352758144
Austria,2030,2,-0.7771432919425934
Austria,2030,3,2.9550247654560735
Austria,2030,4,7.942371950824054
Austria,2030,5,12.73347177647247
Austria,2030,6,16.234734342987394
Austria,2030,7,17.732907329097543
Austria,2030,8,16.91757698159654
Austria,2030,9,13.903669105261542
Austria,2030,10,9.25395005269911
Austria,2030,11,4.0015277143002095
Austria,2030,12,-0.32764749191028386
Austria,2031,1,-1.3952910896250614
Austria,2031,2,-0.6990418401974239
Austria,2031,3,3.036937250745723
Austria,2031,4,8.026470053450794
Austria,2031,5,12.818646499582428
Austria,2031,6,16.320323572069356
Austria,2031,7,17.818626295070317
Austria,2031,8,17.003448723768997
Austria,2031,9,13.989954934383604
Austria,2031,10,9.341080013954524
Austria,2031,11,4.090031050346624
Austria,2031,12,-0.2372118779230732
Austria,2032,1,-1.3220784646900938
Austria,2032,2,-0.6195773848185127
Austria,2032,3,3.120403714355234
Austria,2032,4,8.11227717687234
Austria,2032,5,12.905651871192276
Austria,2032,6,16.40783418006413
Austria,2032,7,17.90632899045613
Austria,2032,8,17.09134068342337
Austria,2032,9,14.078274124044583
Austria,2032,10,9.430235651264411
Austria,2032,11,4.1805340678411085
Austria,2032,12,-0.14481836978211504
Austria,2033,1,-1.24771444551061
Austria,2033,2,-0.5387313711171373
Austria,2033,3,3.205443397041563
Austria,2033,4,8.199813194191847
Austria,2033,5,12.994508343036614
Austria,2033,6,16.497287143590256
Austria,2033,7,17.99603686311184
Austria,2033,8,17.18127472591823
Austria,2033,9,14.168648903415487
Austria,2033,10,9.521439503882902
Austria,2033,11,4.273059562420713
Austria,2033,12,-0.05044396915309335
Austria,2034,1,-1.172181169938085
Austria,2034,2,-0.45648519636142737
Austria,2034,3,3.292075588339685
Austria,2034,4,8.289098028083572
Austria,2034,5,13.08523641724696
Austria,2034,6,16.588703490536318
Austria,2034,7,18.0877714128992
Austria,2034,8,17.27327276944652
Austria,2034,9,14.261101555291134
Austria,2034,10,9.61471416549557
Austria,2034,11,4.367630384954282
Austria,2034,12,0.0459343782868018
Austria,2035,1,-1.0954607286139435
Austria,2035,2,-0.3728202098491238
Austria,2035,3,3.380319626649907
Austria,2035,4,8.38015165091656
Austria,2035,5,13.17785664641724
Austria,2035,6,16.68210430000272
Austria,2035,7,18.181554191804935
Austria,2035,8,17.367356785090124
Austria,2035,9,14.35565441615563
Austria,2035,10,9.71008228429946
Austria,2035,11,4.464269441633405
Austria,2035,12,0.14433978303441108
Azerbaijan,2025,1,6.6892059628053175
Azerbaijan,2025,2,6.879153691163992
Azerbaijan,2025,3,9.249875533559134
Azerbaijan,2025,4,12.592628404833704
Azerbaijan,2025,5,15.904648781176547
Azerbaijan,2025,6,18.41165369002283
Azerbaijan,2025,7,19.59034169998722
Azerbaijan,2025,8,19.19089391070247
Azerbaijan,2025,9,17.25947494277807
Azerbaijan,2025,10,14.160733927635192
Azerbaijan,2025,11,10.600305497465342
Azerbaijan,2025,12,7.647310775090773
Azerbaijan,2026,1,6.750191428433936
Azerbaijan,2026,2,6.9448453344966765
Azerbaijan,2026,3,9.318471442123155
Azerbaijan,2026,4,12.662829718869943
Azerbaijan,2026,5,15.975590156686849
Azerbaijan,2026,6,18.482833761784605
Azerbaijan,2026,7,19.66155354453531
Azerbaijan,2026,8,19.262155509401964
Azerbaijan,2026,9,17.33095964480617
Azerbaijan,2026,10,14.232700913014014
Azerbaijan,2026,11,10.673030240058324
Azerbaijan,2026,12,7.72101550566822
Azerbaijan,2027,1,6.812217185263762
Azerbaijan,2027,2,7.0117832574915155
Azerbaijan,2027,3,9.388483118925251
Azerbaijan,2027,4,12.734582307276469
Azerbaijan,2027,5,16.048186847697252
Azerbaijan,2027,6,18.55574424259703
Azerbaijan,2027,7,19.73454446157575
Azerbaijan,2027,8,19.33522093134252
Azerbaijan,2027,9,17.404251525572363
Azerbaijan,2027,10,14.306459554824869
Azerbaijan,2027,11,10.747514756459168
Azerbaijan,2027,12,7.796434284476163
Azerbaijan,2028,1,6.875300962118672
Azerbaijan,2028,2,7.079985893445155
Azerbaijan,2028,3,9.459929648012803
Azerbaijan,2028,4,12.807905851147552
Azerbaijan,2028,5,16.122459078615975
Azerbaijan,2028,6,18.630405846496615
Azerbaijan,2028,7,19.809335601058592
Azerbaijan,2028,8,19.410111708691147
Azerbaijan,2028,9,17.479372445764056
Azerbaijan,2028,10,14.382031988575363
Azerbaijan,2028,11,10.823781403215435
Azerbaijan,2028,12,7.873589635452845
Azerbaijan,2029,1,6.9394605350616985
Azerbaijan,2029,2,7.1494717236828365
Azerbaijan,2029,3,9.532830162273058
Azerbaijan,2029,4,12.882820081210411
Azerbaijan,2029,5,16.198427124342743
Azerbaijan,2029,6,18.706839338829923
Azerbaijan,2029,7,19.88594816504792
Azerbaijan,2029,8,19.486849426507433
Azerbaijan,2029,9,17.556344319754317
Azerbaijan,2029,10,14.459440404222732
Azerbaijan,2029,11,10.901852592208343
Azerbaijan,2029,12,7.952504138659606
Azerbaijan,2030,1,7.004713727456874
Azerbaijan,2030,2,7.220259277638434
Azerbaijan,2030,3,9.607203843494972
Azerbaijan,2030,4,12.959344777923434
Azerbaijan,2030,5,16.276111310276065
Azerbaijan,2030,6,18.78506553621719
Azerbaijan,2030,7,19.964403407700047
Azerbaijan,2030,8,19.56545572280902
Azerbaijan,2030,9,17.635189115663707
Azerbaijan,2030,10,14.538707046312084
Azerbaijan,2030,11,10.98175079066732
Azerbaijan,2030,12,8.033200430335455
Azerbaijan,2031,1,7.071078409987422
Azerbaijan,2031,2,7.292367132883555
Azerbaijan,2031,3,9.68306992244925
Azerbaijan,2031,4,13.037499771516195
Azerbaijan,2031,5,16.35553201237508
Azerbaijan,2031,6,18.865105306705118
Azerbaijan,2031,7,20.04472263541993
Azerbaijan,2031,8,19.645952288611625
Azerbaijan,2031,9,17.7159288554476
Azerbaijan,2031,10,14.619854214001862
Azerbaijan,2031,11,11.063498521279143
Azerbaijan,2031,12,8.11570120296983
Azerbaijan,2032,1,7.1385725007321525
Azerbaijan,2032,2,7.365813915178478
Azerbaijan,2032,3,9.76044767885196
Azerbaijan,2032,4,13.117304941982184
Azerbaijan,2032,5,16.43670965723595
Azerbaijan,2032,6,18.946979569719588
Azerbaijan,2032,7,20.126927206766595
Azerbaijan,2032,8,19.728360867936317
Azerbaijan,2032,9,17.79858561484889
Azerbaijan,2032,10,14.702904261092954
Azerbaijan,2032,11,11.147118362147921
Azerbaijan,2032,12,8.200029205251667
Azerbaijan,2033,1,7.207213965158189
Azerbaijan,2033,2,7.440618298497611
Azerbaijan,2033,3,9.839356441506425
Azerbaijan,2033,4,13.19878021920249
Azerbaijan,2033,5,16.519664722113703
Azerbaijan,2033,6,19.030709296171153
Azerbaijan,2033,7,20.211038532627754
Azerbaijan,2033,8,19.81270325791138
Azerbaijan,2033,9,17.883181523554413
Azerbaijan,2033,10,14.787879596075982
Azerbaijan,2033,11,11.232632946918784
Azerbaijan,2033,12,8.286207242262208
Azerbaijan,2034,1,7.277020816255572
Azerbaijan,2034,2,7.516799005134999
Azerbaijan,2034,3,9.91981558826319
Azerbaijan,2034,4,13.281945582920343
Azerbaijan,2034,5,16.604417734929484
Azerbaijan,2034,6,19.11631550850234
Azerbaijan,2034,7,20.2970780761907
Azerbaijan,2034,8,19.89900130877595
Azerbaijan,2034,9,17.969738765147667
Azerbaijan,2034,10,14.874802682193149
Azerbaijan,2034,11,11.32006496473059
Azerbaijan,2034,12,8.37425817539497
Azerbaijan,2035,1,7.348011114475412
Azerbaijan,2035,2,7.594374805664302
Azerbaijan,2035,3,10.00184454612554
Azerbaijan,2035,4,13.366821062853887
Azerbaijan,2035,5,16.690989274365165
Azerbaijan,2035,6,19.203819280636708
Azerbaijan,2035,7,20.38506735298597
Azerbaijan,2035,8,19.9872769239455
Azerbaijan,2035,9,18.058279577196117
Azerbaijan,2035,10,14.963696037463706
Azerbaijan,2035,11,11.409437160390553
Azerbaijan,2035,12,8.464204922417593
Bahamas,2025,1,23.679869768159733
Bahamas,2025,2,25.401851197119868
Bahamas,2025,3,26.453649678592228
Bahamas,2025,4,27.102858293245845
Bahamas,2025,5,27.5085874700535
Bahamas,2025,6,27.743965976210347
Bahamas,2025,7,27.818641906990706
Bahamas,2025,8,27.70128367569214
Bahamas,2025,9,27.3420810034886
Bahamas,2025,10,26.695245909392725
Bahamas,2025,11,25.741513700032556
Bahamas,2025,12,24.510643959682966
Bahamas,2026,1,23.711330223840378
Bahamas,2026,2,25.440855778358127
Bahamas,2026,3,26.498419779921278
Bahamas,2026,4,27.15194788221288
Bahamas,2026,5,27.56081355027436
Bahamas,2026,6,27.7983390503623
Bahamas,2026,7,27.87429643986343
Bahamas,2026,8,27.757408557165945
Bahamas,2026,9,27.397850011585433
Bahamas,2026,10,26.74974817326529
Bahamas,2026,11,25.793684163015314
Bahamas,2026,12,24.559193842314016
Bahamas,2027,1,23.743601230356035
Bahamas,2027,2,25.480835626233784
Bahamas,2027,3,26.544297439832917
Bahamas,2027,4,27.202247415324564
Bahamas,2027,5,27.614324571252837
Bahamas,2027,6,27.85404719039525
Bahamas,2027,7,27.9313138096486
Bahamas,2027,8,27.814904209973065
Bahamas,2027,9,27.454980406241702
Bahamas,2027,10,26.80558763719182
Bahamas,2027,11,25.8471553552381
Bahamas,2027,12,24.608998216504006
Bahamas,2028,1,23.776700602343226
Bahamas,2028,2,25.521809184051563
Bahamas,2028,3,26.59130167661806
Bahamas,2028,4,27.253776432172344
Bahamas,2028,5,27.669140540144326
Bahamas,2028,6,27.911110817291956
Bahamas,2028,7,27.98971479748161
Bahamas,2028,8,27.873791721675843
Bahamas,2028,9,27.51349352775742
Bahamas,2028,10,26.862785840491597
Bahamas,2028,11,25.901948961361086
Bahamas,2028,12,24.660078858488305
Bahamas,2029,1,23.81064620232155
Bahamas,2029,2,25.563794943836
Bahamas,2029,3,26.63945155811325
Bahamas,2029,4,27.3065545226209
Bahamas,2029,5,27.725281515196002
Bahamas,2029,6,27.969550403978246
Bahamas,2029,7,28.04952023727037
Bahamas,2029,8,27.934092233424053
Bahamas,2029,9,27.573410770816736
Bahamas,2029,10,26.921364377653845
Bahamas,2029,11,25.95808672194198
Bahamas,2029,12,24.712457601323877
Bahamas,2030,1,23.845455940784632
Bahamas,2030,2,25.606811446389656
Bahamas,2030,3,26.68876620168612
Bahamas,2030,4,27.360601326953656
Bahamas,2030,5,27.782767605870504
Bahamas,2030,6,28.029386475388492
Bahamas,2030,7,28.11075101565166
Bahamas,2030,8,27.995826939936705
Bahamas,2030,9,27.634753584487953
Bahamas,2030,10,26.981344898450516
Bahamas,2030,11,26.015590433705256
Bahamas,2030,12,24.766156334892912
Bahamas,2031,1,23.881147776251055
Bahamas,2031,2,25.650877281325847
Bahamas,2031,3,26.739264774369985
Bahamas,2031,4,27.415936535912806
Bahamas,2031,5,27.84161897287504
Bahamas,2031,6,28.090639608501988
Bahamas,2031,7,28.17342807224213
Bahamas,2031,8,28.059017089676672
Bahamas,2031,9,27.697543472390862
Bahamas,2031,10,27.042749107874442
Bahamas,2031,11,26.07448194940389
Bahamas,2031,12,24.821197006004695
Bahamas,2032,1,23.91773971526436
Bahamas,2032,2,25.69601108711595
Bahamas,2032,3,26.79096649285293
Bahamas,2032,4,27.472579890670204
Bahamas,2032,5,27.901855828201406
Bahamas,2032,6,28.153330432397524
Bahamas,2032,7,28.237572399467354
Bahamas,2032,8,28.123683984745185
Bahamas,2032,9,27.76180199258397
Bahamas,2032,10,27.105598766288495
Bahamas,2032,11,26.13478317793215
Bahamas,2032,12,24.877601618384688
Bahamas,2033,1,23.95524981250219
Bahamas,2033,2,25.742231551173063
Bahamas,2033,3,26.84389062355058
Bahamas,2033,4,27.530551182954696
Bahamas,2033,5,27.963498435166002
Bahamas,2033,6,28.217479628315232
Bahamas,2033,7,28.3032050427546
Bahamas,2033,8,28.18984898105282
Bahamas,2033,9,27.82755075775367
Bahamas,2033,10,27.169915689432855
Bahamas,2033,11,26.196516084394716
Bahamas,2033,12,24.935392232780032
Bahamas,2034,1,23.993696170769
Bahamas,2034,2,25.78955740982292
Bahamas,2034,3,26.898056482631546
Bahamas,2034,4,27.58987025506667
Bahamas,2034,5,28.02656710849351
Bahamas,2034,6,28.283107929631115
Bahamas,2034,7,28.370347100492836
Bahamas,2034,8,28.257533488264926
Bahamas,2034,9,27.894811435166957
Bahamas,2034,10,27.23572174842866
Bahamas,2034,11,26.259702690081212
Bahamas,2034,12,24.99459096695955
Bahamas,2035,1,24.033096941043368
Bahamas,2035,2,25.83800744840937
Bahamas,2035,3,26.95348343605383
Bahamas,2035,4,27.650556999888977
Bahamas,2035,5,28.091082214276867
Bahamas,2035,6,28.350236121998933
Bahamas,2035,7,28.439019724134596
Bahamas,2035,8,28.326758969939874
Bahamas,2035,9,27.963605746747817
Bahamas,2035,10,27.303038869876218
Bahamas,2035,11,26.32436507254988
Bahamas,2035,12,25.055219995728294
Bahrain,2025,1,24.047447943598854
Bahrain,2025,2,25.97665154057995
Bahrain,2025,3,27.09288231334085
Bahrain,2025,4,27.72226568394126
Bahrain,2025,5,28.070384893516348
Bahrain,2025,6,28.244781992137177
Bahrain,2025,7,28.277458828758427
Bahrain,2025,8,28.147378041071534
Bahrain,2025,9,27.802964045423323
Bahrain,2025,10,27.184604026709167
Bahrain,2025,11,26.247148928240676
Bahrain,2025,12,24.982414441711626
Bahrain,2026,1,24.07789182828583
Bahrain,2026,2,26.014822385107436
Bahrain,2026,3,27.136988161409136
Bahrain,2026,4,27.770840614456574
Bahrain,2026,5,28.122219483576373
Bahrain,2026,6,28.29885378009658
Bahrain,2026,7,28.33286277719253
Bahrain,2026,8,28.20325699982368
Bahrain,2026,9,27.858439214641294
Bahrain,2026,10,27.238705419845246
Bahrain,2026,11,26.29874583504443
Bahrain,2026,12,25.030145891306347
Bahrain,2027,1,24.10913132636142
Bahrain,2027,2,26.053952162325913
Bahrain,2027,3,27.182183993970284
Bahrain,2027,4,27.820606831181976
Bahrain,2027,5,28.175319428916737
Bahrain,2027,6,28.354240277222743
Bahrain,2027,7,28.389608590937314
Bahrain,2027,8,28.260485299725588
Bahrain,2027,9,27.91525403795913
Bahrain,2027,10,27.294122134579993
Bahrain,2027,11,26.3516216030157
Bahrain,2027,12,25.07911013105786
Bahrain,2028,1,24.141184247954698
Bahrain,2028,2,26.094059308165924
Bahrain,2028,3,27.22848881900518
Bahrain,2028,4,27.87158386044848
Bahrain,2028,5,28.229704720576592
Bahrain,2028,6,28.410961885479082
Bahrain,2028,7,28.447717029169326
Bahrain,2028,8,28.319084003481294
Bahrain,2028,9,27.973429827933614
Bahrain,2028,10,27.350875679633646
Bahrain,2028,11,26.405797883239757
Bahrain,2028,12,25.129328900752625
Bahrain,2029,1,24.174068451128733
Bahrain,2029,2,26.135162307259634
Bahrain,2029,3,27.275921694058525
Bahrain,2029,4,27.92379127899494
Bahrain,2029,5,28.285395400694142
Bahrain,2029,6,28.469039058812086
Bahrain,2029,7,28.507208903928586
Bahrain,2029,8,28.37907422743683
Bahrain,2029,9,28.032987951491123
Bahrain,2029,10,27.408987618852734
Bahrain,2029,11,26.46129638279399
Bahrain,2029,12,25.18082399697687
Bahrain,2030,1,24.207801841946093
Bahrain,2030,2,26.177279693079072
Bahrain,2030,3,27.32450172625704
Bahrain,2030,4,27.977248713924382
Bahrain,2030,5,28.3424115626849
Bahrain,2030,6,28.52849230318043
Bahrain,2030,7,28.568105079973066
Bahrain,2030,8,28.44047714156568
Bahrain,2030,9,28.09394983009861
Bahrain,2030,10,27.468479571421085
Bahrain,2030,11,26.51813886488617
Bahrain,2030,12,25.233617273291202
Bahrain,2031,1,24.242402374505218
Bahrain,2031,2,26.220430047928858
Bahrain,2031,3,27.374248072433147
Bahrain,2031,4,28.031975842860447
Bahrain,2031,5,28.40077335123442
Bahrain,2031,6,28.58934217662045
Bahrain,2031,7,28.630426475087916
Bahrain,2031,8,28.50331396954516
Bahrain,2031,9,28.156336939654466
Bahrain,2031,10,27.529373211776146
Bahrain,2031,11,26.576347148788955
Bahrain,2031,12,25.287730640074187
Bahrain,2032,1,24.27788805101318
Bahrain,2032,2,26.264632003008046
Bahrain,2032,3,27.425179939066766
Bahrain,2032,4,28.087992393885543
Bahrain,2032,5,28.460500962327387
Bahrain,2032,6,28.65160928934074
Bahrain,2032,7,28.694194059874462
Bahrain,2032,8,28.567605988770993
Bahrain,2032,9,28.220170810634045
Bahrain,2032,10,27.59169026976906
Bahrain,2032,11,26.635943110025437
Bahrain,2032,12,25.34318606474062
Bahrain,2033,1,24.314276921731107
Bahrain,2033,2,26.309904238428317
Bahrain,2033,3,27.47731658241264
Bahrain,2033,4,28.14531814563543
Bahrain,2033,5,28.52161464328401
Bahrain,2033,6,28.715314303627565
Bahrain,2033,7,28.759428857957573
Bahrain,2033,8,28.633374530448236
Bahrain,2033,9,28.285473028086017
Bahrain,2033,10,27.655452530584625
Bahrain,2033,11,26.69694868019451
Bahrain,2033,12,25.400005571697875
Bahrain,2034,1,24.351587085174287
Bahrain,2034,2,26.356265483319476
Bahrain,2034,3,27.530677308496706
Bahrain,2034,4,28.203972927382893
Bahrain,2034,5,28.584134692890984
Bahrain,2034,6,28.78047793408132
Bahrain,2034,7,28.82615194597838
Bahrain,2034,8,28.7006409795913
Bahrain,2034,9,28.35226523172696
Bahrain,2034,10,27.720681834915922
Bahrain,2034,11,26.75938584726191
Bahrain,2034,12,25.45821124241138
Bahrain,2035,1,24.389836688006653
Bahrain,2035,2,26.403734515793076
Bahrain,2035,3,27.585281473170653
Bahrain,2035,4,28.26397661897954
Bahrain,2035,5,28.64808146132873
Bahrain,2035,6,28.84712094745646
Bahrain,2035,7,28.894384453641578
Bahrain,2035,8,28.769426775100328
Bahrain,2035,9,28.420569115919534
Bahrain,2035,10,27.78740007887336
Bahrain,2035,11,26.82327665540015
Bahrain,2035,12,25.517825215459197
Bangladesh,2025,1,23.54632332719575
Bangladesh,2025,2,25.200943908458612
Bangladesh,2025,3,26.233428691736663
Bangladesh,2025,4,26.89141595259298
Bangladesh,2025,5,27.31817931743808
Bangladesh,2025,6,27.575128753317586
Bangladesh,2025,7,27.66431155797636
Bangladesh,2025,8,27.550913349587972
Bangladesh,2025,9,27.185759056786083
Bangladesh,2025,10,26.527813908452117
Bangladesh,2025,11,25.56668442371756
Bangladesh,2025,12,24.345119401758893
Bangladesh,2026,1,23.578141346774828
Bangladesh,2026,2,25.240244661717043
Bangladesh,2026,3,26.278437891142858
Bangladesh,2026,4,26.94069411617329
Bangladesh,2026,5,27.370552231711372
Bangladesh,2026,6,27.629617936429895
Bangladesh,2026,7,27.72006472261728
Bangladesh,2026,8,27.60713486608529
Bangladesh,2026,9,27.241640416087648
Bangladesh,2026,10,26.582464185147728
Bangladesh,2026,11,25.619060739049928
Bangladesh,2026,12,24.393957386678267
Bangladesh,2027,1,23.61077491443666
Bangladesh,2027,2,25.28052615887009
Bangladesh,2027,3,26.32456055305829
Bangladesh,2027,4,26.991188501048782
Bangladesh,2027,5,27.42421668379484
Bangladesh,2027,6,27.685449048946793
Bangladesh,2027,7,27.77718780084342
Bangladesh,2027,8,27.66473439033234
Bangladesh,2027,9,27.298890504735937
Bangladesh,2027,10,26.638459057668115
Bangladesh,2027,11,25.672745179014782
Bangladesh,2027,12,24.44405720477971
Bangladesh,2028,1,23.64424184620384
Bangladesh,2028,2,25.32180684560535
Bangladesh,2028,3,26.37181569909899
Bangladesh,2028,4,27.042918651169202
Bangladesh,2028,5,27.479192686166243
Bangladesh,2028,6,27.742642518221146
Bangladesh,2028,7,27.835701581120702
Bangladesh,2028,8,27.723733018240637
Bangladesh,2028,9,27.357530672355097
Bangladesh,2028,10,26.695820075642587
Bangladesh,2028,11,25.727759439550027
Bangladesh,2028,12,24.49544064460224
Bangladesh,2029,1,23.67856000597476
Bangladesh,2029,2,25.36410521634116
Bangladesh,2029,3,26.420222400492094
Bangladesh,2029,4,27.095904160775717
Bangladesh,2029,5,27.53550030245333
Bangladesh,2029,6,27.801218823519775
Bangladesh,2029,7,27.8956269046912
Bangladesh,2029,8,27.784151899247263
Bangladesh,2029,9,27.417582322946146
Bangladesh,2029,10,26.75456884391042
Bangladesh,2029,11,25.784125272585698
Bangladesh,2029,12,24.5481295515101
Bangladesh,2030,1,23.713747305661855
Bangladesh,2030,2,25.40743981423384
Bangladesh,2030,3,26.469799777970366
Bangladesh,2030,4,27.15016467453188
Bangladesh,2030,5,27.593159647466564
Bangladesh,2030,6,27.861198496128964
Bangladesh,2030,7,27.95698466556587
Bangladesh,2030,8,27.846012236449496
Bangladesh,2030,9,27.479066914916075
Bangladesh,2030,10,26.814727022528132
Bangladesh,2030,11,25.841864486123995
Bangladesh,2030,12,24.602145827689128
Bangladesh,2031,1,23.749821705122486
Bangladesh,2031,2,25.45182923127595
Bangladesh,2031,3,26.520567001935888
Bangladesh,2031,4,27.2057198875018
Bangladesh,2031,5,27.652190887257348
Bangladesh,2031,6,27.922602119350813
Bangladesh,2031,7,28.01979581064097
Bangladesh,2031,8,27.909335286597525
Bangladesh,2031,9,27.542005961186987
Bangladesh,2031,10,26.876316326805863
Bangladesh,2031,11,25.900998944195635
Bangladesh,2031,12,24.657511432241336
Bangladesh,2032,1,23.78680121229354
Bangladesh,2032,2,25.49729210831083
Bangladesh,2032,3,26.57254329242369
Bangladesh,2032,4,27.26258954520108
Bangladesh,2032,5,27.712614239161667
Bangladesh,2032,6,27.9854503286233
Bangladesh,2032,7,28.084081339705335
Bangladesh,2032,8,27.974142360109
Bangladesh,2032,9,27.60642102912334
Bangladesh,2032,10,26.939358527412878
Bangladesh,2032,11,25.961550567001723
Bangladesh,2032,12,24.714248381155812
Bangladesh,2033,1,23.824703883191432
Bangladesh,2033,2,25.54384713507261
Bangladesh,2033,3,26.62574791919269
Bangladesh,2033,4,27.32079344370959
Bangladesh,2033,5,27.774449971800095
Bangladesh,2033,6,28.049763811451157
Bangladesh,2033,7,28.149862305454917
Bangladesh,2033,8,28.040454821207277
Bangladesh,2033,9,27.672333740699287
Bangladesh,2033,10,27.00387545034482
Bangladesh,2033,11,26.02354133093195
Bangladesh,2033,12,24.77237874745424
Bangladesh,2034,1,23.86354782196304
Bangladesh,2034,2,25.591513050240792
Bangladesh,2034,3,26.68020020172571
Bangladesh,2034,4,27.380351429638722
Bangladesh,2034,5,27.837718405223313
Bangladesh,2034,6,28.11556330757685
Bangladesh,2034,7,28.2171598135983
Bangladesh,2034,8,28.1082940878523
Bangladesh,2034,9,27.739765772462306
Bangladesh,2034,10,27.069888977021947
Bangladesh,2034,11,26.086993268506376
Bangladesh,2034,12,24.831924661161793
Bangladesh,2035,1,23.9033511809439
Bangladesh,2035,2,25.640308641487536
Bangladesh,2035,3,26.73591950932405
Bangladesh,2035,4,27.441283400189604
Bangladesh,2035,5,27.902439910828434
Bangladesh,2035,6,28.182869608904184
Bangladesh,2035,7,28.285995022871248
Bangladesh,2035,8,28.17768163186429
Bangladesh,2035,9,27.808738855616866
Bangladesh,2035,10,27.13742104432913
Bangladesh,2035,11,26.151928468608276
Bangladesh,2035,12,24.8929083093617
Belarus,2025,1,-1.1905710926139363
Belarus,2025,2,-0.5646312211310942
Belarus,2025,3,3.052518602017699
Belarus,2025,4,7.913150943467372
Belarus,2025,5,12.595736579584809
Belarus,2025,6,16.027445486267425
Belarus,2025,7,17.50664782892727
Belarus,2025,8,16.725414952340543
Belarus,2025,9,13.792020370598948
Belarus,2025,10,9.253440756908276
Belarus,2025,11,4.117856933608891
Belarus,2025,12,-0.12284513802933361
Belarus,2026,1,-1.1240775882133676
Belarus,2026,2,-0.4932963307646787
Belarus,2026,3,3.1266950167309915
Belarus,2026,4,7.988737247910649
Belarus,2026,5,12.671799829121483
Belarus,2026,6,16.10348188928492
Belarus,2026,7,17.582513209822537
Belarus,2026,8,16.801255214592857
Belarus,2026,9,13.868201959737235
Belarus,2026,10,9.330481123573009
Belarus,2026,11,4.196354996512127
Belarus,2026,12,-0.04227852900567086
Belarus,2027,1,-1.0565374508178138
Belarus,2027,2,-0.420690567904785
Belarus,2027,3,3.202328485303042
Belarus,2027,4,8.06593124684241
Belarus,2027,5,12.749588390478493
Belarus,2027,6,16.18133071561624
Belarus,2027,7,17.660250137153525
Belarus,2027,8,16.879000675436146
Belarus,2027,9,13.946299446096418
Belarus,2027,10,9.409427650008183
Belarus,2027,11,4.276731563129033
Belarus,2027,12,0.040123526458955894
Belarus,2028,1,-0.9879330875874075
Belarus,2028,2,-0.34679560625863814
Belarus,2028,3,3.2794380137029293
Belarus,2028,4,8.14475257221875
Belarus,2028,5,12.829122467949674
Belarus,2028,6,16.261012688160008
Belarus,2028,7,17.739879798697984
Belarus,2028,8,16.958672933808884
Belarus,2028,9,14.026334786108237
Belarus,2028,10,9.490302596409492
Belarus,2028,11,4.3590091437081355
Belarus,2028,12,0.1243837349657042
Belarus,2029,1,-0.9182468587050607
Belarus,2029,2,-0.2715930718031814
Belarus,2029,3,3.358042656517682
Belarus,2029,4,8.225220905486822
Belarus,2029,5,12.910422316051154
Belarus,2029,6,16.34254858084114
Belarus,2029,7,17.821423434049393
Belarus,2029,8,17.04029364131293
Belarus,2029,9,14.108329989631784
Belarus,2029,10,9.573128277243995
Belarus,2029,11,4.443210303551496
Belarus,2029,12,0.2105248589768962
Belarus,2030,1,-0.8474610772891538
Belarus,2030,2,-0.1950645426140909
Belarus,2030,3,3.4381615169886572
Belarus,2030,4,8.307355977479347
Belarus,2030,5,12.993508239557741
Belarus,2030,6,16.425959218636308
Belarus,2030,7,17.904902334707913
Belarus,2030,8,17.123884502231704
Belarus,2030,9,14.192307120044461
Belarus,2030,10,9.657927061228293
Belarus,2030,11,4.529357663072915
Belarus,2030,12,0.29856971687786427
Belarus,2031,1,-0.7755580094481047
Belarus,2031,2,-0.11719154891670769
Belarus,2031,3,3.5198137470479196
Belarus,2031,4,8.39117756854921
Belarus,2031,5,13.078400593546576
Belarus,2031,6,16.511265477661254
Belarus,2031,7,17.990337844102214
Belarus,2031,8,17.209467273595692
Belarus,2031,9,14.278288294263803
Belarus,2031,10,9.744721371484957
Belarus,2031,11,4.61747389784523
Belarus,2031,12,0.38854118302788265
Belarus,2032,1,-0.7025198741057466
Belarus,2032,2,-0.03795557300963992
Belarus,2032,3,3.603018547314605
Belarus,2032,4,8.476705508620398
Belarus,2032,5,13.165119783466253
Belarus,2032,6,16.598488285152598
Belarus,2032,7,18.077751357593115
Belarus,2032,8,17.29706376518243
Belarus,2032,9,14.366295682765667
Belarus,2032,10,9.833533685487964
Belarus,2032,11,4.7075817386694325
Belarus,2032,12,0.48046218774561567
Belarus,2033,1,-0.6283288430595348
Belarus,2033,2,0.04266195080435864
Belarus,2033,3,3.6877951672659037
Belarus,2033,4,8.563959677158891
Belarus,2033,5,13.253686265136821
Belarus,2033,6,16.687648619595166
Belarus,2033,7,18.167164322560893
Belarus,2033,8,17.386695839611093
Belarus,2033,9,14.456351509707929
Belarus,2033,10,9.924386535175472
Belarus,2033,11,4.7997039715528445
Belarus,2033,12,0.5743557174873786
Belarus,2034,1,-0.5529670408786842
Belarus,2034,2,0.12467963619292277
Belarus,2034,3,3.774162905142475
Belarus,2034,4,8.652960003299995
Belarus,2034,5,13.34412054482982
Belarus,2034,6,16.778767510700163
Belarus,2034,7,18.25859823848532
Belarus,2034,8,17.478385412338866
Belarus,2034,9,14.548478052839528
Belarus,2034,10,10.017302506938904
Belarus,2034,11,4.893863437796426
Belarus,2034,12,0.6702448147234463
Belarus,2035,1,-0.4764165448896165
Belarus,2035,2,0.208116144932319
Belarus,2035,3,3.862141108083051
Belarus,2035,4,8.74372646583015
Belarus,2035,5,13.436443179315575
Belarus,2035,6,16.87186603947066
Belarus,2035,7,18.35207465689473
Belarus,2035,8,17.572154451770075
Belarus,2035,9,14.642697643704196
Belarus,2035,10,10.112304241706624
Belarus,2035,11,4.9900830340493485
Belarus,2035,12,0.7681525780944867
Belgium,2025,1,3.708599651597069
Belgium,2025,2,4.0447612068937815
Belgium,2025,3,6.878733302074579
Belgium,2025,4,10.795632213100362
Belgium,2025,5,14.632163573402977
Belgium,2025,6,17.499123363840226
Belgium,2025,7,18.80389890256356
Belgium,2025,8,18.27296983494398
Belgium,2025,9,15.97440912343609
Belgium,2025,10,12.34038403748582
Belgium,2025,11,8.189657143423574
Belgium,2025,12,4.750087294408331
Belgium,2026,1,3.7723328022411806
Belgium,2026,2,4.1131598797264814
Belgium,2026,3,6.949932794607776
Belgium,2026,4,10.868295602057515
Belgium,2026,5,14.70541217772643
Belgium,2026,6,17.57246720773128
Belgium,2026,7,18.87716717848616
Belgium,2026,8,18.34624136664661
Belgium,2026,9,16.047942828962732
Belgium,2026,10,12.414549392216031
Belgium,2026,11,8.264864643072542
Belgium,2026,12,4.826718918052393
Belgium,2027,1,3.8371139657729145
Belgium,2027,2,4.182819317179565
Belgium,2027,3,7.022568712419343
Belgium,2027,4,10.942536503288466
Belgium,2027,5,14.780347325130606
Belgium,2027,6,17.647577086740966
Belgium,2027,7,18.952253960248527
Belgium,2027,8,18.421359371038307
Belgium,2027,9,16.12332898758268
Belgium,2027,10,12.490553711472785
Belgium,2027,11,8.341880667118858
Belgium,2027,12,4.905114191847133
Belgium,2028,1,3.9029608261598696
Belgium,2028,2,4.253757918665542
Belgium,2028,3,7.096660116633757
Belgium,2028,4,11.018374585958554
Belgium,2028,5,14.856989239096038
Belgium,2028,6,17.724473724983
Belgium,2028,7,19.029180418882788
Belgium,2028,8,18.498345412340313
Belgium,2028,9,16.20058950303519
Belgium,2028,10,12.568419184729464
Belgium,2028,11,8.420727637113487
Belgium,2028,12,4.985295715717257
Belgium,2029,1,3.969891114492384
Belgium,2029,2,4.325994131534571
Belgium,2029,3,7.172226117171704
Belgium,2029,4,11.095829568829686
Belgium,2029,5,14.93535819353292
Belgium,2029,6,17.803177897768364
Belgium,2029,7,19.10796777739688
Belgium,2029,8,18.57722110758641
Belgium,2029,9,16.279746332650575
Belgium,2029,10,12.648168055960014
Belgium,2029,11,8.501428029904673
Belgium,2029,12,5.0672861456705505
Belgium,2030,1,4.037922609063571
Belgium,2030,2,4.3995464511290265
Belgium,2030,3,7.249285872710061
Belgium,2030,4,11.174921220249416
Belgium,2030,5,15.015474512708352
Belgium,2030,6,17.883710431605323
Belgium,2030,7,19.18863731086185
Belgium,2030,8,18.658008126648383
Belgium,2030,9,16.360821487379326
Belgium,2030,10,12.729822623507971
Belgium,2030,11,8.584004377517886
Belgium,2030,12,5.151108193757864
Belgium,2031,1,4.107073135387509
Belgium,2031,2,4.474433420859896
Belgium,2031,3,7.327858590871074
Belgium,2031,4,11.255669358238265
Belgium,2031,5,15.097358571410041
Belgium,2031,6,17.966092204341294
Belgium,2031,7,19.271210346411863
Belgium,2031,8,18.740728192312417
Belgium,2031,9,16.44383703193398
Belgium,2031,10,12.81340524029747
Belgium,2031,11,8.6684792674032
Belgium,2031,12,5.2367846281786115
Belgium,2032,1,4.177360566279276
Belgium,2032,2,4.550673632203143
Belgium,2032,3,7.4079635280550065
Belgium,2032,4,11.338093850518817
Belgium,2032,5,15.181030794902654
Belgium,2032,6,18.050344145068266
Belgium,2032,7,19.35570826330604
Belgium,2032,8,18.825403080242722
Belgium,2032,9,16.528815084727285
Belgium,2032,10,12.898938313742292
Belgium,2032,11,8.754875342278865
Belgium,2032,12,5.324338273266221
Belgium,2033,1,4.248802821854952
Belgium,2033,2,4.628285724783382
Belgium,2033,3,7.489619989691164
Belgium,2033,4,11.42221461455938
Belgium,2033,5,15.266511659033313
Belgium,2033,6,18.136487234301057
Belgium,2033,7,19.442152493012145
Belgium,2033,8,18.91205461915615
Belgium,2033,9,16.615777817999515
Belgium,2033,10,12.986444305902296
Belgium,2033,11,8.843215300324118
Belgium,2033,12,5.413792009626377
Belgium,2034,1,4.32141786962984
Belgium,2034,2,4.707288386384789
Belgium,2034,3,7.572847330154218
Belgium,2034,4,11.508051617643105
Belgium,2034,5,15.353821690249788
Belgium,2034,6,18.22454250394094
Belgium,2034,7,19.53056451917746
Belgium,2034,8,19.000704690760358
Belgium,2034,9,16.704747457782105
Belgium,2034,10,13.07594573346887
Belgium,2034,11,8.93352189515008
Belgium,2034,12,5.505168774071535
Belgium,2035,1,4.395223724511197
Belgium,2035,2,4.787700353049331
Belgium,2035,3,7.657664952862433
Belgium,2035,4,11.595624876849797
Belgium,2035,5,15.44298146561141
Belgium,2035,6,18.31453103734475
Belgium,2035,7,19.62096587772703
Belgium,2035,8,19.09137522983383
Belgium,2035,9,16.795746284017696
Belgium,2035,10,13.167465167826776
Belgium,2035,11,9.025817935857958
Belgium,2035,12,5.598491559726426
Belize,2025,1,23.445603246834253
Belize,2025,2,25.051778732818093
Belize,2025,3,26.07091955046144
Belize,2025,4,26.73600160661681
Belize,2025,5,27.178664152027523
Belize,2025,6,27.451710771260878
Belize,2025,7,27.55161037259404
Belize,2025,8,27.440998177910842
Belize,2025,9,27.07117671259857
Belize,2025,10,26.40461679543023
Belize,2025,11,25.437458528530442
Belize,2025,12,24.222012287144935
Belize,2026,1,23.47768737487877
Belize,2026,2,25.091300795095776
Belize,2026,3,26.11610835618285
Belize,2026,4,26.78542241208288
Belize,2026,5,27.23114912368783
Belize,2026,6,27.50628944865548
Belize,2026,7,27.607440131451767
Belize,2026,8,27.49729469313479
Belize,2026,9,27.12714442129527
Belize,2026,10,26.459379359916966
Belize,2026,11,25.48998929930258
Belize,2026,12,24.271064766032396
Belize,2027,1,23.510590691887955
Belize,2027,2,25.131807596125327
Belize,2027,3,26.162414933992295
Belize,2027,4,26.836064023945255
Belize,2027,5,27.284930454455207
Belize,2027,6,27.56221507376995
Belize,2027,7,27.66464497994548
Belize,2027,8,27.55497451064457
Belize,2027,9,27.184486233091775
Belize,2027,10,26.515491933952035
Belize,2027,11,25.543833609180183
Belize,2027,12,24.3213844540669
Belize,2028,1,23.544331014866657
Belize,2028,2,25.173317583311473
Belize,2028,3,26.209858307965078
Belize,2028,4,26.88794598928962
Belize,2028,5,27.34002816071461
Belize,2028,6,27.61950807854828
Belize,2028,7,27.72324571185254
Belize,2028,8,27.614058732387093
Belize,2028,9,27.243223504433445
Belize,2028,10,26.572976074739017
Belize,2028,11,25.599013162417577
Belize,2028,12,24.372993148824207
Belize,2029,1,23.578926208702796
Belize,2029,2,25.21584925278603
Belize,2029,3,26.258457551769425
Belize,2029,4,26.941087905554923
Belize,2029,5,27.396462310008246
Belize,2029,6,27.67818894690663
Belize,2029,7,27.78326317381743
Belize,2029,8,27.674568513958548
Belize,2029,9,27.30337764613523
Belize,2029,10,26.63185339465872
Belize,2029,11,25.655549719192095
Belize,2029,12,24.425912704650727
Belize,2030,1,23.614394186269237
Belize,2030,2,25.2594211494079
Belize,2030,3,26.308231788571902
Belize,2030,4,26.995509420526105
Belize,2030,5,27.45425302103922
Belize,2030,6,27.73827821476607
Belize,2030,7,27.84471826518802
Belize,2030,8,27.73652506448434
Belize,2030,9,27.364970123447165
Belize,2030,10,26.692145561312827
Belize,2030,11,25.713465095767788
Belize,2030,12,24.480165032750847
Belize,2031,1,23.650752908401955
Belize,2031,2,25.30405186687949
Belize,2031,3,26.359200191204764
Belize,2031,4,27.05123023246142
Belize,2031,5,27.51342046374066
Belize,2031,6,27.799796470030742
Belize,2031,7,27.907631938212035
Belize,2031,8,27.799949646822824
Belize,2031,9,27.428022456043436
Belize,2031,10,26.75387429755301
Belize,2031,11,25.772781164466323
Belize,2031,12,24.53577210120875
Belize,2032,1,23.68802038398735
Belize,2032,2,25.349760047703057
Belize,2032,3,26.41138198211138
Belize,2032,4,27.108270090019687
Belize,2032,5,27.573984859293887
Belize,2032,6,27.862764352744307
Belize,2032,7,27.972025197986113
Belize,2032,8,27.864863577448887
Belize,2032,9,27.492556218124264
Belize,2032,10,26.81706138156096
Belize,2032,11,25.833519853754296
Belize,2032,12,24.59275593499933
Belize,2033,1,23.726214669998626
Belize,2033,2,25.396564383315308
Belize,2033,3,26.46479643345174
Belize,2033,4,27.166648792405795
Belize,2033,5,27.635966480255775
Belize,2033,6,27.927202555020813
Belize,2033,7,28.037919102583146
Belize,2033,8,27.931288226628567
Belize,2033,9,27.55859303844136
Belize,2033,10,26.881728646873853
Belize,2033,11,25.8957031482214
Belize,2033,12,24.651138616162825
Belize,2034,1,23.76535387155036
Belize,2034,2,25.444483614083765
Belize,2034,3,26.51946286715338
Belize,2034,4,27.22638618938163
Belize,2034,5,27.699385650489603
Belize,2034,6,27.99313182118658
Belize,2034,7,28.105334763026804
Belize,2034,8,27.99924501840087
Belize,2034,9,27.62615460034158
Belize,2034,10,26.947897982409813
Belize,2034,11,25.959353088696844
Belize,2034,12,24.71094228361926
Belize,2035,1,23.80545614188395
Belize,2035,2,25.493536529328594
Belize,2035,3,26.575400654889563
Belize,2035,4,27.28750218127334
Belize,2035,5,27.76426274528876
Belize,2035,6,28.060572947751098
Belize,2035,7,28.17429334336066
Belize,2035,8,28.068755430632336
Belize,2035,9,27.69526264177057
Belize,2035,10,27.015591332547956
Belize,2035,11,26.024491772223882
Belize,2035,12,24.77218913348861
Benin,2025,1,24.76293735386298
Benin,2025,2,27.24037128469081
Benin,2025,3,28.556358904571425
Benin,2025,4,29.17526007867218
Benin,2025,5,29.412526702123614
Benin,2025,6,29.45720368999264
Benin,2025,7,29.39442996717571
Benin,2025,8,29.22793945824833
Benin,2025,9,28.902562077438233
Benin,2025,10,28.32672471843489
Benin,2025,11,27.394952244344495
Benin,2025,12,26.010368477575867
Benin,2026,1,24.79119468830413
Benin,2026,2,27.276803030928022
Benin,2026,3,28.59913755505204
Benin,2026,4,29.222868783058402
Benin,2026,5,29.463689730307124
Benin,2026,6,29.51081689514922
Benin,2026,7,29.449491248736194
Benin,2026,8,29.2834792249605
Benin,2026,9,28.95757371032687
Benin,2026,10,28.380095033881844
Benin,2026,11,27.44539195708876
Benin,2026,12,26.05634266371726
Benin,2027,1,24.820210719871284
Benin,2027,2,27.314153563126638
Benin,2027,3,28.642963180475817
Benin,2027,4,29.271623268975418
Benin,2027,5,29.51607048167807
Benin,2027,6,29.565695417602
Benin,2027,7,29.50584361165693
Benin,2027,8,29.34031652442809
Benin,2027,9,29.013872532200367
Benin,2027,10,28.434727916789598
Benin,2027,11,27.49705785545757
Benin,2027,12,26.10349741077971
Benin,2028,1,24.85000324588418
Benin,2028,2,27.35244129752482
Benin,2028,3,28.687854762357347
Benin,2028,4,29.321543029474014
Benin,2028,5,29.56968890708322
Benin,2028,6,29.621859612337175
Benin,2028,7,29.563507761290566
Benin,2028,8,29.398472358728213
Benin,2028,9,29.071479788105535
Benin,2028,10,28.490644801488997
Benin,2028,11,27.549971509351053
Benin,2028,12,26.151854370521505
Benin,2029,1,24.880590111636593
Benin,2029,2,27.391684699240614
Benin,2029,3,28.733831331807778
Benin,2029,4,29.372647608012812
Benin,2029,5,29.624565008602985
Benin,2029,6,29.67932988634948
Benin,2029,7,29.622504455867784
Benin,2029,8,29.457967783587264
Benin,2029,9,29.130416777607934
Benin,2029,10,28.547867177611806
Benin,2029,11,27.604154544781522
Benin,2029,12,26.20143525164258
Benin,2030,1,24.911989210534557
Benin,2030,2,27.431902282170086
Benin,2030,3,28.78091196960031
Benin,2030,4,29.42495659850556
Benin,2030,5,29.680718839642395
Benin,2030,6,29.738126698740416
Benin,2030,7,29.682854506522744
Benin,2030,8,29.518823908446393
Benin,2030,9,29.19070485471184
Benin,2030,10,28.60641659009434
Benin,2030,11,27.659628643891665
Benin,2030,12,26.25226181974449
Benin,2031,1,24.944218484001794
Benin,2031,2,27.473112609147393
Benin,2031,3,28.82911580626842
Benin,2031,4,29.47848964543755
Benin,2031,5,29.73817050485468
Benin,2031,6,29.798270560769197
Benin,2031,7,29.74457877732948
Benin,2031,8,29.581061896530628
Benin,2031,9,29.252365428071244
Benin,2031,10,28.666314639282973
Benin,2031,11,27.7164155449982
Benin,2031,12,26.304355897468668
Benin,2032,1,24.977295921679797
Benin,2032,2,27.515334291977524
Benin,2032,3,28.878462022044005
Benin,2032,4,29.533266443792854
Benin,2032,5,29.79694016035228
Benin,2032,6,29.85978203583454
Benin,2032,7,29.80769818535282
Benin,2032,8,29.64470296480158
Benin,2032,9,29.31541996089163
Benin,2032,10,28.727582980872285
Benin,2032,11,27.77453704263189
Benin,2032,12,26.357739364430927
Benin,2033,1,25.011239561347793
Benin,2033,2,27.558585991432665
Benin,2033,3,28.928969846984728
Benin,2033,4,29.589306739239873
Benin,2033,5,29.857048013612257
Benin,2033,6,29.922681739598374
Benin,2033,7,29.872233700666584
Benin,2033,8,29.70976838410661
Benin,2033,9,29.379889971013654
Benin,2033,10,28.79024332609424
Benin,2033,11,27.834014987613955
Benin,2033,12,26.41243415734516
Benin,2034,1,25.046067489035522
Benin,2034,2,27.60288641734678
Benin,2034,3,28.9806585610213
Benin,2034,4,29.64663032804765
Benin,2034,5,29.918514323614545
Benin,2034,6,29.98699034000765
Benin,2034,7,29.938206346491825
Benin,2034,8,29.77627947920064
Benin,2034,9,29.445797031044094
Benin,2034,10,28.854317441609055
Benin,2034,11,27.8948712870706
Benin,2034,12,26.468462270066993
Benin,2035,1,25.081797839070532
Benin,2035,2,27.648254328626535
Benin,2035,3,29.033547493953847
Benin,2035,4,29.705257057209565
Benin,2035,5,29.981359400827387
Benin,2035,6,30.052728557279806
Benin,2035,7,30.005637199094963
Benin,2035,8,29.844257628706146
Benin,2035,9,29.513162768257644
Benin,2035,10,28.919827149690718
Benin,2035,11,27.957127904473055
Benin,2035,12,26.52584575358287
Bhutan,2025,1,0.7086222589578028
Bhutan,2025,2,1.2190815394797028
Bhutan,2025,3,4.532199245616539
Bhutan,2025,4,9.028733260213812
Bhutan,2025,5,13.386694836645802
Bhutan,2025,6,16.60384958861414
Bhutan,2025,7,18.02021848012828
Bhutan,2025,8,17.340578815365916
Bhutan,2025,9,14.656965228587978
Bhutan,2025,10,10.471170674002678
Bhutan,2025,11,5.717247415698694
Bhutan,2025,12,1.7840080175237745
Bhutan,2026,1,0.7743171952179182
Bhutan,2026,2,1.2895126884150159
Bhutan,2026,3,4.605423962581881
Bhutan,2026,4,9.10336143567929
Bhutan,2026,5,13.46181935914592
Bhutan,2026,6,16.678976807838808
Bhutan,2026,7,18.095198669890124
Bhutan,2026,8,17.415536636640354
Bhutan,2026,9,14.732230192535098
Bhutan,2026,10,10.547207604970936
Bhutan,2026,11,5.794586914246793
Bhutan,2026,12,1.8631769234607418
Bhutan,2027,1,0.8410613654095869
Bhutan,2027,2,1.3612127915230303
Bhutan,2027,3,4.680099670990785
Bhutan,2027,4,9.179587474286564
Bhutan,2027,5,13.538655968416606
Bhutan,2027,6,16.755900206783735
Bhutan,2027,7,18.172031519127813
Bhutan,2027,8,17.492378501371604
Bhutan,2027,9,14.809388005568508
Bhutan,2027,10,10.625126129762975
Bhutan,2027,11,5.873779207930966
Bhutan,2027,12,1.9441547998367241
Bhutan,2028,1,0.9088724003604511
Bhutan,2028,2,1.4342002060520826
Bhutan,2028,3,4.756245400801163
Bhutan,2028,4,9.257431025053847
Bhutan,2028,5,13.617224878810703
Bhutan,2028,6,16.834640511447105
Bhutan,2028,7,18.250738211726457
Bhutan,2028,8,17.571125997635136
Bhutan,2028,9,14.888460606282933
Bhutan,2028,10,10.704948483792577
Bhutan,2028,11,5.954846775229271
Bhutan,2028,12,2.026964314482939
Bhutan,2029,1,0.9777679778899255
Bhutan,2029,2,1.5084933371226725
Bhutan,2029,3,4.833880230719842
Bhutan,2029,4,9.336911786530436
Bhutan,2029,5,13.69754635496156
Bhutan,2029,6,16.915218498878858
Bhutan,2029,7,18.3313399834924
Bhutan,2029,8,17.65180076623892
Bhutan,2029,9,14.969469986780496
Bhutan,2029,10,10.786696956737615
Bhutan,2029,11,6.037812149724232
Bhutan,2029,12,2.1116281911426995
Bhutan,2030,1,1.047765822940164
Bhutan,2030,2,1.5841106377274627
Bhutan,2030,3,4.913023288067961
Bhutan,2030,4,9.41804950668029
Bhutan,2030,5,13.779640711833963
Bhutan,2030,6,16.99765499727164
Bhutan,2030,7,18.413858122102283
Bhutan,2030,8,17.73442450073071
Bhutan,2030,9,15.052438192718
Bhutan,2030,10,10.870393892656466
Bhutan,2030,11,6.122697920142855
Bhutan,2030,12,2.1981692096060215
Bhutan,2031,1,1.1188837075942502
Bhutan,2031,2,1.6610706088113147
Bhutan,2031,3,4.993693748991973
Bhutan,2031,4,9.500863983107593
Bhutan,2031,5,13.863528314756877
Bhutan,2031,6,17.08197088599354
Bhutan,2031,7,18.498313967310423
Bhutan,2031,8,17.819018947452605
Bhutan,2031,9,15.137387323354233
Bhutan,2031,10,10.956061690028037
Bhutan,2031,11,6.209526730487596
Bhutan,2031,12,2.286610205618672
Bhutan,2032,1,1.1911394510798345
Bhutan,2032,2,1.7393917993258583
Bhutan,2032,3,5.075910838390882
Bhutan,2032,4,9.585375062991261
Bhutan,2032,5,13.949229579470739
Bhutan,2032,6,17.168187095668145
Bhutan,2032,7,18.584728910846934
Bhutan,2032,8,17.90560590556288
Bhutan,2032,9,15.224339531586338
Bhutan,2032,10,11.043722801766307
Bhutan,2032,11,6.298321279996344
Bhutan,2032,12,2.3769740710240512
Bhutan,2033,1,1.2645509199146545
Bhutan,2033,2,1.8190928062331295
Bhutan,2033,3,5.15969383002539
Bhutan,2033,4,9.671602643157712
Bhutan,2033,5,14.036764972182027
Bhutan,2033,6,17.25632460813449
Bhutan,2033,7,18.673124396519597
Bhutan,2033,8,17.994207227123297
Bhutan,2033,9,15.313317024008029
Bhutan,2033,10,11.1333997353222
Bhutan,2033,11,6.389104323218817
Bhutan,2033,12,2.469283753763193
Bhutan,2034,1,1.3391360278374123
Bhutan,2034,2,1.9001922746037962
Bhutan,2034,3,5.245062046539715
Bhutan,2034,4,9.759566670157255
Bhutan,2034,5,14.126155009592367
Bhutan,2034,6,17.34640445657442
Bhutan,2034,7,18.763521920275707
Bhutan,2034,8,18.08484481715368
Bhutan,2034,9,15.404342060982344
Bhutan,2034,10,11.225115052629008
Bhutan,2034,11,6.481898670027476
Bhutan,2034,12,2.5635622579948176
Bhutan,2035,1,1.4149127359096383
Bhutan,2035,2,1.9827088976062441
Bhutan,2035,3,5.332034859519808
Bhutan,2035,4,9.849287140231354
Bhutan,2035,5,14.21742025896765
Bhutan,2035,6,17.4384477255162
Bhutan,2035,7,18.855943030180242
Bhutan,2035,8,18.17754063357006
Bhutan,2035,9,15.497436956576166
Bhutan,2035,10,11.318891370266101
Bhutan,2035,11,6.57672718572303
Bhutan,2035,12,2.65983264400802
Bolivia,2025,1,18.033656070333564
Bolivia,2025,2,18.37430235253214
Bolivia,2025,3,19.383137100981003
Bolivia,2025,4,20.715879845539348
Bolivia,2025,5,22.04762572945856
Bolivia,2025,6,23.095346499257175
Bolivia,2025,7,23.640391494664982
Bolivia,2025,8,23.55098863846888
Bolivia,2025,9,22.80474542640968
Bolivia,2025,10,21.51114991718441
Bolivia,2025,11,19.934071722161207
Bolivia,2025,12,18.514262995447098
Bolivia,2026,1,18.0776958911747
Bolivia,2026,2,18.42424998765364
Bolivia,2026,3,19.437290777911585
Bolivia,2026,4,20.772939680730815
Bolivia,2026,5,22.106624191354967
Bolivia,2026,6,23.155578871309444
Bolivia,2026,7,23.701346338305484
Bolivia,2026,8,23.612278256195168
Bolivia,2026,9,22.866036324766355
Bolivia,2026,10,21.572093269741345
Bolivia,2026,11,19.994233832615464
Bolivia,2026,12,18.57305576061208
Bolivia,2027,1,18.122676823099937
Bolivia,2027,2,18.475319101963578
Bolivia,2027,3,19.492712220985595
Bolivia,2027,4,20.831382005363594
Bolivia,2027,5,22.167090819734767
Bolivia,2027,6,23.21733855806542
Bolivia,2027,7,23.76386363352958
Bolivia,2027,8,23.675143968434895
Bolivia,2027,9,22.928897984072137
Bolivia,2027,10,21.63458559067385
Bolivia,2027,11,20.0559091772966
Bolivia,2027,12,18.633314601634083
Bolivia,2028,1,18.1686166929112
Bolivia,2028,2,18.527528181778507
Bolivia,2028,3,19.549420522326727
Bolivia,2028,4,20.891226463624662
Bolivia,2028,5,22.229045757148015
Bolivia,2028,6,23.280646146756226
Bolivia,2028,7,23.82796435850196
Bolivia,2028,8,23.739607090626123
Bolivia,2028,9,22.99335200333826
Bolivia,2028,10,21.69864870883339
Bolivia,2028,11,20.11911976110514
Bolivia,2028,12,18.69506164588256
Bolivia,2029,1,18.215533375126142
Bolivia,2029,2,18.580895761883767
Bolivia,2029,3,19.60743482333146
Bolivia,2029,4,20.952492749792327
Bolivia,2029,5,22.292509197065556
Bolivia,2029,6,23.34552227631957
Bolivia,2029,7,23.893669543948818
Bolivia,2029,8,23.805688991517854
Bolivia,2029,9,23.05942003565451
Bolivia,2029,10,21.764304507906672
Bolivia,2029,11,20.183887644722745
Bolivia,2029,12,18.75831907722113
Bolivia,2030,1,18.263444791901748
Bolivia,2030,2,18.63544042558442
Bolivia,2030,3,19.666774314683607
Bolivia,2030,4,21.015200608272607
Bolivia,2030,5,22.35750138386811
Bolivia,2030,6,23.411987637407037
Bolivia,2030,7,23.96100027306329
Bolivia,2030,8,23.873411093210052
Bolivia,2030,9,23.127123788265635
Bolivia,2030,10,21.831574926641224
Bolivia,2030,11,20.250234944604927
Bolivia,2030,12,18.823109136174935
Bolivia,2031,1,18.31236891318349
Bolivia,2031,2,18.691180804708893
Bolivia,2031,3,19.72745823645255
Bolivia,2031,4,21.07936983360287
Bolivia,2031,5,22.424042612908124
Bolivia,2031,6,23.48006297246411
Bolivia,2031,7,24.029977681698256
Bolivia,2031,8,23.94279487118274
Bolivia,2031,9,23.19648502262953
Bolivia,2031,10,21.900481958699856
Bolivia,2031,11,20.318183832973773
Bolivia,2031,12,18.88945411979239
Bolivia,2032,1,18.362323756632577
Bolivia,2032,2,18.74813557967809
Bolivia,2032,3,19.78950587804593
Bolivia,2032,4,21.145020270542773
Bolivia,2032,5,22.49215323052431
Bolivia,2032,6,23.54976907573746
Bolivia,2032,7,24.10062295825719
Bolivia,2032,8,24.013861854354218
Bolivia,2032,9,23.267525554424537
Bolivia,2032,10,21.97104765286076
Bolivia,2032,11,20.387756537970745
Bolivia,2032,12,18.95737638184528
Bolivia,2033,1,18.413327387786012
Bolivia,2033,2,18.806323479552702
Bolivia,2033,3,19.852936578366098
Bolivia,2033,4,21.21217181407792
Bolivia,2033,5,22.561853634132603
Bolivia,2033,6,23.62112679334041
Bolivia,2033,7,24.172957343857888
Bolivia,2033,8,24.086633625124705
Bolivia,2033,9,23.34026725365129
Bolivia,2033,10,22.043294112988406
Bolivia,2033,11,20.458975343620295
Bolivia,2033,12,19.02689833281056
Bolivia,2034,1,18.46539792002386
Bolivia,2034,2,18.86576328204046
Bolivia,2034,3,19.91776972577736
Bolivia,2034,4,21.28084440953262
Bolivia,2034,5,22.63316427225527
Bolivia,2034,6,23.694157023289335
Bolivia,2034,7,24.247002132372472
Bolivia,2034,8,24.16113181943456
Bolivia,2034,9,23.41473204461454
Bolivia,2034,10,22.117243498062635
Bolivia,2034,11,20.53186258984806
Bolivia,2034,12,19.098042439928577
Bolivia,2035,1,18.518553514649284
Bolivia,2035,2,18.92647381363804
Bolivia,2035,3,19.984024758164196
Bolivia,2035,4,21.351058052515327
Bolivia,2035,5,22.706105644539093
Bolivia,2035,6,23.76888071558369
Bolivia,2035,7,24.32277867034736
Bolivia,2035,8,24.23737812678246
Bolivia,2035,9,23.490941906025
Bolivia,2035,10,22.19291802225871
Bolivia,2035,11,20.60644067265548
Bolivia,2035,12,19.170831227235794
Bosnia and Herzegovina,2025,1,3.567689202835936
Bosnia and Herzegovina,2025,2,3.911585658691365
Bosnia and Herzegovina,2025,3,6.767878229949019
Bosnia and Herzegovina,2025,4,10.71202789668041
Bosnia and Herzegovina,2025,5,14.573232322284639
Bosnia and Herzegovina,2025,6,17.45692684338519
Bosnia and Herzegovina,2025,7,18.767285459752202
Bosnia and Herzegovina,2025,8,18.229721824166518
Bosnia and Herzegovina,2025,9,15.913390232356505
Bosnia and Herzegovina,2025,10,12.25368661284756
Bosnia and Herzegovina,2025,11,8.074749516898919
Bosnia and Herzegovina,2025,12,4.611961108389551
Bosnia and Herzegovina,2026,1,3.6315329905637554
Bosnia and Herzegovina,2026,2,3.980095749827342
Bosnia and Herzegovina,2026,3,6.83918659486244
Bosnia and Herzegovina,2026,4,10.7847954490544
Bosnia and Herzegovina,2026,5,14.646579382174423
Bosnia and Herzegovina,2026,6,17.530363600250894
Bosnia and Herzegovina,2026,7,18.840642435418886
Bosnia and Herzegovina,2026,8,18.303080335889717
Bosnia and Herzegovina,2026,9,15.987012855822286
Bosnia and Herzegovina,2026,10,12.327947645223503
Bosnia and Herzegovina,2026,11,8.150065439775972
Bosnia and Herzegovina,2026,12,4.688721050891218
Bosnia and Herzegovina,2027,1,3.696424994607696
Bosnia and Herzegovina,2027,2,4.04986713226117
Bosnia and Herzegovina,2027,3,6.911932207139216
Bosnia and Herzegovina,2027,4,10.859141603411445
Bosnia and Herzegovina,2027,5,14.721614314640647
Bosnia and Herzegovina,2027,6,17.605567933639577
Bosnia and Herzegovina,2027,7,18.91581964244415
Bosnia and Herzegovina,2027,8,18.378287202090178
Bosnia and Herzegovina,2027,9,16.0624899426266
Bosnia and Herzegovina,2027,10,12.404049752924948
Bosnia and Herzegovina,2027,11,8.227192070630736
Bosnia and Herzegovina,2027,12,4.767246872056603
Bosnia and Herzegovina,2028,1,3.7623828965706707
Bosnia and Herzegovina,2028,2,4.120918203608198
Bosnia and Herzegovina,2028,3,6.9861341266669115
Bosnia and Herzegovina,2028,4,10.935086028156547
Bosnia and Herzegovina,2028,5,14.798357342890995
Bosnia and Herzegovina,2028,6,17.682560567948713
Bosnia and Herzegovina,2028,7,18.992838252631373
Bosnia and Herzegovina,2028,8,18.45536398828426
Bosnia and Herzegovina,2028,9,16.139843398269477
Bosnia and Herzegovina,2028,10,12.48201512779724
Bosnia and Herzegovina,2028,11,8.306151833880904
Bosnia and Herzegovina,2028,12,4.847561175190094
Bosnia and Herzegovina,2029,1,3.8294244252547287
Bosnia and Herzegovina,2029,2,4.193267409399596
Bosnia and Herzegovina,2029,3,7.061811462052901
Bosnia and Herzegovina,2029,4,11.012648441280362
Bosnia and Herzegovina,2029,5,14.876828740584642
Bosnia and Herzegovina,2029,6,17.76136227875122
Bosnia and Herzegovina,2029,7,19.07171948979976
Bosnia and Herzegovina,2029,8,18.534332312808147
Bosnia and Herzegovina,2029,9,16.21909518191842
Bosnia and Herzegovina,2029,10,12.561866016113527
Bosnia and Herzegovina,2029,11,8.386967209197792
Bosnia and Herzegovina,2029,12,4.929686619646418
Bosnia and Herzegovina,2030,1,3.897567356613763
Bosnia and Herzegovina,2030,2,4.26693324318785
Bosnia and Herzegovina,2030,3,7.138983370711685
Bosnia and Herzegovina,2030,4,11.091848610355555
Bosnia and Herzegovina,2030,5,14.957048831744942
Bosnia and Herzegovina,2030,6,17.84199389283185
Bosnia and Herzegovina,2030,7,19.15248462976615
Bosnia and Herzegovina,2030,8,18.61521384684329
Bosnia and Herzegovina,2030,9,16.300267306379283
Bosnia and Herzegovina,2030,10,12.643624718589308
Bosnia and Herzegovina,2030,11,8.469660731517251
Bosnia and Herzegovina,2030,12,5.013645920881572
Bosnia and Herzegovina,2031,1,3.966829513851735
Bosnia and Herzegovina,2031,2,4.341934246561323
Bosnia and Herzegovina,2031,3,7.217669058912179
Bosnia and Herzegovina,2031,4,11.172706352627756
Bosnia and Herzegovina,2031,5,15.039037990908582
Bosnia and Herzegovina,2031,6,17.92447628825994
Bosnia and Herzegovina,2031,7,19.235155000472332
Bosnia and Herzegovina,2031,8,18.69803031444917
Bosnia and Herzegovina,2031,9,16.383381838147216
Bosnia and Herzegovina,2031,10,12.727313590440644
Bosnia and Herzegovina,2031,11,8.554254991065136
Bosnia and Herzegovina,2031,12,5.099461850449188
Bosnia and Herzegovina,2032,1,4.037228767429951
Bosnia and Herzegovina,2032,2,4.418289009187902
Bosnia and Herzegovina,2032,3,7.297887781817735
Bosnia and Herzegovina,2032,4,11.255241535051937
Bosnia and Herzegovina,2032,5,15.122816643060105
Bosnia and Herzegovina,2032,6,18.008830394429424
Bosnia and Herzegovina,2032,7,19.319751981948684
Bosnia and Herzegovina,2032,8,18.782803492606945
Bosnia and Herzegovina,2032,9,16.468460897450313
Bosnia and Herzegovina,2032,10,12.812955041453279
Bosnia and Herzegovina,2032,11,8.64077263344825
Bosnia and Herzegovina,2032,12,5.187157236025996
Bosnia and Herzegovina,2033,1,4.10878303514346
Bosnia and Herzegovina,2033,2,4.4960161688622975
Bosnia and Herzegovina,2033,3,7.379658843533434
Bosnia and Herzegovina,2033,4,11.339474074292411
Bosnia and Herzegovina,2033,5,15.208405263791974
Bosnia and Herzegovina,2033,6,18.095077192051576
Bosnia and Herzegovina,2033,7,19.406297006397836
Bosnia and Herzegovina,2033,8,18.869555211295847
Bosnia and Herzegovina,2033,9,16.555526658307826
Bosnia and Herzegovina,2033,10,12.90057153595717
Bosnia and Herzegovina,2033,11,8.729236359654351
Bosnia and Herzegovina,2033,12,5.27675496156462
Bosnia and Herzegovina,2034,1,4.181510282146519
Bosnia and Herzegovina,2034,2,4.575134411560612
Bosnia and Herzegovina,2034,3,7.463001597113362
Bosnia and Herzegovina,2034,4,11.425423936839252
Bosnia and Herzegovina,2034,5,15.295824379260921
Bosnia and Herzegovina,2034,6,18.183237713318704
Bosnia and Herzegovina,2034,7,19.494811558252877
Bosnia and Herzegovina,2034,8,18.958307353485907
Bosnia and Herzegovina,2034,9,16.644601348555625
Bosnia and Herzegovina,2034,10,12.99018559297565
Bosnia and Herzegovina,2034,11,8.819668926143095
Bosnia and Herzegovina,2034,12,5.368277967242648
Bosnia and Herzegovina,2035,1,4.255428521003523
Bosnia and Herzegovina,2035,2,4.655662471462165
Bosnia and Herzegovina,2035,3,7.547935444677023
Bosnia and Herzegovina,2035,4,11.513111138990098
Bosnia and Herzegovina,2035,5,15.38509456626798
Bosnia and Herzegovina,2035,6,18.273333041795013
Bosnia and Herzegovina,2035,7,19.585317174181
Bosnia and Herzegovina,2035,8,19.049081855261647
Bosnia and Herzegovina,2035,9,16.735707249944426
Bosnia and Herzegovina,2035,10,13.081819786189044
Bosnia and Herzegovina,2035,11,8.912093144824212
Bosnia and Herzegovina,2035,12,5.461749249539025
Botswana,2025,1,20.364394347424422
Botswana,2025,2,21.044108417951975
Botswana,2025,3,21.946731572782483
Botswana,2025,4,22.945449093990646
Botswana,2025,5,23.886997741178675
Botswana,2025,6,24.614166741493136
Botswana,2025,7,24.988298779521756
Botswana,2025,8,24.911790987102904
Botswana,2025,9,24.350595933357
Botswana,2025,10,23.356722614452337
Botswana,2025,11,22.09073744358193
Botswana,2025,12,20.84426524084938
Botswana,2026,1,20.403700834730444
Botswana,2026,2,21.089842072736246
Botswana,2026,3,21.997176684523765
Botswana,2026,4,22.999266998359417
Botswana,2026,5,23.943157283208166
Botswana,2026,6,24.67187473848844
Botswana,2026,7,25.046930484118093
Botswana,2026,8,24.970820550327517
Botswana,2026,9,24.40952686756009
Botswana,2026,10,23.415018256390795
Botswana,2026,11,22.147751417415748
Botswana,2026,12,20.89917192114899
Botswana,2027,1,20.44390748710157
Botswana,2027,2,21.13665047309496
Botswana,2027,3,22.04883763514681
Botswana,2027,4,23.054410865236605
Botswana,2027,5,24.000724459049707
Botswana,2027,6,24.731046105805035
Botswana,2027,7,25.10705787815914
Botswana,2027,8,25.03135722213574
Botswana,2027,9,24.46995794698978
Botswana,2027,10,23.47479121512606
Botswana,2027,11,22.206206531988755
Botswana,2027,12,20.955472735987314
Botswana,2028,1,20.48503213443564
Botswana,2028,2,21.184552097352025
Botswana,2028,3,22.101733497723217
Botswana,2028,4,23.11090030872674
Botswana,2028,5,24.05971937018785
Botswana,2028,6,24.79170137852725
Botswana,2028,7,25.16870187663244
Botswana,2028,8,25.093422243729037
Botswana,2028,9,24.531910685353978
Botswana,2028,10,23.536063223161364
Botswana,2028,11,22.266124684906572
Botswana,2028,12,21.013189694252105
Botswana,2029,1,20.527092654360786
Botswana,2029,2,21.233565472398368
Botswana,2029,3,22.155883394742887
Botswana,2029,4,23.168754993134826
Botswana,2029,5,24.120162169046125
Botswana,2029,6,24.853861143515132
Botswana,2029,7,25.23188344709797
Botswana,2029,8,25.157036909699855
Botswana,2029,9,24.595406650533732
Botswana,2029,10,23.598856067984343
Botswana,2029,11,22.327527829508654
Botswana,2029,12,21.072344861547208
Botswana,2030,1,20.570106972279063
Botswana,2030,2,21.28370917371376
Botswana,2030,3,22.21130649800125
Botswana,2030,4,23.227994632937225
Botswana,2030,5,24.18207305904889
Botswana,2030,6,24.917546039440822
Botswana,2030,7,25.29662360977545
Botswana,2030,8,25.222222568082543
Botswana,2030,9,24.66046746468146
Botswana,2030,10,23.663191592136172
Botswana,2030,11,22.390437975057466
Botswana,2030,12,21.132960360105244
Botswana,2031,1,20.61409306144651
Botswana,2031,2,21.335001825421386
Botswana,2031,3,22.26802202881754
Botswana,2031,4,23.288638992912638
Botswana,2031,5,24.245472294708634
Botswana,2031,6,24.982776756879502
Botswana,2031,7,25.362943437577087
Botswana,2031,8,25.289000620389743
Botswana,2031,9,24.727114804264602
Botswana,2031,10,23.729091693291593
Botswana,2031,11,22.454877186756676
Botswana,2031,12,21.195058368907667
Botswana,2032,1,20.65906894298405
Botswana,2032,2,21.387462100346056
Botswana,2032,3,22.326049257976592
Botswana,2032,4,23.35070788811663
Botswana,2032,5,24.310380181684195
Botswana,2032,6,25.04957403829485
Botswana,2032,7,25.430864056122118
Botswana,2032,8,25.357392521736074
Botswana,2032,9,24.795370400076536
Botswana,2032,10,23.796578324302573
Botswana,2032,11,22.520867585722044
Botswana,2032,12,21.258661123692036
Botswana,2033,1,20.705052685961164
Botswana,2033,2,21.441108720017837
Botswana,2033,3,22.385407505823423
Botswana,2033,4,23.41422118394712
Botswana,2033,5,24.376817076707994
Botswana,2033,6,25.11795867813362
Botswana,2033,7,25.500406643784117
Botswana,2033,8,25.427419780710807
Botswana,2033,9,24.86525603726932
Botswana,2033,10,23.865673493136455
Botswana,2033,11,22.588431349097846
Botswana,2033,12,21.323790916984763
Botswana,2034,1,20.752062407363155
Botswana,2034,2,21.495960454770284
Botswana,2034,3,22.446116142263236
Botswana,2034,4,23.479198796228047
Botswana,2034,5,24.444803387800675
Botswana,2034,6,25.187951522854746
Botswana,2034,7,25.571592431807403
Botswana,2034,8,25.49910395959614
Botswana,2034,9,24.936793555484655
Botswana,2034,10,23.936399263061503
Botswana,2034,11,22.65759071004595
Botswana,2034,12,21.39047009823571
Botswana,2035,1,20.80011627224758
Botswana,2035,2,21.552036123747712
Botswana,2035,3,22.508194586841455
Botswana,2035,4,23.545660691176636
Botswana,2035,5,24.514359574161972
Botswana,2035,6,25.25957347093663
Botswana,2035,7,25.644442704259745
Botswana,2035,8,25.57246667434174
Botswana,2035,9,25.010004848821154
Botswana,2035,10,24.00877775261415
Botswana,2035,11,22.72836795784042
Botswana,2035,12,21.458721073709057
Brazil,2025,1,23.135750745427686
Brazil,2025,2,24.604038854414284
Brazil,2025,3,25.58792255757453
Brazil,2025,4,26.277092148481643
Brazil,2025,5,26.76885114361812
Brazil,2025,6,27.090617272243435
Brazil,2025,7,27.22242346627627
Brazil,2025,8,27.11941885019496
Brazil,2025,9,26.734369730970684
Brazil,2025,10,26.04016058792058
Brazil,2025,11,25.0522950626264
Brazil,2025,12,23.85139694883128
Brazil,2026,1,23.168636399955176
Brazil,2026,2,24.64423174271451
Brazil,2026,3,25.633660254120514
Brazil,2026,4,26.326953526870966
Brazil,2026,5,26.821686839562062
Brazil,2026,6,27.145480146581576
Brazil,2026,7,27.278499068027486
Brazil,2026,8,27.17595587957203
Brazil,2026,9,26.790610502369418
Brazil,2026,10,26.09527149297446
Brazil,2026,11,25.10529703318116
Brazil,2026,12,23.901095920025
Brazil,2027,1,23.202351838285722
Brazil,2027,2,24.68542101593721
Brazil,2027,3,25.680528304238578
Brazil,2027,4,26.378049112468034
Brazil,2027,5,26.875832998725855
Brazil,2027,6,27.201704660049472
Brazil,2027,7,27.33596492211018
Brazil,2027,8,27.23389172921543
Brazil,2027,9,26.84824113416198
Brazil,2027,10,26.151748288136332
Brazil,2027,11,25.159628430669727
Brazil,2027,12,23.95207787945492
Brazil,2028,1,23.236914880101722
Brazil,2028,2,24.727625126329258
Brazil,2028,3,25.728545739039873
Brazil,2028,4,26.43039846148622
Brazil,2028,5,26.93130964883403
Brazil,2028,6,27.259311258091657
Brazil,2028,7,27.39484183798868
Brazil,2028,8,27.29324751891272
Brazil,2028,9,26.90728300271894
Brazil,2028,10,26.20961255272141
Brazil,2028,11,25.215310983557174
Brazil,2028,12,24.004364651075775
Brazil,2029,1,23.27234339298684
Brazil,2029,2,24.77086257485371
Brazil,2029,3,25.777731639159356
Brazil,2029,4,26.4840211805722
Brazil,2029,5,26.988136868721085
Brazil,2029,6,27.318320438092087
Brazil,2029,7,27.455150677888923
Brazil,2029,8,27.354044421991603
Brazil,2029,9,26.967757538827755
Brazil,2029,10,26.26888592119667
Brazil,2029,11,25.27236647634436
Brazil,2029,12,24.057978115667538
Brazil,2030,1,23.308655292469666
Brazil,2030,2,24.815151911215253
Brazil,2030,3,25.828105134763064
Brazil,2030,4,26.53893692665315
Brazil,2030,5,27.046334788396962
Brazil,2030,6,27.378752749385058
Brazil,2030,7,27.516912356787543
Brazil,2030,8,27.416303665403575
Brazil,2030,9,27.029686227616367
Brazil,2030,10,26.329590083235416
Brazil,2030,11,25.33081674949517
Brazil,2030,12,24.112940210817214
Brazil,2031,1,23.34586854203826
Brazil,2031,2,24.860511733903877
Brazil,2031,3,25.879685405617238
Brazil,2031,4,26.59516540705681
Brazil,2031,5,27.105923589054328
Brazil,2031,6,27.440628793375254
Brazil,2031,7,27.580147842499173
Brazil,2031,8,27.480046529676656
Brazil,2031,9,27.09309060868054
Brazil,2031,10,26.391746783750023
Brazil,2031,11,25.390683699542024
Brazil,2031,12,24.16927293097342
Brazil,2032,1,23.384001153209283
Brazil,2032,2,24.90696069022033
Brazil,2032,3,25.932491681124702
Brazil,2032,4,26.652726379566047
Brazil,2032,5,27.1669235031668
Brazil,2032,6,27.503969223439526
Brazil,2032,7,27.644878155727383
Brazil,2032,8,27.545294349079086
Brazil,2032,9,27.157992276098412
Brazil,2032,10,26.455377822942864
Brazil,2032,11,25.45198927912952
Brazil,2032,12,24.22699832748276
Brazil,2033,1,23.42307118557528
Brazil,2033,2,24.954517476348883
Brazil,2033,3,25.98654324038307
Brazil,2033,4,26.711639652484337
Brazil,2033,5,27.22935481447803
Brazil,2033,6,27.568794745137893
Brazil,2033,7,27.711124370042853
Brazil,2033,8,27.6120685115211
Brazil,2033,9,27.224412878488693
Brazil,2033,10,26.520505056382717
Brazil,2033,11,25.514755497061742
Brazil,2033,12,24.286138508669865
Brazil,2034,1,23.46309674681197
Brazil,2034,2,25.003200837426448
Brazil,2034,3,26.041859412195663
Brazil,2034,4,26.771925084592112
Brazil,2034,5,27.293237858089014
Brazil,2034,6,27.63512611614442
Brazil,2034,7,27.778907612021612
Brazil,2034,8,27.680390458773218
Brazil,2034,9,27.2923741190325
Brazil,2034,10,26.58715039499384
Brazil,2034,11,25.579004418273144
Brazil,2034,12,24.346715639819195
Brazil,2035,1,23.504095992761904
Brazil,2035,2,25.053029567484373
Brazil,2035,3,26.098459575140623
Brazil,2035,4,26.83360258529592
Brazil,2035,5,27.35859302049448
Brazil,2035,6,27.70298414633089
Brazil,2035,7,27.848249061219576
Brazil,2035,8,27.750281686338894
Brazil,2035,9,27.36189775551702
Brazil,2035,10,26.65533580511419
Brazil,2035,11,25.64475816398499
Brazil,2035,12,24.40875194331693
Brunei,2025,1,24.03507598933811
Brunei,2025,2,25.956702579934245
Brunei,2025,3,27.070454210313073
Brunei,2025,4,27.70038610903157
Brunei,2025,5,28.050437352977497
Brunei,2025,6,28.226931857091586
Brunei,2025,7,28.2610793645008
Brunei,2025,8,28.131476436193225
Brunei,2025,9,27.786607441067645
Brunei,2025,10,27.167345545779426
Brunei,2025,11,26.229453704586376
Brunei,2025,12,24.96608564932194
Brunei,2026,1,24.065554972764403
Brunei,2026,2,25.99490198752119
Brunei,2026,3,27.114582575356508
Brunei,2026,4,27.748978230964894
Brunei,2026,5,28.102284760397197
Brunei,2026,6,28.281013270815492
Brunei,2026,7,28.31649116052813
Brunei,2026,8,28.187363108788304
Brunei,2026,9,27.842092065719953
Brunei,2026,10,27.221460242247304
Brunei,2026,11,26.28107009992982
Brunei,2026,12,25.013845340895386
Brunei,2027,1,24.096830104984292
Brunei,2027,2,26.034060912320456
Brunei,2027,3,27.159801552957106
Brunei,2027,4,27.798762305222226
Brunei,2027,5,28.155398221749238
Brunei,2027,6,28.33641011938471
Brunei,2027,7,28.373245569030587
Brunei,2027,8,28.244599885639218
Brunei,2027,9,27.898917118022837
Brunei,2027,10,27.276891038819485
Brunei,2027,11,26.333966134317052
Brunei,2027,12,25.062838594390087
Brunei,2028,1,24.128919196283277
Brunei,2028,2,26.074197790484504
Brunei,2028,3,27.2061301514741
Brunei,2028,4,27.84975785864026
Brunei,2028,5,28.209797728647573
Brunei,2028,6,28.39314280542112
Brunei,2028,7,28.4313633499778
Brunei,2028,8,28.30320783037041
Brunei,2028,9,27.95710391153716
Brunei,2028,10,27.333659445271223
Brunei,2028,11,26.388163460030228
Brunei,2028,12,25.113087150887623
Brunei,2029,1,24.161840104899056
Brunei,2029,2,26.115331106954727
Brunei,2029,3,27.25358742883418
Brunei,2029,4,27.901984468394403
Brunei,2029,5,28.265503323837947
Brunei,2029,6,28.45123178356971
Brunei,2029,7,28.490865316144664
Brunei,2029,8,28.363208060182842
Brunei,2029,9,28.016673814211572
Brunei,2029,10,27.39178702658046
Brunei,2029,11,26.44368378539093
Brunei,2029,12,25.16461280830208
Brunei,2030,1,24.19561073706882
Brunei,2030,2,26.157479395435985
Brunei,2030,3,27.30219249253878
Brunei,2030,4,27.955461762111554
Brunei,2030,5,28.322535101292488
Brunei,2030,6,28.5106975604549
Brunei,2030,7,28.55177233314771
Brunei,2030,8,28.42462174596676
Brunei,2030,9,28.077648248447986
Brunei,2030,10,27.451295402996948
Brunei,2030,11,26.50054887472743
Brunei,2030,12,25.217437421430986
Brunei,2031,1,24.2302490470438
Brunei,2031,2,26.2006612385494
Brunei,2031,3,27.351964499787755
Brunei,2031,4,28.01020941785555
Brunei,2031,5,28.380913206286095
Brunei,2031,6,28.571560694822438
Brunei,2031,7,28.61410531949241
Brunei,2031,8,28.487470112265328
Brunei,2031,9,28.140048691170705
Brunei,2031,10,27.51220625007136
Brunei,2031,11,26.55878054857476
Brunei,2031,12,25.271582902013506
Brunei,2032,1,24.26577303716931
Brunei,2032,2,26.244895267715947
Brunei,2032,3,27.402922657410272
Brunei,2032,4,28.066247164178094
Brunei,2032,5,28.44065783534188
Brunei,2032,6,28.63384179753939
Brunei,2032,7,28.677885246580445
Brunei,2032,8,28.551774437372842
Brunei,2032,9,28.203896673822783
Brunei,2032,10,27.57454129870257
Brunei,2032,11,26.618400683583786
Brunei,2032,12,25.327071218708625
Brunei,2033,1,24.302200757924766
Brunei,2033,2,26.29020016335653
Brunei,2033,3,27.455086222064892
Brunei,2033,4,28.123594780227904
Brunei,2033,5,28.501789236427612
Brunei,2033,6,28.697561531583233
Brunei,2033,7,28.743133138826124
Brunei,2033,8,28.617556053363842
Brunei,2033,9,28.26921378244242
Brunei,2033,10,27.638322335210432
Brunei,2033,11,26.679431212604868
Brunei,2033,12,25.383924397247938
Brunei,2034,1,24.33955030794914
Brunei,2034,2,26.3365946548156
Brunei,2034,3,27.508474500104967
Brunei,2034,4,28.182272095674307
Brunei,2034,5,28.564327708828387
Brunei,2034,6,28.762740612194648
Brunei,2034,7,28.809870073620004
Brunei,2034,8,28.6848363461404
Brunei,2034,9,28.336021657724814
Brunei,2034,10,27.7035712013394
Brunei,2034,11,26.74189412472424
Brunei,2034,12,25.442164520362894
Brunei,2035,1,24.377839834099177
Brunei,2035,2,26.38409752050302
Brunei,2035,3,27.563106847786003
Brunei,2035,4,28.242298990910967
Brunei,2035,5,28.628293603332168
Brunei,2035,6,28.82939980684114
Brunei,2035,7,28.87811718148896
Brunei,2035,8,28.753636755468506
Brunei,2035,9,28.404341995000323
Brunei,2035,10,27.770309794302193
Brunei,2035,11,26.805811465373154
Brunei,2035,12,25.50181372793395
Bulgaria,2025,1,5.571838559241769
Bulgaria,2025,2,5.8121616253056345
Bulgaria,2025,3,8.354204174899678
Bulgaria,2025,4,11.911468245533797
Bulgaria,2025,5,15.42058661896317
Bulgaria,2025,6,18.063823810968643
Bulgaria,2025,7,19.291577061351745
Bulgaria,2025,8,18.844877323758737
Bulgaria,2025,9,16.777890255610146
Bulgaria,2025,10,13.48041720803758
Bulgaria,2025,11,9.700396215685942
Bulgaria,2025,12,6.56640298667935
Bulgaria,2026,1,5.633943826845098
Bulgaria,2026,2,5.878945106266656
Bulgaria,2026,3,8.423842110762962
Bulgaria,2026,4,11.982649228802075
Bulgaria,2026,5,15.492442056024629
Bulgaria,2026,6,18.13585838520612
Bulgaria,2026,7,19.363599196088217
Bulgaria,2026,8,18.916929645319215
Bulgaria,2026,9,16.850180056354475
Bulgaria,2026,10,13.553246909305926
Bulgaria,2026,11,9.77409383090071
Bulgaria,2026,12,6.641252584312497
Bulgaria,2027,1,5.69709305141896
Bulgaria,2027,2,5.946981052825322
Bulgaria,2027,3,8.494904298681831
Bulgaria,2027,4,12.055392045786903
Bulgaria,2027,5,15.56596522116979
Bulgaria,2027,6,18.209637411987387
Bulgaria,2027,7,19.43741585542466
Bulgaria,2027,8,18.990802428533243
Bulgaria,2027,9,16.924294638208266
Bulgaria,2027,10,13.62788661106697
Bulgaria,2027,11,9.849570083301842
Bulgaria,2027,12,6.717835390606524
Bulgaria,2028,1,5.761303945863801
Bulgaria,2028,2,6.016287886498503
Bulgaria,2028,3,8.567409815027531
Bulgaria,2028,4,12.129716374046438
Bulgaria,2028,5,15.641176339410777
Bulgaria,2028,6,18.285181610111067
Bulgaria,2028,7,19.5130481981696
Bulgaria,2028,8,19.066517218540866
Bulgaria,2028,9,17.00025587899745
Bulgaria,2028,10,13.70435847005956
Bulgaria,2028,11,9.926847354851816
Bulgaria,2028,12,6.796173959040061
Bulgaria,2029,1,5.826594270293754
Bulgaria,2029,2,6.086884076798924
Bulgaria,2029,3,8.641377785007535
Bulgaria,2029,4,12.20564194077906
Bulgaria,2029,5,15.71809568622939
Bulgaria,2029,6,18.362511749616715
Bulgaria,2029,7,19.590517435252877
Bulgaria,2029,8,19.144095613421996
Bulgaria,2029,9,17.078085710222695
Bulgaria,2029,10,13.782684697526747
Bulgaria,2029,11,10.00594808283222
Bulgaria,2029,12,6.876290899185733
Bulgaria,2030,1,5.892981832094847
Bulgaria,2030,2,6.158788141293371
Bulgaria,2030,3,8.71682738270556
Bulgaria,2030,4,12.283188522859746
Bulgaria,2030,5,15.796743587573474
Bulgaria,2030,6,18.441648651810283
Bulgaria,2030,7,19.66984482965654
Bulgaria,2030,8,19.223559264116375
Bulgaria,2030,9,17.157806117088512
Bulgaria,2030,10,13.862887559208502
Bulgaria,2030,11,10.086894759818279
Bulgaria,2030,12,6.958208876782919
Bulgaria,2031,1,5.96048448593956
Bulgaria,2031,2,6.232018645686367
Bulgaria,2031,3,8.793777831121588
Bulgaria,2031,4,12.36237594688373
Bulgaria,2031,5,15.87714041993695
Bulgaria,2031,6,18.522613189406
Bulgaria,2031,7,19.75105169653125
Bulgaria,2031,8,19.304929874550908
Bulgaria,2031,9,17.239439138561465
Bulgaria,2031,10,13.944989375439945
Bulgaria,2031,11,10.16970993376981
Bulgaria,2031,12,7.041950613705012
Bulgaria,2032,1,6.0291201338304745
Bulgaria,2032,2,6.306594203812892
Bulgaria,2032,3,8.872248402200967
Bulgaria,2032,4,12.443224089202886
Bulgaria,2032,5,15.959306610352542
Bulgaria,2032,6,18.605426286413604
Bulgaria,2032,7,19.83415940321447
Bulgaria,2032,8,19.388229201628747
Bulgaria,2032,9,17.323006867424738
Bulgaria,2032,10,14.029012521151344
Bulgaria,2032,11,10.2544162080967
Bulgaria,2032,12,7.127538888108575
Bulgaria,2033,1,6.098906725162124
Bulgaria,2033,2,6.3825334776820455
Bulgaria,2033,3,8.95225841688898
Bulgaria,2033,4,12.525752875987564
Bulgaria,2033,5,16.043262636533655
Bulgaria,2033,6,18.69010891832022
Bulgaria,2033,7,19.91918936926686
Bulgaria,2033,8,19.473479055309326
Bulgaria,2033,9,17.408531450310875
Bulgaria,2033,10,14.114979425955426
Bulgaria,2033,11,10.341036241640722
Bulgaria,2033,12,7.214996534382408
Bulgaria,2034,1,6.169862256764645
Bulgaria,2034,2,6.45985517758254
Bulgaria,2034,3,9.033827245192697
Bulgaria,2034,4,12.609982283252066
Bulgaria,2034,5,16.129029026794342
Bulgaria,2034,6,18.776682112090384
Bulgaria,2034,7,20.006163066526824
Bulgaria,2034,8,19.56070129861564
Bulgaria,2034,9,17.496035087738164
Bulgaria,2034,10,14.202912574125548
Bulgaria,2034,11,10.429592748773757
Bulgaria,2034,12,7.3043464432894325
Bulgaria,2035,1,6.242004772940163
Bulgaria,2035,2,6.5385780620536025
Bulgaria,2035,3,9.116974306191878
Bulgaria,2035,4,12.695932336931037
Bulgaria,2035,5,16.21662636018391
Bulgaria,2035,6,18.865166946140562
Bulgaria,2035,7,20.095102019186925
Bulgaria,2035,8,19.649917847739744
Bulgaria,2035,9,17.58554003417612
Bulgaria,2035,10,14.292834504723032
Bulgaria,2035,11,10.520108499426897
Bulgaria,2035,12,7.395611561893929
Burkina Faso,2025,1,25.18971264652737
Burkina Faso,2025,2,28.206801218643704
Burkina Faso,2025,3,29.750157694653353
Burkina Faso,2025,4,30.402850616531396
Burkina Faso,2025,5,30.5748086776739
Burkina Faso,2025,6,30.525321712809273
Burkina Faso,2025,7,30.38554168788778
Burkina Faso,2025,8,30.18098369006566
Burkina Faso,2025,9,29.85402691746367
Burkina Faso,2025,10,29.28641566918759
Burkina Faso,2025,11,28.32176033511587
Burkina Faso,2025,12,26.788038385905566
Burkina Faso,2026,1,25.21637108352752
Burkina Faso,2026,2,28.242034807674827
Burkina Faso,2026,3,29.792103947359465
Burkina Faso,2026,4,30.449944564895304
Burkina Faso,2026,5,30.625713337057277
Burkina Faso,2026,6,30.578858545014555
Burkina Faso,2026,7,30.440621064132756
Burkina Faso,2026,8,30.23653535399444
Burkina Faso,2026,9,29.908930448204956
Burkina Faso,2026,10,29.339430944336527
Burkina Faso,2026,11,28.37145799377049
Burkina Faso,2026,12,26.83273029168504
Burkina Faso,2027,1,25.24375470230825
Burkina Faso,2027,2,28.27815096796712
Burkina Faso,2027,3,29.835058575027688
Burkina Faso,2027,4,30.498143623620308
Burkina Faso,2027,5,30.677793291361922
Burkina Faso,2027,6,30.633616823245575
Burkina Faso,2027,7,30.496946521529935
Burkina Faso,2027,8,30.293338735679754
Burkina Faso,2027,9,29.96507485219354
Burkina Faso,2027,10,29.39366228457311
Burkina Faso,2027,11,28.422335463154923
Burkina Faso,2027,12,26.87855682505051
Burkina Faso,2028,1,25.271881286710595
Burkina Faso,2028,2,28.315168096437446
Burkina Faso,2028,3,29.87904053397233
Burkina Faso,2028,4,30.547467254717958
Burkina Faso,2028,5,30.731068454581873
Burkina Faso,2028,6,30.689616859796843
Burkina Faso,2028,7,30.55453871695954
Burkina Faso,2028,8,30.351414782850952
Burkina Faso,2028,9,30.022481314329525
Burkina Faso,2028,10,29.449131058231615
Burkina Faso,2028,11,28.47441424131921
Burkina Faso,2028,12,26.92553956006759
Burkina Faso,2029,1,25.300768668662386
Burkina Faso,2029,2,28.353104638929835
Burkina Faso,2029,3,29.924068830278884
Burkina Faso,2029,4,30.597934970782262
Burkina Faso,2029,5,30.785558792046686
Burkina Faso,2029,6,30.746879019080552
Burkina Faso,2029,7,30.6134183602162
Burkina Faso,2029,8,30.4107844969667
Burkina Faso,2029,9,30.081171074020858
Burkina Faso,2029,10,29.505858688987246
Burkina Faso,2029,11,28.527715882472876
Burkina Faso,2029,12,26.97370012780175
Burkina Faso,2030,1,25.330434728152795
Burkina Faso,2030,2,28.391979090175482
Burkina Faso,2030,3,29.9701625196476
Burkina Faso,2030,4,30.6495663348187
Burkina Faso,2030,5,30.841284320439627
Burkina Faso,2030,6,30.805423717659323
Burkina Faso,2030,7,30.673606213998028
Burkina Faso,2030,8,30.47146893322588
Burkina Faso,2030,9,30.14116542523061
Burkina Faso,2030,10,29.56386665588161
Burkina Faso,2030,11,28.58226199703222
Burkina Faso,2030,12,27.023060216289196
Burkina Faso,2031,1,25.360897393337837
Burkina Faso,2031,2,28.43180999384731
Burkina Faso,2031,3,30.017340707644507
Burkina Faso,2031,4,30.70238096049161
Burkina Faso,2031,5,30.898265107768566
Burkina Faso,2031,6,30.865271424246203
Burkina Faso,2031,7,30.735123094081246
Burkina Faso,2031,8,30.533489200673102
Burkina Faso,2031,9,30.202485716564297
Burkina Faso,2031,10,29.623176493366373
Burkina Faso,2031,11,28.638074251580292
Burkina Faso,2031,12,27.073641570606014
Burkina Faso,2032,1,25.39217464058038
Burkina Faso,2032,2,28.472615942654556
Burkina Faso,2032,3,30.065622549548607
Burkina Faso,2032,4,30.756398512025953
Burkina Faso,2032,5,30.956521273518774
Burkina Faso,2032,6,30.926442659824716
Burkina Faso,2032,7,30.797989869207413
Burkina Faso,2032,8,30.59686646213686
Burkina Faso,2032,9,30.265153351280787
Burkina Faso,2032,10,29.683809791361455
Burkina Faso,2032,11,28.6951743690488
Burkina Faso,2032,12,27.125465992904537
Burkina Faso,2033,1,25.4242844944647
Burkina Faso,2033,2,28.514415578346416
Burkina Faso,2033,3,30.115027250551975
Burkina Faso,2033,4,30.811638704367397
Burkina Faso,2033,5,31.01607298862018
Burkina Faso,2033,6,30.988957997670695
Burkina Faso,2033,7,30.862227461261682
Burkina Faso,2033,8,30.66162193440414
Burkina Faso,2033,9,30.329189787328687
Burkina Faso,2033,10,29.745788195309615
Burkina Faso,2033,11,28.75358412865262
Burkina Faso,2033,12,27.17855534246428
Burkina Faso,2034,1,25.457245027861973
Burkina Faso,2034,2,28.55722759172295
Burkina Faso,2034,3,30.165574065745204
Burkina Faso,2034,4,30.868121303091357
Burkina Faso,2034,5,31.07694047552377
Burkina Faso,2034,6,31.052838063326817
Burkina Faso,2034,7,30.92785684520004
Burkina Faso,2034,8,30.727776888162225
Burkina Faso,2034,9,30.394616537400907
Burkina Faso,2034,10,29.8091334062201
Burkina Faso,2034,11,28.81332536593709
Burkina Faso,2034,12,27.232931535746502
Burkina Faso,2035,1,25.491074362006657
Burkina Faso,2035,2,28.601070722798795
Burkina Faso,2035,3,30.21728230016106
Burkina Faso,2035,4,30.92586612459945
Burkina Faso,2035,5,31.139144008252515
Burkina Faso,2035,6,31.118103534766306
Burkina Faso,2035,7,30.99489904924576
Burkina Faso,2035,8,30.795352648115113
Burkina Faso,2035,9,30.46145516901106
Burkina Faso,2035,10,29.873867180697744
Burkina Faso,2035,11,28.874419972941723
Burkina Faso,2035,12,27.288616546423327
Burundi,2025,1,18.508534176577996
Burundi,2025,2,18.9032174976428
Burundi,2025,3,19.882120098075575
Burundi,2025,4,21.143146615243495
Burundi,2025,5,22.394654354179693
Burundi,2025,6,23.377954277378194
Burundi,2025,7,23.88981199479622
Burundi,2025,8,23.804948753678218
Burundi,2025,9,23.098542428485416
Burundi,2025,10,21.868728510792607
Burundi,2025,11,20.359101099166764
Burundi,2025,12,18.981213889071114
Burundi,2026,1,18.551648471854605
Burundi,2026,2,18.952334459901067
Burundi,2026,3,19.93553643189898
Burundi,2026,4,21.19955607680913
Burundi,2026,5,22.453078214171
Burundi,2026,6,23.437671784108716
Burundi,2026,7,23.950290837176908
Burundi,2026,8,23.86577552425024
Burundi,2026,9,23.15935308645294
Burundi,2026,10,21.929138844979207
Burundi,2026,11,20.41863719109915
Burundi,2026,12,19.039242576004654
Burundi,2027,1,18.595696417528416
Burundi,2027,2,19.002564298102698
Burundi,2027,3,19.990210901768478
Burundi,2027,4,21.25733748642324
Burundi,2027,5,22.51295890369238
Burundi,2027,6,23.498904588691403
Burundi,2027,7,24.01231955003186
Burundi,2027,8,23.92816535964903
Burundi,2027,9,23.2217211427278
Burundi,2027,10,21.99108456762133
Burundi,2027,11,20.479672835696874
Burundi,2027,12,19.09872367128719
Burundi,2028,1,18.64069584169647
Burundi,2028,2,19.053925497705677
Burundi,2028,3,20.046162596733666
Burundi,2028,4,21.316510483146885
Burundi,2028,5,22.574316557999737
Burundi,2028,6,23.561673268869527
Burundi,2028,7,24.07591909988423
Burundi,2028,8,23.992139561477416
Burundi,2028,9,23.285668180361426
Burundi,2028,10,22.054587489438745
Burundi,2028,11,20.542230017647853
Burundi,2028,12,19.159679279885495
Burundi,2029,1,18.68666462008423
Burundi,2029,2,19.106436592578575
Burundi,2029,3,20.103410655142397
Burundi,2029,4,21.377094756026963
Burundi,2029,5,22.63717136316427
Burundi,2029,6,23.62599845409295
Burundi,2029,7,24.14111050579686
Burundi,2029,8,24.057719484711015
Burundi,2029,9,23.351215836509255
Burundi,2029,10,22.11966947608107
Burundi,2029,11,20.60633077737384
Burundi,2029,12,19.222131563289622
Burundi,2030,1,18.733620676172904
Burundi,2030,2,19.16011616515698
Burundi,2030,3,20.16197426468443
Burundi,2030,4,21.439110044296285
Burundi,2030,5,22.701543556283468
Burundi,2030,6,23.691900825510857
Burundi,2030,7,24.207914839375917
Burundi,2030,8,24.124926537672764
Burundi,2030,9,23.418385802507146
Burundi,2030,10,22.186352448182333
Burundi,2030,11,20.671997211088637
Burundi,2030,12,19.286102739596572
Burundi,2031,1,18.781581981155796
Burundi,2031,2,19.21498284642894
Burundi,2031,3,20.22187266239871
Burundi,2031,4,21.502576137366304
Burundi,2031,5,22.76745342539016
Burundi,2031,6,23.759401116150002
Burundi,2031,7,24.276353224854574
Burundi,2031,8,24.19378218212387
Burundi,2031,9,23.487199823911396
Burundi,2031,10,22.25465838137916
Burundi,2031,11,20.739251470849013
Burundi,2031,12,19.351615083597608
Burundi,2032,1,18.830566554065626
Burundi,2032,2,19.27105531597863
Burundi,2032,3,20.28312513472065
Burundi,2032,4,21.56751287482348
Burundi,2032,5,22.834921309550737
Burundi,2032,6,23.828520110805584
Burundi,2032,7,24.346446839052987
Burundi,2032,8,24.26430793319105
Burundi,2032,9,23.557679700487824
Burundi,2032,10,22.324609306416278
Burundi,2032,11,20.808115764587455
Burundi,2032,12,19.418690926654563
Burundi,2033,1,18.880592461749075
Burundi,2033,2,19.328352302040912
Burundi,2033,3,20.345751017609473
Burundi,2033,4,21.6339401465857
Burundi,2033,5,22.903967598923373
Burundi,2033,6,23.899278646179482
Burundi,2033,7,24.418216911545642
Burundi,2033,8,24.336525359628467
Burundi,2033,9,23.62984728641186
Burundi,2033,10,22.39622730911742
Burundi,2033,11,20.87861235616674
Burundi,2033,12,19.487352656965413
Burundi,2034,1,18.931677818935896
Burundi,2034,2,19.38689258156319
Burundi,2034,3,20.40976969645726
Burundi,2034,4,21.70187789285137
Burundi,2034,5,22.974612734768925
Burundi,2034,6,23.971697610920273
Burundi,2034,7,24.491684724610423
Burundi,2034,8,24.410456083624922
Burundi,2034,9,23.703724490104833
Burundi,2034,10,22.469534530494457
Burundi,2034,11,20.950763565390844
Burundi,2034,12,19.55762271946969
Burundi,2035,1,18.983840788337147
Burundi,2035,2,19.446694980234497
Burundi,2035,3,20.47520060626357
Burundi,2035,4,21.771346104172153
Burundi,2035,5,23.046877209530976
Burundi,2035,6,24.045797945645063
Burundi,2035,7,24.56687161334139
Burundi,2035,8,24.486121781036672
Burundi,2035,9,23.77933327448136
Burundi,2035,10,22.544553166758305
Burundi,2035,11,21.024591768117716
Burundi,2035,12,19.629523615913968
Cambodia,2025,1,24.638176045436012
Cambodia,2025,2,26.999471287575034
Cambodia,2025,3,28.270131734568167
Cambodia,2025,4,28.886937064672566
Cambodia,2025,5,29.143405652405818
Cambodia,2025,6,29.21229555841728
Cambodia,2025,7,29.168105519432174
Cambodia,2025,8,29.00957593804651
Cambodia,2025,9,28.682189872762137
Cambodia,2025,10,28.10067402775985
Cambodia,2025,11,27.171499742887136
Cambodia,2025,12,25.815383983507672
Cambodia,2026,1,24.666843537958812
Cambodia,2026,2,27.036222218387593
Cambodia,2026,3,28.313146137258627
Cambodia,2026,4,28.93470869126486
Cambodia,2026,5,29.19467243638519
Cambodia,2026,6,29.265970077784914
Cambodia,2026,7,29.2232054596725
Cambodia,2026,8,29.065154555200024
Cambodia,2026,9,28.737266456392717
Cambodia,2026,10,28.154164364009375
Cambodia,2026,11,27.22214657746099
Cambodia,2026,12,25.86168748473301
Cambodia,2027,1,24.696277275609646
Cambodia,2027,2,27.07390012020278
Cambodia,2027,3,28.357216263736518
Cambodia,2027,4,28.983635338850036
Cambodia,2027,5,29.24716660044305
Cambodia,2027,6,29.320919915583545
Cambodia,2027,7,29.279606753437292
Cambodia,2027,8,29.122041175139202
Cambodia,2027,9,28.793640823697388
Cambodia,2027,10,28.208927913868138
Cambodia,2027,11,27.274030222103647
Cambodia,2027,12,25.909182076408797
Cambodia,2028,1,24.72649505850586
Cambodia,2028,2,27.112523413384224
Cambodia,2028,3,28.40236110099886
Cambodia,2028,4,29.033736507343747
Cambodia,2028,5,29.300908103651636
Cambodia,2028,6,29.377165436389078
Cambodia,2028,7,29.337330117080455
Cambodia,2028,8,29.180256812281186
Cambodia,2028,9,28.851334233438138
Cambodia,2028,10,28.26498612673913
Cambodia,2028,11,27.32717226312252
Cambodia,2028,12,25.95788942807212
Cambodia,2029,1,24.757514734775214
Cambodia,2029,2,27.15211056719363
Cambodia,2029,3,28.448599685730187
Cambodia,2029,4,29.08503174710586
Cambodia,2029,5,29.35591695637504
Cambodia,2029,6,29.43472705680051
Cambodia,2029,7,29.396396319768428
Cambodia,2029,8,29.23982253466329
Cambodia,2029,9,28.910367998808397
Cambodia,2029,10,28.322360507289886
Cambodia,2029,11,27.381594342940843
Cambodia,2029,12,26.00783126616534
Cambodia,2030,1,24.789354200555863
Cambodia,2030,2,27.192680099721656
Cambodia,2030,3,28.49595110417522
Cambodia,2030,4,29.137540658896796
Cambodia,2030,5,29.412213220170997
Cambodia,2030,6,29.493625245523617
Cambodia,2030,7,29.4568261835675
Cambodia,2030,8,29.300759464037583
Cambodia,2030,9,28.970763487534896
Cambodia,2030,10,28.381072615496123
Cambodia,2030,11,27.4373181600904
Cambodia,2030,12,26.059029374083366
Cambodia,2031,1,24.822031400072774
Cambodia,2031,2,27.234250577887906
Cambodia,2031,3,28.54443449234259
Cambodia,2031,4,29.19128289406308
Cambodia,2031,5,29.469817007980055
Cambodia,2031,6,29.55388052334547
Cambodia,2031,7,29.518640583523847
Cambodia,2031,8,29.363088775903634
Cambodia,2031,9,29.03254212189222
Cambodia,2031,10,28.441144066678135
Cambodia,2031,11,27.494365469229706
Cambodia,2031,12,26.11150559215912
Cambodia,2032,1,24.855564325695923
Cambodia,2032,2,27.276840617626476
Cambodia,2032,3,28.59406903596482
Cambodia,2032,4,29.246278154420907
Cambodia,2032,5,29.52874848407464
Cambodia,2032,6,29.61551346327269
Cambodia,2032,7,29.581860447550753
Cambodia,2032,8,29.42683169950851
Cambodia,2032,9,29.09572537870281
Cambodia,2032,10,28.50259653158446
Cambodia,2032,11,27.552758081296815
Cambodia,2032,12,26.16528181772901
Cambodia,2033,1,24.8899710179694
Cambodia,2033,2,27.320468883824105
Cambodia,2033,3,28.644873970578374
Cambodia,2033,4,29.30254619245261
Cambodia,2033,5,29.589027864113632
Cambodia,2033,6,29.67854469048052
Cambodia,2033,7,29.64650675669418
Cambodia,2033,8,29.492009517981387
Cambodia,2033,9,29.160334789507942
Cambodia,2033,10,28.56545173637005
Cambodia,2033,11,27.61251786344019
Cambodia,2033,12,26.220380005242077
Cambodia,2034,1,24.92526956565871
Cambodia,2034,2,27.365154090392934
Cambodia,2034,3,28.69686858150908
Cambodia,2034,4,29.360106811248443
Cambodia,2034,5,29.65067541524786
Cambodia,2034,6,29.742994882440144
Cambodia,2034,7,29.71260054502727
Cambodia,2034,8,29.55864356827533
Cambodia,2034,9,29.22639194045496
Cambodia,2034,10,28.629731462741802
Cambodia,2034,11,27.67366673910601
Cambodia,2034,12,26.276822166227248
Cambodia,2035,1,24.96147810576531
Cambodia,2035,2,27.410915000306886
Cambodia,2035,3,28.750072204046774
Cambodia,2035,4,29.418979864612083
Cambodia,2035,5,29.71371145609828
Cambodia,2035,6,29.8088847689296
Cambodia,2035,7,29.780162899744937
Cambodia,2035,8,29.62675524133101
Cambodia,2035,9,29.293918472471887
Cambodia,2035,10,28.69545754788578
Cambodia,2035,11,27.736226688114584
Cambodia,2035,12,26.334630369384286
Cameroon,2025,1,22.76148430248668
Cameroon,2025,2,24.082155677840092
Cameroon,2025,3,25.03333175869284
Cameroon,2025,4,25.75548720397728
Cameroon,2025,5,26.30690551695534
Cameroon,2025,6,26.686180035082543
Cameroon,2025,7,26.854714919930302
Cameroon,2025,8,26.759226147053596
Cameroon,2025,9,26.354242495920516
Cameroon,2025,10,25.62460653979815
Cameroon,2025,11,24.607975635627554
Cameroon,2025,12,23.41732291398239
Cameroon,2026,1,22.795308317284253
Cameroon,2026,2,24.12314119849634
Cameroon,2026,3,25.07972563885869
Cameroon,2026,4,25.805883123794956
Cameroon,2026,5,26.36017444603658
Cameroon,2026,6,26.741400695545053
Cameroon,2026,7,26.911104249419623
Cameroon,2026,8,26.81606976176863
Cameroon,2026,9,26.41082515360995
Cameroon,2026,10,25.680142602804153
Cameroon,2026,11,24.661539533878567
Cameroon,2026,12,23.467779608051387
Cameroon,2027,1,22.82997388203239
Cameroon,2027,2,24.165136077132956
Cameroon,2027,3,25.12726392042623
Cameroon,2027,4,25.857528241224827
Cameroon,2027,5,26.41476963920377
Cameroon,2027,6,26.797999474300923
Cameroon,2027,7,26.968900856533764
Cameroon,2027,8,26.87432963600895
Cameroon,2027,9,26.468815392764554
Cameroon,2027,10,25.737062426681405
Cameroon,2027,11,24.71645074731441
Cameroon,2027,12,23.519537063942153
Cameroon,2028,1,22.865498819123786
Cameroon,2028,2,24.208158771177295
Cameroon,2028,3,25.17596564210271
Cameroon,2028,4,25.91044212261204
Cameroon,2028,5,26.470711136728823
Cameroon,2028,6,26.85599683176133
Cameroon,2028,7,27.028125568162977
Cameroon,2028,8,26.93402690946914
Cameroon,2028,9,26.528234612139386
Cameroon,2028,10,25.795387615519758
Cameroon,2028,11,24.772731031695912
Cameroon,2028,12,23.572617135382643
Cameroon,2029,1,22.901900998837846
Cameroon,2029,2,24.252227786696494
Cameroon,2029,3,25.225849892126462
Cameroon,2029,4,25.964644384582243
Cameroon,2029,5,26.528019029909956
Cameroon,2029,6,26.915413280262328
Cameroon,2029,7,27.088799263944566
Cameroon,2029,8,26.995182775325702
Cameroon,2029,9,26.589104264797243
Cameroon,2029,10,25.85513982858629
Cameroon,2029,11,24.83040219869963
Cameroon,2029,12,23.627041732795078
Cameroon,2030,1,22.939198339318864
Cameroon,2030,2,24.297361678521156
Cameroon,2030,3,25.276935808219605
Cameroon,2030,4,26.020154694096163
Cameroon,2030,5,26.58671346124993
Cameroon,2030,6,26.97626938409394
Cameroon,2030,7,27.150942876248337
Cameroon,2030,8,27.057818480393507
Cameroon,2030,9,26.651445858214174
Cameroon,2030,10,25.91634078030347
Cameroon,2030,11,24.88948611604883
Cameroon,2030,12,23.682832823488752
Cameroon,2031,1,22.977408806710628
Cameroon,2031,2,24.34357905023444
Cameroon,2031,3,25.3292425777081
Cameroon,2031,4,26.076992768493255
Cameroon,2031,5,26.6468146244124
Cameroon,2031,6,27.038585759554735
Cameroon,2031,7,27.214577390278464
Cameroon,2031,8,27.12195532502028
Cameroon,2031,9,26.715280954250375
Cameroon,2031,10,25.9790122403474
Cameroon,2031,11,24.950004707477092
Cameroon,2031,12,23.740012431518153
Cameroon,2032,1,23.016550415145502
Cameroon,2032,2,24.39089855421207
Cameroon,2032,3,25.3827894375072
Cameroon,2032,4,26.13517837555719
Cameroon,2032,5,26.70834276426558
Cameroon,2032,6,27.102383074930003
Cameroon,2032,7,27.279723844055297
Cameroon,2032,8,27.187614663268505
Cameroon,2032,9,26.780631169255685
Cameroon,2032,10,26.04317603362233
Cameroon,2032,11,25.011979952786533
Cameroon,2032,12,23.798602637908516
Cameroon,2033,1,23.056641226777174
Cameroon,2033,2,24.439338891662373
Cameroon,2033,3,25.437595674216027
Cameroon,2033,4,26.194731333501295
Cameroon,2033,5,26.771318177016838
Cameroon,2033,6,27.167682050659096
Cameroon,2033,7,27.34640332850995
Cameroon,2033,8,27.25481790287904
Cameroon,2033,9,26.84751817408778
Cameroon,2033,10,26.108854040402548
Cameroon,2033,11,25.07543388794238
Cameroon,2033,12,23.858625580553962
Cameroon,2034,1,23.09769935186432
Cameroon,2034,2,24.488918812713564
Cameroon,2034,3,25.493680624106673
Cameroon,2034,4,26.255671511066794
Cameroon,2034,5,26.83576121013266
Cameroon,2034,6,27.234503459219013
Cameroon,2034,7,27.414636987506128
Cameroon,2034,8,27.32358650532933
Cameroon,2034,9,26.915963694119455
Cameroon,2034,10,26.176068196274173
Cameroon,2034,11,25.140388605018416
Cameroon,2034,12,23.92010345437029
Cameroon,2035,1,23.139742948770618
Cameroon,2035,2,24.539657116442868
Cameroon,2035,3,25.551063673218778
Cameroon,2035,4,26.31801882756281
Cameroon,2035,5,26.9016922624769
Cameroon,2035,6,27.302868125357236
Cameroon,2035,7,27.48444601786923
Cameroon,2035,8,27.393941985891615
Cameroon,2035,9,26.98598950937685
Cameroon,2035,10,26.24484049225157
Cameroon,2035,11,25.20686625234248
Cameroon,2035,12,23.98305851126588
Canada,2025,1,-16.590792524689277
Canada,2025,2,-15.582146428026135
Canada,2025,3,-9.954309504470984
Canada,2025,4,-2.525547897576871
Canada,2025,5,4.460806955889893
Canada,2025,6,9.358859315875634
Canada,2025,7,11.142650128910645
Canada,2025,8,9.428658018002352
Canada,2025,9,4.4983002725757615
Canada,2025,10,-2.6795661616770303
Canada,2025,11,-10.426143692889127
Canada,2025,12,-16.330193093096568
Canada,2026,1,-16.532919829208367
Canada,2026,2,-15.516370074877159
Canada,2026,3,-9.883370906379241
Canada,2026,4,-2.451485392560244
Canada,2026,5,4.5365885675828395
Canada,2026,6,9.435519234743879
Canada,2026,7,11.219842019237149
Canada,2026,8,9.506460470872298
Canada,2026,9,4.577147268905719
Canada,2026,10,-2.5989547881354156
Canada,2026,11,-10.34283179254544
Canada,2026,12,-16.243097737470634
Canada,2027,1,-16.474130963043535
Canada,2027,2,-15.449411207281628
Canada,2027,3,-9.811024732366604
Canada,2027,4,-2.375829014984447
Canada,2027,5,4.614114101074847
Canada,2027,6,9.514039394686733
Canada,2027,7,11.298979257408973
Canada,2027,8,9.586264683276568
Canada,2027,9,4.658026258807695
Canada,2027,10,-2.5163048471904403
Canada,2027,11,-10.25749589368479
Canada,2027,12,-16.154011577526944
Canada,2028,1,-16.414408795927557
Canada,2028,2,-15.381251901612814
Canada,2028,3,-9.737252319147046
Canada,2028,4,-2.298559415600721
Canada,2028,5,4.693403537837185
Canada,2028,6,9.594440355701408
Canada,2028,7,11.380082928216325
Canada,2028,8,9.668092211112707
Canada,2028,9,4.7409592156082
Canada,2028,10,-2.4315940017941102
Canada,2028,11,-10.170113349296116
Canada,2028,12,-16.062911709998843
Canada,2029,1,-16.35373615114713
Canada,2029,2,-15.311874186975729
Canada,2029,3,-9.66203495537684
Canada,2029,4,-2.2196571963459064
Canada,2029,5,4.774476908988618
Canada,2029,6,9.676742728265708
Canada,2029,7,11.463174167784928
Canada,2029,8,9.751964662432329
Canada,2029,9,4.825968165533595
Canada,2029,10,-2.3447998612018637
Canada,2029,11,-10.080661457827773
Canada,2029,12,-15.969775176231451
Canada,2030,1,-16.29209580548104
Canada,2030,2,-15.24126004520349
Canada,2030,3,-9.585353881596347
Canada,2030,4,-2.1391029101860113
Canada,2030,5,4.857354295430014
Canada,2030,6,9.760967173381687
Canada,2030,7,11.548274163557835
Canada,2030,8,9.837903697386537
Canada,2030,9,4.9130751878010415
Canada,2030,10,-2.2558999809180023
Canada,2030,11,-9.98911746316935
Canada,2030,12,-15.874578962207124
Canada,2031,1,-16.229470489203777
Canada,2031,2,-15.169391410744538
Canada,2031,3,-9.507190290193648
Canada,2031,4,-2.0568770611416767
Canada,2031,5,4.942055827764307
Canada,2031,6,9.847134402655684
Canada,2031,7,11.635404154375465
Canada,2031,8,9.925931028364175
Canada,2031,9,5.00230241459667
Canada,2031,10,-2.1648718625974652
Canada,2031,11,-9.895458554578909
Canada,2031,12,-15.777299998498165
Canada,2032,1,-16.165842885947313
Canada,2032,2,-15.096250170677195
Canada,2032,3,-9.427525325357237
Canada,2032,4,-1.9729601042154172
Canada,2032,5,5.028601686492948
Canada,2032,6,9.935265178305599
Canada,2032,7,11.724585430519255
Canada,2032,8,10.016068420002739
Canada,2032,9,5.093672031202914
Canada,2032,10,-2.0716929540531055
Canada,2032,11,-9.799661866628412
Canada,2032,12,-15.677915160168595
Canada,2033,1,-16.10119563277385
Canada,2033,2,-15.02181816463326
Canada,2033,3,-9.346340083036011
Canada,2033,4,-1.8873324453843452
Canada,2033,5,5.1170121019067665
Canada,2033,6,10.025380313226378
Canada,2033,7,11.815839333715303
Canada,2033,8,10.108337689184737
Canada,2033,9,5.187206275947574
Canada,2033,10,-1.9763406492302238
Canada,2033,11,-9.701704479240107
Canada,2033,12,-15.576401266774155
Canada,2034,1,-16.03551132002667
Canada,2034,2,-14.946077184783462
Canada,2034,3,-9.263615610884699
Canada,2034,4,-1.799974441491031
Canada,2034,5,5.207307354238765
Canada,2034,6,10.117500671004564
Canada,2034,7,11.909187257261692
Canada,2034,8,10.202760705150467
Canada,2034,9,5.282927440327512
Canada,2034,10,-1.8787922880464976
Canada,2034,11,-9.601563417519174
Canada,2034,12,-15.472735082340478
Canada,2035,1,-15.968772491355594
Canada,2035,2,-14.869008975713768
Canada,2035,3,-9.179332908194738
Canada,2035,4,-1.7108664002544174
Canada,2035,5,5.29950777367867
Canada,2035,6,10.211647166005605
Canada,2035,7,12.004650645992115
Canada,2035,8,10.299359389508936
Canada,2035,9,5.3808578690232025
Canada,2035,10,-1.7790251565120343
Canada,2035,11,-9.499215651801023
Canada,2035,12,-15.366893315235757
Cape Verde,2025,1,21.243609762973392
Cape Verde,2025,2,22.1119521712435
Cape Verde,2025,3,23.00758628996573
Cape Verde,2025,4,23.894588159761952
Cape Verde,2025,5,24.691559362247972
Cape Verde,2025,6,25.294128009824817
Cape Verde,2025,7,25.59744973565921
Cape Verde,2025,8,25.51870868351125
Cape Verde,2025,9,25.019618497689407
Cape Verde,2025,10,24.12892331290368
Cape Verde,2025,11,22.96489874418785
Cape Verde,2025,12,21.75785287681083
Cape Verde,2026,1,21.280992363824225
Cape Verde,2026,2,22.156000388030407
Cape Verde,2026,3,23.056574161700155
Cape Verde,2026,4,23.94715645720953
Cape Verde,2026,5,24.74664605090311
Cape Verde,2026,6,25.350898712939852
Cape Verde,2026,7,25.65522819728085
Cape Verde,2026,8,25.576907231487894
Cape Verde,2026,9,25.077668506689406
Cape Verde,2026,10,24.186205667426293
Cape Verde,2026,11,23.020674301596046
Cape Verde,2026,12,21.811192930334983
Cape Verde,2027,1,21.31925620965285
Cape Verde,2027,2,22.20110208565984
Cape Verde,2027,3,23.106754509623897
Cape Verde,2027,4,24.001025503069286
Cape Verde,2027,5,24.80311355451795
Cape Verde,2027,6,25.409104609386304
Cape Verde,2027,7,25.71447305980564
Cape Verde,2027,8,25.636582734588046
Cape Verde,2027,9,25.13718788913411
Cape Verde,2027,10,24.244934195275164
Cape Verde,2027,11,23.07785973119553
Cape Verde,2027,12,21.865895971347527
Cape Verde,2028,1,21.358419129167487
Cape Verde,2028,2,22.247275736733172
Cape Verde,2028,3,23.15814639646942
Cape Verde,2028,4,24.056214896519123
Cape Verde,2028,5,24.86098195505201
Cape Verde,2028,6,25.468766210114154
Cape Verde,2028,7,25.77520520949929
Cape Verde,2028,8,25.697756400725666
Cape Verde,2028,9,25.198198120870984
Cape Verde,2028,10,24.305130586480118
Cape Verde,2028,11,23.136476883505566
Cape Verde,2028,12,21.921983957142402
Cape Verde,2029,1,21.39849899885394
Cape Verde,2029,2,22.294539862386046
Cape Verde,2029,3,23.210768934358384
Cape Verde,2029,4,24.11274428698107
Cape Verde,2029,5,24.920271385458364
Cape Verde,2029,6,25.529904077940046
Cape Verde,2029,7,25.837445585316345
Cape Verde,2029,8,25.760449491256622
Cape Verde,2029,9,25.260720731957008
Cape Verde,2029,10,24.366816586153618
Cape Verde,2029,11,23.19654766495023
Cape Verde,2029,12,21.979478901744187
Cape Verde,2030,1,21.439513743037423
Cape Verde,2030,2,22.34291303244845
Cape Verde,2030,3,23.264641284888967
Cape Verde,2030,4,24.170633374077624
Cape Verde,2030,5,24.98100202974547
Cape Verde,2030,6,25.59253882752546
Cape Verde,2030,7,25.901215178889288
Cape Verde,2030,8,25.82468332105509
Cape Verde,2030,9,25.324777306811484
Cape Verde,2030,10,24.430013994494402
Cape Verde,2030,11,23.258094037843875
Cape Verde,2030,12,22.038402875889915
Cape Verde,2031,1,21.48148133390805
Cape Verde,2031,2,22.392413865401068
Cape Verde,2031,3,23.319782659150405
Cape Verde,2031,4,24.22990190780274
Cape Verde,2031,5,25.043194123031753
Cape Verde,2031,6,25.65669112544947
Cape Verde,2031,7,25.96653503453581
Cape Verde,2031,8,25.89047925849536
Cape Verde,2031,9,25.390389484146908
Cape Verde,2031,10,24.494744666871156
Cape Verde,2031,11,23.32113802046024
Cape Verde,2031,12,22.098778007065448
Cape Verde,2032,1,21.524419791604487
Cape Verde,2032,2,22.443061028473494
Cape Verde,2032,3,23.376212317741192
Cape Verde,2032,4,24.29056968842724
Cape Verde,2032,5,25.10686795159654
Cape Verde,2032,6,25.72238169028151
Cape Verde,2032,7,26.033426249375225
Cape Verde,2032,8,25.957858725539154
Cape Verde,2032,9,25.457578957052647
Cape Verde,2032,10,24.56103051381524
Cape Verde,2032,11,23.385701687101573
Cape Verde,2032,12,22.160626479552775
Cape Verde,2033,1,21.568347184173945
Cape Verde,2033,2,22.49487323763333
Cape Verde,2033,3,23.433949570852747
Cape Verde,2033,4,24.35265656664069
Cape Verde,2033,5,25.17204385291643
Cape Verde,2033,6,25.789631292555896
Cape Verde,2033,7,26.1019099733212
Cape Verde,2033,8,26.026843197768358
Cape Verde,2033,9,25.52636747310771
Cape Verde,2033,10,24.628893501111634
Cape Verde,2033,11,23.451807168047708
Cape Verde,2033,12,22.223970534531873
Cape Verde,2034,1,21.61328162772861
Cape Verde,2034,2,22.547869257706225
Cape Verde,2034,3,23.493013778302156
Cape Verde,2034,4,24.416182443569596
Cape Verde,2034,5,25.2387422156944
Cape Verde,2034,6,25.85846075486279
Cape Verde,2034,7,26.172007409154503
Cape Verde,2034,8,26.097454204435962
Cape Verde,2034,9,25.596776834282537
Cape Verde,2034,10,24.698355649831683
Cape Verde,2034,11,23.519476649748867
Cape Verde,2034,12,22.288832470033412
Cape Verde,2035,1,21.65924128638744
Cape Verde,2035,2,22.60206790236498
Cape Verde,2035,3,23.553424349575835
Cape Verde,2035,4,24.481167270813785
Cape Verde,2035,5,25.306983479939845
Cape Verde,2035,6,25.92889095191731
Cape Verde,2035,7,26.24373981255212
Cape Verde,2035,8,26.169713328495163
Cape Verde,2035,9,25.668828897117237
Cape Verde,2035,10,24.769439036354925
Cape Verde,2035,11,23.588732374720166
Cape Verde,2035,12,22.355234641040624
Cayman Islands,2025,1,24.519869791137353
Cayman Islands,2025,2,26.781043152762322
Cayman Islands,2025,3,28.01382477048992
Cayman Islands,2025,4,28.630540921837564
Cayman Islands,2025,5,28.905268399700617
Cayman Islands,2025,6,28.996335502270995
Cayman Islands,2025,7,28.968823022901233
Cayman Islands,2025,8,28.817065240019474
Cayman Islands,2025,9,28.487150907033538
Cayman Islands,2025,10,27.899424242231362
Cayman Islands,2025,11,26.970985918630504
Cayman Islands,2025,12,25.638194053958614
Cayman Islands,2026,1,24.548912261500845
Cayman Islands,2026,2,26.818089097870143
Cayman Islands,2026,3,28.057060723961513
Cayman Islands,2026,4,28.678469852821763
Cayman Islands,2026,5,28.956640175868415
Cayman Islands,2026,6,29.050077352841072
Cayman Islands,2026,7,29.023970001665475
Cayman Islands,2026,8,28.87269068837213
Cayman Islands,2026,9,28.54229691695673
Cayman Islands,2026,10,27.953032119360614
Cayman Islands,2026,11,27.02182664522934
Cayman Islands,2026,12,25.6847987519659
Cayman Islands,2027,1,24.57872759343536
Cayman Islands,2027,2,26.856069198304795
Cayman Islands,2027,3,28.101360088538968
Cayman Islands,2027,4,28.727561930111733
Cayman Islands,2027,5,29.009247830433196
Cayman Islands,2027,6,29.105103328239238
Cayman Islands,2027,7,29.080427383451934
Cayman Islands,2027,8,28.929633367156384
Cayman Islands,2027,9,28.598750051377465
Cayman Islands,2027,10,28.00792259913669
Cayman Islands,2027,11,27.073913554163482
Cayman Islands,2027,12,25.732603830962944
Cayman Islands,2028,1,24.609333589437483
Cayman Islands,2028,2,26.89500187809699
Cayman Islands,2028,3,28.146741856035987
Cayman Islands,2028,4,28.777836659633067
Cayman Islands,2028,5,29.063111329721323
Cayman Islands,2028,6,29.161433801470594
Cayman Islands,2028,7,29.138215894251516
Cayman Islands,2028,8,28.987914301612363
Cayman Islands,2028,9,28.65653158110672
Cayman Islands,2028,10,28.064117144208467
Cayman Islands,2028,11,27.127268246226777
Cayman Islands,2028,12,25.781630976184715
Cayman Islands,2029,1,24.640748100014207
Cayman Islands,2029,2,26.934905610044552
Cayman Islands,2029,3,28.193225067873755
Cayman Islands,2029,4,28.82931359772647
Cayman Islands,2029,5,29.118250691256435
Cayman Islands,2029,6,29.219089197541507
Cayman Islands,2029,7,29.197356312842203
Cayman Islands,2029,8,29.047554570622196
Cayman Islands,2029,9,28.715662831361442
Cayman Islands,2029,10,28.1216372724748
Cayman Islands,2029,11,27.181912378259767
Cayman Islands,2029,12,25.831901929735068
Cayman Islands,2030,1,24.67298902365019
Cayman Islands,2030,2,26.97579891579244
Cayman Islands,2030,3,28.240828815110035
Cayman Islands,2030,4,28.882012351136837
Cayman Islands,2030,5,29.174685983828567
Cayman Islands,2030,6,29.27808999354329
Cayman Islands,2030,7,29.2578694709091
Cayman Islands,2030,8,29.108575306739112
Cayman Islands,2030,9,28.776165181870056
Cayman Islands,2030,10,28.180504557146378
Cayman Islands,2030,11,27.2378676632552
Cayman Islands,2030,12,25.883438490615845
Cayman Islands,2031,1,24.70607430694963
Cayman Islands,2031,2,27.017700365861856
Cayman Islands,2031,3,28.289572238530127
Cayman Islands,2031,4,28.93595257717334
Cayman Islands,2031,5,29.23243732751598
Cayman Islands,2031,6,29.3384567186813
Cayman Islands,2031,7,29.319776253062628
Cayman Islands,2031,8,29.1709976962602
Cayman Islands,2031,9,28.83806006694158
Cayman Islands,2031,10,28.240740626774823
Cayman Islands,2031,11,27.29515587030346
Cayman Islands,2031,12,25.936262514836017
Cayman Islands,2032,1,24.740021944618093
Cayman Islands,2032,2,27.060628579708464
Cayman Islands,2032,3,28.339474528603205
Cayman Islands,2032,4,28.991153983658478
Cayman Islands,2032,5,29.291524893794303
Cayman Islands,2032,6,29.400209954318598
Cayman Islands,2032,7,29.383097596856715
Cayman Islands,2032,8,29.23484297925188
Cayman Islands,2032,9,28.901368975414698
Cayman Islands,2032,10,28.30236716530362
Cayman Islands,2032,11,27.353798824738078
Cayman Islands,2032,12,25.9903959153462
Cayman Islands,2033,1,24.77484997949523
Cayman Islands,2033,2,27.104602225758754
Cayman Islands,2033,3,28.390554925595097
Cayman Islands,2033,4,29.047636328993576
Cayman Islands,2033,5,29.35196890548559
Cayman Islands,2033,6,29.46337033402324
Cayman Islands,2033,7,29.447854492894294
Cayman Islands,2033,8,29.3001324496081
Cayman Islands,2033,9,28.966113450796
Cayman Islands,2033,10,28.365405912111783
Cayman Islands,2033,11,27.4138184081321
Cayman Islands,2033,12,26.0458606622351
Cayman Islands,2034,1,24.810576502703952
Cayman Islands,2034,2,27.14964002144643
Cayman Islands,2034,3,28.44283271961922
Cayman Islands,2034,4,29.105419422227897
Cayman Islands,2034,5,29.413789636874753
Cayman Islands,2034,6,29.52795854359374
Cayman Islands,2034,7,29.514067984780013
Cayman Islands,2034,8,29.366887455068536
Cayman Islands,2034,9,29.032315091227247
Cayman Islands,2034,10,28.429878662061128
Cayman Islands,2034,11,27.475236558312645
Cayman Islands,2034,12,26.10267878257673
Cayman Islands,2035,1,24.847219653541288
Cayman Islands,2035,2,27.195760733292445
Cayman Islands,2035,3,28.496327250629292
Cayman Islands,2035,4,29.164523123073195
Cayman Islands,2035,5,29.477007413724095
Cayman Islands,2035,6,29.593995321160946
Cayman Islands,2035,7,29.58175916928758
Cayman Islands,2035,8,29.435129397309538
Cayman Islands,2035,9,29.099995549590858
Cayman Islands,2035,10,28.495807265532676
Cayman Islands,2035,11,27.53807526948094
Cayman Islands,2035,12,26.16087236068506
Central African Republic,2025,1,23.8558869077724
Central African Republic,2025,2,25.672734430100718
Central African Republic,2025,3,26.753135343003123
Central African Republic,2025,4,27.39198742366807
Central African Republic,2025,5,27.770076531670384
Central African Republic,2025,6,27.976577598897165
Central African Republic,2025,7,28.031555619437313
Central African Republic,2025,8,27.90846663949651
Central African Republic,2025,9,27.556658747272195
Central African Republic,2025,10,26.923873062832172
Central African Republic,2025,11,25.978744728073252
Central African Republic,2025,12,24.733303896574398
Central African Republic,2026,1,23.886866999951053
Central African Republic,2026,2,25.711343430965826
Central African Republic,2026,3,26.797588545993676
Central African Republic,2026,4,27.440829643442157
Central African Republic,2026,5,27.822112567170734
Central African Republic,2026,6,28.030802696333012
Central African Republic,2026,7,28.08708593530264
Central African Republic,2026,8,27.96446970361012
Central African Republic,2026,9,27.612283925774136
Central African Republic,2026,10,26.9781820212238
Central African Republic,2026,11,26.030641894199107
Central African Republic,2026,12,24.78146692366954
Central African Republic,2027,1,23.918650726577653
Central African Republic,2027,2,25.750920128474718
Central African Republic,2027,3,26.843141156969978
Central African Republic,2027,4,27.490873149142317
Central African Republic,2027,5,27.875424450522587
Central African Republic,2027,6,28.08635340501951
Central African Republic,2027,7,28.14396934472188
Central African Republic,2027,8,28.021833579919075
Central African Republic,2027,9,27.66926038888505
Central African Republic,2027,10,27.03381800785155
Central African Republic,2027,11,26.083829620879442
Central African Republic,2027,12,24.83087434974823
Central African Republic,2028,1,23.951255900207798
Central African Republic,2028,2,25.79148296254516
Central African Republic,2028,3,26.889812189468103
Central African Republic,2028,4,27.5421374742009
Central African Republic,2028,5,27.93003218139802
Central African Republic,2028,6,28.14325013712096
Central African Republic,2028,7,28.20222661864409
Central African Republic,2028,8,28.08057934444605
Central African Republic,2028,9,27.72760946400831
Central African Republic,2028,10,27.09080254780656
Central African Republic,2028,11,26.138329577138393
Central African Republic,2028,12,24.881547934071023
Central African Republic,2029,1,23.984700381382027
Central African Republic,2029,2,25.833050421843836
Central African Republic,2029,3,26.93762070660614
Central African Republic,2029,4,27.594642202447176
Central African Republic,2029,5,27.98595581063364
Central African Republic,2029,6,28.201513356770192
Central African Republic,2029,7,28.261878580812663
Central African Republic,2029,8,28.140728126815702
Central African Republic,2029,9,27.787352532956902
Central African Republic,2029,10,27.1491572213572
Central African Republic,2029,11,26.194163488035883
Central African Republic,2029,12,24.933509492741905
Central African Republic,2030,1,24.019002078596714
Central African Republic,2030,2,25.875641043804535
Central African Republic,2030,3,26.986585821044173
Central African Republic,2030,4,27.648406968100062
Central African Republic,2030,5,28.04321544024151
Central African Republic,2030,6,28.26116358013769
Central African Republic,2030,7,28.322946107765347
Central African Republic,2030,8,28.202301110291046
Central African Republic,2030,9,27.848511031986163
Central African Republic,2030,10,27.208903664069112
Central African Republic,2030,11,26.251353134707642
Central African Republic,2030,12,24.98678089877012
Central African Republic,2031,1,24.054178948373192
Central African Republic,2031,2,25.919273414726376
Central African Republic,2031,3,27.036726695122525
Central African Republic,2031,4,27.7034514558336
Central African Republic,2031,5,28.101831223551017
Central African Republic,2031,6,28.32222137543522
Central African Republic,2031,7,28.385450128979755
Central African Republic,2031,8,28.265319531849855
Central African Republic,2031,9,27.911106451851992
Central African Republic,2031,10,27.27006356676884
Central African Republic,2031,11,26.309920354328824
Central African Republic,2031,12,25.041384082048353
Central African Republic,2032,1,24.090248995294132
Central African Republic,2032,2,25.963966169737432
Central African Republic,2032,3,27.088062540847204
Central African Republic,2032,4,27.759795400780604
Central African Republic,2032,5,28.161823365117925
Central African Republic,2032,6,28.38470736297768
Central African Republic,2032,7,28.449411626756955
Central African Republic,2032,8,28.329804682086433
Central African Republic,2032,9,27.975160337781745
Central African Republic,2032,10,27.33265867560931
Central African Republic,2032,11,26.369887040299545
Central African Republic,2032,12,25.097341029392737
Central African Republic,2033,1,24.1272302720472
Central African Republic,2033,2,26.009737992903865
Central African Republic,2033,3,27.1406126199372
Central African Republic,2033,4,27.817458588627233
Central African Republic,2033,5,28.223212120906283
Central African Republic,2033,6,28.44864221523403
Central African Republic,2033,7,28.51485163642883
Central African Republic,2033,8,28.39577790549538
Central African Republic,2033,9,28.040694289670682
Central African Republic,2033,10,27.396710792142585
Central African Republic,2033,11,26.431275142143022
Central African Republic,2033,12,25.15467378467747
Central African Republic,2034,1,24.165140879508726
Central African Republic,2034,2,26.056607617269947
Central African Republic,2034,3,27.194396243919073
Central African Republic,2034,4,27.876460855653022
Central African Republic,2034,5,28.28601779821929
Central African Republic,2034,6,28.51404665690734
Central African Republic,2034,7,28.58179124628532
Central African Republic,2034,8,28.463260600289686
Central African Republic,2034,9,28.10772996194737
Central African Republic,2034,10,27.46224177338172
Central African Republic,2034,11,26.49410666566928
Central African Republic,2034,12,25.2134044487766
Central African Republic,2035,1,24.203998966736435
Central African Republic,2035,2,26.104593824898075
Central African Republic,2035,3,27.24943277410148
Central African Republic,2035,4,27.936822088759982
Central African Republic,2035,5,28.350260755848467
Central African Republic,2035,6,28.580941464887474
Central African Republic,2035,7,28.65025159774541
Central African Republic,2035,8,28.532274218579005
Central African Republic,2035,9,28.17628906378104
Central African Republic,2035,10,27.529273531768013
Central African Republic,2035,11,26.55840367296787
Central African Republic,2035,12,25.273555179676805
Chad,2025,1,24.48368047369604
Chad,2025,2,26.71587931999329
Chad,2025,3,27.93791772512577
Chad,2025,4,28.554921635274695
Chad,2025,5,28.83524420296544
Chad,2025,6,28.932966776938883
Chad,2025,7,28.91039989210276
Chad,2025,8,28.760584259359348
Chad,2025,9,28.429791755629594
Chad,2025,10,27.840026413564374
Chad,2025,11,26.911525411615912
Chad,2025,12,25.585260063821806
Chad,2026,1,24.512835330116104
Chad,2026,2,26.75301423197834
Chad,2026,3,27.981221106864723
Chad,2026,4,28.60289913697943
Chad,2026,5,28.88664917393635
Chad,2026,6,28.986730728590373
Chad,2026,7,28.96556296102517
Chad,2026,8,28.816225670253516
Chad,2026,9,28.48496028435784
Chad,2026,10,27.893670850219678
Chad,2026,11,26.96242502345285
Chad,2026,12,25.63195505832209
Chad,2027,1,24.54276498269337
Chad,2027,2,26.79108540170364
Chad,2027,3,28.025590150723474
Chad,2027,4,28.65204216550137
Chad,2027,5,28.939292514191948
Chad,2027,6,29.04178138722
Chad,2027,7,29.02203908716274
Chad,2027,8,28.873187018723
Chad,2027,9,28.541438678538725
Chad,2027,10,27.948600645119768
Chad,2027,11,27.014573568730157
Chad,2027,12,25.6798531613249
Chad,2028,1,24.57348723463747
Chad,2028,2,26.830111254203985
Chad,2028,3,28.07104384993454
Chad,2028,4,28.702370228548716
Chad,2028,5,28.993194192179544
Chad,2028,6,29.098139128233925
Chad,2028,7,29.079848999343994
Chad,2028,8,28.931489333194804
Chad,2028,9,28.599248212490238
Chad,2028,10,28.004837264795242
Chad,2028,11,27.06799265250538
Chad,2028,12,25.72897606265269
Chad,2029,1,24.605019937117504
Chad,2029,2,26.870110263314018
Chad,2029,3,28.117601247301536
Chad,2029,4,28.753902884197487
Chad,2029,5,29.048374227525528
Chad,2029,6,29.155824379152364
Chad,2029,7,29.13901347914816
Chad,2029,8,28.99115369568335
Chad,2029,9,28.658410214947253
Chad,2029,10,28.06240223102668
Chad,2029,11,27.12270393585368
Chad,2029,12,25.779345508993174
Chad,2030,1,24.63738098929116
Chad,2030,2,26.9111009517228
Chad,2030,3,28.165281435271936
Chad,2030,4,28.80665974094609
Chad,2030,5,29.104852691108135
Chad,2030,6,29.21485761949316
Chad,2030,7,29.199553361072503
Chad,2030,8,29.052201241928742
Chad,2030,9,28.718946069199774
Chad,2030,10,28.121317120924687
Chad,2030,11,27.1787291359733
Chad,2030,12,25.83098330393568
Chad,2031,1,24.67058833845749
Chad,2031,2,26.95310189097745
Chad,2031,3,28.21410355603166
Chad,2031,4,28.86066045784264
Chad,2031,5,29.162649705137483
Chad,2031,6,29.27525938092458
Chad,2031,7,29.2614895325396
Chad,2031,8,29.11465316140766
Chad,2031,9,28.780877213056556
Chad,2031,10,28.181603566900776
Chad,2031,11,27.236090026232887
Chad,2031,12,25.883911308080314
Chad,2032,1,24.70465997995143
Chad,2032,2,26.996131701555896
Chad,2032,3,28.26408680139957
Chad,2032,4,28.915924744444965
Chad,2032,5,29.221785443119188
Chad,2032,6,29.337050247243496
Chad,2032,7,29.324842933908258
Chad,2032,8,29.178530697344286
Chad,2032,9,28.844225138874208
Chad,2032,10,28.243283256769246
Chad,2032,11,27.294808436175117
Chad,2032,12,25.93815143897973
Chad,2033,1,24.73961395732931
Chad,2033,2,27.040209052906903
Chad,2033,3,28.315250413060312
Chad,2033,4,28.972472360875145
Chad,2033,5,29.282280130010804
Chad,2033,6,29.400250854477235
Chad,2033,7,29.389634558568105
Chad,2033,8,29.243855146761234
Chad,2033,9,28.90901139365542
Chad,2033,10,28.306377933779913
Chad,2033,11,27.35490625157854
Chad,2033,12,25.99372567125556
Chad,2034,1,24.775468362343418
Chad,2034,2,27.085352663490085
Chad,2034,3,28.367613682458796
Chad,2034,4,29.03032311793595
Chad,2034,5,29.344154042189075
Chad,2034,6,29.46488189087995
Chad,2034,7,29.455885452957773
Chad,2034,8,29.310647860606878
Chad,2034,9,28.9752575790817
Chad,2034,10,28.370909396661773
Chad,2034,11,27.416405414533983
Chad,2034,12,26.050656036627515
Chad,2035,1,24.812241334978353
Chad,2035,2,27.13158130084139
Chad,2035,3,28.421195950949368
Chad,2035,4,29.08949687706354
Chad,2035,5,29.407427507497232
Chad,2035,6,29.530964096994467
Chad,2035,7,29.523616716608558
Chad,2035,8,29.378930243657123
Chad,2035,9,29.042985351538846
Chad,2035,10,28.436899499673927
Chad,2035,11,27.47932792341544
Chad,2035,12,26.108964623938846
Chile,2025,1,2.1893388082216916
Chile,2025,2,2.6116210830814452
Chile,2025,3,5.68746165554785
Chile,2025,4,9.898200033026114
Chile,2025,5,13.999897416725616
Chile,2025,6,17.045837691596716
Chile,2025,7,18.409028416176625
Chile,2025,8,17.804701812518942
Chile,2025,9,15.312815756057716
Chile,2025,10,11.400554765558809
Chile,2025,11,6.944830992943935
Chile,2025,12,3.254785213263858
Chile,2026,1,2.2541698299473865
Chile,2026,2,2.6811391415767503
Chile,2026,3,5.759764450101102
Chile,2026,4,9.971925582908625
Chile,2026,5,14.074154524191727
Chile,2026,6,17.12013640488385
Chile,2026,7,18.483210492552644
Chile,2026,8,17.878871181293107
Chile,2026,9,15.387268981606212
Chile,2026,10,11.475711510328438
Chile,2026,11,7.021164480466723
Chile,2026,12,3.332752691218957
Chile,2027,1,2.3200502974659685
Chile,2027,2,2.7519229030194765
Chile,2027,3,5.833511813835685
Chile,2027,4,10.047239694708878
Chile,2027,5,14.150111830266724
Chile,2027,6,17.196217114892534
Chile,2027,7,18.559229042589322
Chile,2027,8,17.95490669695664
Chile,2027,9,15.463595740989149
Chile,2027,10,11.552729407042534
Chile,2027,11,7.09932948667938
Chile,2027,12,3.4125073206096204
Chile,2028,1,2.3869978688353513
Chile,2028,2,2.8239907464858334
Chile,2028,3,5.908722793134984
Chile,2028,4,10.12416202843906
Chile,2028,5,14.227789554865922
Chile,2028,6,17.274100547700982
Chile,2028,7,18.63710524486396
Chile,2028,8,18.032829936856615
Chile,2028,9,15.541817956634077
Chile,2028,10,11.631630669472543
Chile,2028,11,7.179348462957023
Chile,2028,12,3.494071736801743
Chile,2029,1,2.455030249207084
Chile,2029,2,2.897361098956935
Chile,2029,3,5.985416483116751
Chile,2029,4,10.202712293598779
Chile,2029,5,14.307207968210605
Chile,2029,6,17.35380748055195
Chile,2029,7,18.71686032988964
Chile,2029,8,18.112662531098067
Chile,2029,9,15.621957604479576
Chile,2029,10,11.712437565770415
Chile,2029,11,7.261243915935665
Chile,2029,12,3.5774686311242476
Chile,2030,1,2.524165190870008
Chile,2030,2,2.972052435351543
Chile,2030,3,6.063612027614909
Chile,2030,4,10.282910249266024
Chile,2030,5,14.388387390889875
Chile,2030,6,17.435358741830896
Chile,2030,7,18.79851558015889
Chile,2030,8,18.19442616253309
Chile,2030,9,15.704036714128051
Chile,2030,10,11.795172418461334
Chile,2030,11,7.345038407403081
Chile,2030,12,3.662720750978224
Chile,2031,1,2.594420493286634
Chile,2031,2,3.048083278617014
Chile,2031,3,6.143328619299609
Chile,2031,4,10.364775704151725
Chile,2031,5,14.471348193918857
Chile,2031,6,17.5187752111824
Chile,2031,7,18.882092330223713
Chile,2031,8,18.278142566957285
Chile,2031,9,15.78807736879844
Chile,2031,10,11.879857604581957
Chile,2031,11,7.430754554473424
Chile,2031,12,3.749850899811463
Chile,2032,1,2.665814003184096
Chile,2032,2,3.125472199689284
Chile,2032,3,6.224585499688146
Chile,2032,4,10.448328516592483
Chile,2032,5,14.55611079879327
Chile,2032,6,17.604077819499253
Chile,2032,7,18.96761196668467
Chile,2032,8,18.363833532946046
Chile,2032,9,15.874101705413523
Chile,2032,10,11.966515555647675
Chile,2032,11,7.518415029539938
Chile,2032,12,3.8388819371912177
Chile,2033,1,2.73836361452868
Chile,2033,2,3.2042378176311104
Chile,2033,3,6.307401959174058
Chile,2033,4,10.533588594626963
Chile,2033,5,14.642695677474876
Chile,2033,6,17.691287548998844
Chile,2033,7,19.055095928296396
Chile,2033,8,18.451520902083757
Chile,2033,9,15.962131914643578
Chile,2033,10,12.055168757696265
Chile,2033,11,7.6080425603331605
Chile,2033,12,3.929836778851495
Chile,2034,1,2.8120872686349685
Chile,2034,2,3.284398799602968
Chile,2034,3,6.391797337092612
Chile,2034,4,10.620575896075934
Chile,2034,5,14.73112335251517
Chile,2034,6,17.780425433270466
Chile,2034,7,19.144565705953028
Chile,2034,8,18.541226568891034
Chile,2034,9,16.052190240924574
Chile,2034,10,12.145839751415224
Chile,2034,11,7.69965993002279
Chile,2034,12,4.022738396758541
Chile,2035,1,2.887002954165837
Chile,2035,2,3.365973860968552
Chile,2035,3,6.477791021760822
Chile,2035,4,10.709310428480421
Chile,2035,5,14.821414397059016
Chile,2035,6,17.871512557278947
Chile,2035,7,19.236042842808274
Chile,2035,8,18.632972480922945
Chile,2035,9,16.144298982549117
Chile,2035,10,12.238551132058092
Chile,2035,11,7.7932899772140445
Chile,2035,12,4.1176098190999255
China,2025,1,-0.851921390231837
China,2025,2,-0.24657963506888336
China,2025,3,3.3165119499144566
China,2025,4,8.112507536517114
China,2025,5,12.737591332625925
China,2025,6,16.1314785721961
China,2025,7,17.59991650509346
China,2025,8,16.83718538701669
China,2025,9,13.948599469365035
China,2025,10,9.473007989186044
China,2025,11,4.405296159006866
China,2025,12,0.21888615681109513
China,2026,1,-0.7855441896854245
China,2026,2,-0.17538334943583322
China,2026,3,3.390538119799203
China,2026,4,8.187939814940364
China,2026,5,12.813501832076327
China,2026,6,16.207365756331455
China,2026,7,17.67563565176988
China,2026,8,16.91287905131776
China,2026,9,14.024627946645523
China,2026,10,9.54987977804285
China,2026,11,4.483598424319098
China,2026,12,0.2992151927583109
China,2027,1,-0.7181196996343715
China,2027,2,-0.1029163475277528
China,2027,3,3.4660204415458793
China,2027,4,8.264978207099375
China,2027,5,12.891135450828187
China,2027,6,16.285062626481704
China,2027,7,17.75322312978551
China,2027,8,16.99047428833819
China,2027,9,14.102568351449918
China,2027,10,9.628653480148387
China,2027,11,4.563774736981031
China,2027,12,0.3813750759445611
China,2028,1,-0.6496303202211493
China,2028,2,-0.029160297307498695
China,2028,3,3.542977925667401
China,2028,4,8.343642348264439
China,2028,5,12.970512395201695
China,2028,6,16.364589906334913
China,2028,7,17.83270012646699
China,2028,8,17.069992695277506
China,2028,9,14.182442637241365
China,2028,10,9.709351351511032
China,2028,11,4.64584760179514
China,2028,12,0.46538850627712236
China,2029,1,-0.580058404581905
China,2029,2,0.04590318107602798
China,2029,3,3.6214296313128216
China,2029,4,8.423951923135064
China,2029,5,13.051652921793902
China,2029,6,16.445968370630908
China,2029,7,17.914087880978514
China,2029,8,17.151455922075
China,2029,9,14.264272810972216
China,2029,10,9.791995702399618
China,2029,11,4.729839578653809
China,2029,12,0.5512782395826434
China,2030,1,-0.5093862588319098
China,2030,2,0.12229251530607144
China,2030,3,3.7013946662273156
China,2030,4,8.505926665883635
China,2030,5,13.134577337420524
China,2030,6,16.529218845143077
China,2030,7,17.997407684376412
China,2030,8,17.234885671344273
China,2030,9,14.348080933091296
China,2030,10,9.87660889737981
China,2030,11,4.815773282572081
China,2030,12,0.6390670875452997
China,2031,1,-0.43759614197460905
China,2031,2,0.20002618098533276
China,2031,3,3.7828921869231635
China,2031,4,8.589586360159046
China,2031,5,13.219305999232347
China,2031,6,16.614362206827536
China,2031,7,18.08268087967099
China,2031,8,17.32030369842414
China,2031,9,14.433889117605759
China,2031,10,9.963213355408698
China,2031,11,4.903671383713117
China,2031,12,0.7287779179032441
China,2032,1,-0.36467026590526075
China,2032,2,0.279122701610504
China,2032,3,3.865941398621544
China,2032,4,8.674950839217672
China,2032,5,13.305859314747977
China,2032,6,16.70141938375764
China,2032,7,18.169928861815606
China,2032,8,17.407731811462327
China,2032,9,14.521719532081079
China,2032,10,10.05183154983115
China,2032,11,4.9935566074755116
China,2032,12,0.8204336543576574
China,2033,1,-0.29059079532726173
China,2033,2,0.35960064872870134
China,2033,3,3.9505615553507596
China,2033,4,8.762039985868796
China,2033,5,13.394257741904767
China,2033,6,16.790411355269498
China,2033,7,18.25917307781947
China,2033,8,17.49719187141909
China,2033,9,14.61159439779749
China,2033,10,10.142486008441665
China,2033,11,5.085451734489652
China,2033,12,0.9140572766855257
China,2034,1,-0.21533984773395787
China,2034,2,0.44147864186106744
China,2034,3,4.036771959968064
China,2034,4,8.850873732612854
China,2034,5,13.484521789087921
China,2034,6,16.881359151925608
China,2034,7,18.35043502674398
China,2034,8,17.588705792154542
China,2034,9,14.703535989644479
China,2034,10,10.235199313513476
China,2034,11,5.179379600715947
China,2034,12,1.0096718208051243
China,2035,1,-0.13889949335771234
China,2035,2,0.5247753486264628
China,2035,3,4.1245919642178706
China,2035,4,8.941472061579589
China,2035,5,13.576672015152326
China,2035,6,16.974283855616704
China,2035,7,18.443736259775505
China,2035,8,17.682295540435916
China,2035,9,14.797566636288138
China,2035,10,10.329994101878583
China,2035,11,5.275363097430272
China,2035,12,1.1073003787505513
Colombia,2025,1,22.143362024210546
Colombia,2025,2,23.255766496306933
Colombia,2025,3,24.17157762375882
Colombia,2025,4,24.9556662771256
Colombia,2025,5,25.606415402228777
Colombia,2025,6,26.07822101000511
Colombia,2025,7,26.303993166472537
Colombia,2025,8,26.217656982572407
Colombia,2025,9,25.77665360409901
Colombia,2025,10,24.984441201592745
Colombia,2025,11,23.912995960211447
Colombia,2025,12,22.725313069678123
Colombia,2026,1,22.178677448694543
Colombia,2026,2,23.298025715966105
Colombia,2026,3,24.219040312797915
Colombia,2026,4,25.006947449365725
Colombia,2026,5,25.660415874216596
Colombia,2026,6,26.134057864009264
Colombia,2026,7,26.360930213458232
Colombia,2026,8,26.275035225292413
Colombia,2026,9,25.833821700064618
Colombia,2026,10,25.040685926095648
Colombia,2026,11,23.967472669367453
Colombia,2026,12,22.776976163416293
Colombia,2027,1,22.214851913170605
Colombia,2027,2,23.341313661764616
Colombia,2027,3,24.2676684459193
Colombia,2027,4,25.05950033296267
Colombia,2027,5,25.715766391517718
Colombia,2027,6,26.19129768143557
Colombia,2027,7,26.419300243604994
Colombia,2027,8,26.33385608993285
Colombia,2027,9,25.892424193179068
Colombia,2027,10,25.098341476915266
Colombia,2027,11,24.023323805359723
Colombia,2027,12,22.829966973328737
Colombia,2028,1,22.251903243356537
Colombia,2028,2,23.385648798256625
Colombia,2028,3,24.317481072816918
Colombia,2028,4,25.113344508962655
Colombia,2028,5,25.77248701287772
Colombia,2028,6,26.249960945006933
Colombia,2028,7,26.47912410988374
Colombia,2028,8,26.394140746012454
Colombia,2028,9,25.9524825158378
Colombia,2028,10,25.1574294955617
Colombia,2028,11,24.08057116513828
Colombia,2028,12,22.884307398050623
Colombia,2029,1,22.289849312867773
Colombia,2029,2,23.43104963861424
Colombia,2029,3,24.36849729257756
Colombia,2029,4,25.168499608652382
Colombia,2029,5,25.83059784807574
Colombia,2029,6,26.310068189309277
Colombia,2029,7,26.54042271792514
Colombia,2029,8,26.45591041654643
Colombia,2029,9,26.014018154682162
Colombia,2029,10,25.217971678660433
Colombia,2029,11,24.139236601565244
Colombia,2029,12,22.940019393013245
Colombia,2030,1,22.32870804313734
Colombia,2030,2,23.477534744740296
Colombia,2030,3,24.42073625377907
Colombia,2030,4,25.22498531364272
Colombia,2030,5,25.890119057993616
Colombia,2030,6,26.371640000798834
Colombia,2030,7,26.603217026117818
Colombia,2030,8,26.519186378075574
Colombia,2030,9,26.07705265073764
Colombia,2030,10,25.279989777985065
Colombia,2030,11,24.199342023454847
Colombia,2030,12,22.997124970374898
Colombia,2031,1,22.3684974035541
Colombia,2031,2,23.525122727206508
Colombia,2031,3,24.47421715456676
Colombia,2031,4,25.28282135586869
Colombia,2031,5,25.951070854703175
Colombia,2031,6,26.43469701794038
Colombia,2031,7,26.667528045593826
Colombia,2031,8,26.583989960731742
Colombia,2031,9,26.141607599410236
Colombia,2031,10,25.343505600486424
Colombia,2031,11,24.26090939563528
Colombia,2031,12,23.05564619911911
Colombia,2032,1,22.409235411448208
Colombia,2032,2,23.57383224541718
Colombia,2032,3,24.528959242627934
Colombia,2032,4,25.342027517665883
Colombia,2032,5,26.013473501437147
Colombia,2032,6,26.499259931185406
Colombia,2032,7,26.73337684029775
Colombia,2032,8,26.65034254825605
Colombia,2032,9,26.20770465050464
Colombia,2032,10,25.408541008368957
Colombia,2032,11,24.323960738959613
Colombia,2032,12,23.115605205032807
Colombia,2033,1,22.45094013216385
Colombia,2033,2,23.623682007554635
Colombia,2033,3,24.584981815315587
Colombia,2033,4,25.402623631774077
Colombia,2033,5,26.077347312672828
Colombia,2033,6,26.56534948301214
Colombia,2033,7,26.800784527023097
Colombia,2033,8,26.71826557802069
Colombia,2033,9,26.27536550831519
Colombia,2033,10,25.475117919112563
Colombia,2033,11,24.388518130407647
Colombia,2033,12,23.177024170870027
Colombia,2034,1,22.493629679099286
Colombia,2034,2,23.67469077068108
Colombia,2034,3,24.64230421962293
Colombia,2034,4,25.464629581482768
Colombia,2034,5,26.14271265421212
Colombia,2034,6,26.632986468056515
Colombia,2034,7,26.869772275492323
Colombia,2034,8,26.78778054117811
Colombia,2034,9,26.34461193167317
Colombia,2034,10,25.543258305519885
Colombia,2034,11,24.45460370305318
Colombia,2034,12,23.239925336286433
Colombia,2035,1,22.537322213772313
Colombia,2035,2,23.72687734074225
Colombia,2035,3,24.700945852270706
Colombia,2035,4,25.52806530052203
Colombia,2035,5,26.209589943116043
Colombia,2035,6,26.70219173300302
Colombia,2035,7,26.94036130839322
Colombia,2035,8,26.858908982591856
Colombia,2035,9,26.415465733964993
Colombia,2035,10,25.612984195770878
Colombia,2035,11,24.522239646162234
Colombia,2035,12,23.304330997933903
Comoros,2025,1,23.26181489456667
Comoros,2025,2,24.78430354368993
Comoros,2025,3,25.781543140828035
Comoros,2025,4,26.460525495823276
Comoros,2025,5,26.932276388460195
Comoros,2025,6,27.234356558336913
Comoros,2025,7,27.353362694878342
Comoros,2025,8,27.247428427098384
Comoros,2025,9,26.868725313569485
Comoros,2025,10,26.185963832344896
Comoros,2025,11,25.20689437078272
Comoros,2025,12,24.00080821548636
Comoros,2026,1,23.294377389648616
Comoros,2026,2,24.824225233541256
Comoros,2026,3,25.827058164069058
Comoros,2026,4,26.510207349722805
Comoros,2026,5,26.984968391979237
Comoros,2026,6,27.289102315194214
Comoros,2026,7,27.40933655650315
Comoros,2026,8,27.303865955688707
Comoros,2026,9,26.924853745106702
Comoros,2026,10,26.24093253960109
Comoros,2026,11,25.25970532631709
Comoros,2026,12,24.050246454758053
Comoros,2027,1,23.32776546128389
Comoros,2027,2,24.86513867971462
Comoros,2027,3,25.873698537304335
Comoros,2027,4,26.561118078651816
Comoros,2027,5,27.038965244421888
Comoros,2027,6,27.345203861078517
Comoros,2027,7,27.46669463095259
Comoros,2027,8,27.361696122044123
Comoros,2027,9,26.982365757922707
Comoros,2027,10,26.297260807664316
Comoros,2027,11,25.31383937567898
Comoros,2027,12,24.100961391716737
Comoros,2028,1,23.361996928114422
Comoros,2028,2,24.907062332565147
Comoros,2028,3,25.92148328888743
Comoros,2028,4,26.613277235298483
Comoros,2028,5,27.094286968983397
Comoros,2028,6,27.402681636071975
Comoros,2028,7,27.525457721510065
Comoros,2028,8,27.420940038898152
Comoros,2028,9,27.041282720490017
Comoros,2028,10,26.35497020702769
Comoros,2028,11,25.369318237667358
Comoros,2028,12,24.15297483982158
Comoros,2029,1,23.397089656727076
Comoros,2029,2,24.95001469114959
Comoros,2029,3,25.970431496710262
Comoros,2029,4,26.666704422595103
Comoros,2029,5,27.15095364004901
Comoros,2029,6,27.461556132232545
Comoros,2029,7,27.58564668415511
Comoros,2029,8,27.481618872498984
Comoros,2029,9,27.101626055639827
Comoros,2029,10,26.414082363405214
Comoros,2029,11,25.426163687106055
Comoros,2029,12,24.206308669316968
Comoros,2030,1,23.43306156159906
Comoros,2030,2,24.994014303291806
Comoros,2030,3,26.020562288170368
Comoros,2030,4,26.72141929387817
Comoros,2030,5,27.20898538313213
Comoros,2030,6,27.521847893557606
Comoros,2030,7,27.647282427672508
Comoros,2030,8,27.54375384272589
Comoros,2030,9,27.163417240576564
Comoros,2030,10,26.474618957655366
Comoros,2030,11,25.48439755482923
Comoros,2030,12,24.26098480726887
Comoros,2031,1,23.469930605203444
Comoros,2031,2,25.03907976559003
Comoros,2031,3,26.07189484030914
Comoros,2031,4,26.777441552892014
Comoros,2031,5,27.26840237495435
Comoros,2031,6,27.583577516089463
Comoros,2031,7,27.7103859137178
Comoros,2031,8,27.6073662230674
Comoros,2031,9,27.22667780698339
Comoros,2031,10,26.53660172590844
Comoros,2031,11,25.544041727714102
Comoros,2031,12,24.317025237641246
Comoros,2032,1,23.50771479803825
Comoros,2032,2,25.085229723471457
Comoros,2032,3,26.124448379760906
Comoros,2032,4,26.834790953796073
Comoros,2032,5,27.329224843532756
Comoros,2032,6,27.646765647915345
Comoros,2032,7,27.774978156755424
Comoros,2032,8,27.672477340697696
Comoros,2032,9,27.291429341018556
Comoros,2032,10,26.60005245960292
Comoros,2032,11,25.605118148760994
Comoros,2032,12,24.37445200123784
Comoros,2033,1,23.546432198677394
Comoros,2033,2,25.13248287125043
Comoros,2033,3,26.17824218291662
Comoros,2033,4,26.893487301292225
Comoros,2033,5,27.39147306815812
Comoros,2033,6,27.711432989240166
Comoros,2033,7,27.841080224218786
Comoros,2033,8,27.73910857654937
Comoros,2033,9,27.35769348339909
Comoros,2033,10,26.664993005521865
Comoros,2033,11,25.66764881715153
Comoros,2033,12,24.433287195938647
Comoros,2034,1,23.58610091382525
Comoros,2034,2,25.18085795220486
Comoros,2034,3,26.23329557584384
Comoros,2034,4,26.953550450610237
Comoros,2034,5,27.455167379474915
Comoros,2034,6,27.777600292459283
Comoros,2034,7,27.908713236473886
Comoros,2034,8,27.807281365302515
Comoros,2034,9,27.425491929393502
Comoros,2034,10,26.731445265832917
Comoros,2034,11,25.731655788208627
Comoros,2034,12,24.49355297652164
Comoros,2035,1,23.626739098316648
Comoros,2035,2,25.230373758521637
Comoros,2035,3,26.289627934417695
Comoros,2035,4,27.01500030754778
Comoros,2035,5,27.52032815953953
Comoros,2035,6,27.845288362129395
Comoros,2035,7,27.97789836694301
Comoros,2035,8,27.877017195475673
Comoros,2035,9,27.49484642891639
Comoros,2035,10,26.799431198153798
Comoros,2035,11,25.797161173531094
Comoros,2035,12,24.555271554881074
Congo,2025,1,22.909771319861647
Congo,2025,2,24.286713613976644
Congo,2025,3,25.249689405170102
Congo,2025,4,25.958316030007154
Congo,2025,5,26.48605153925837
Congo,2025,6,26.84269568774198
Congo,2025,7,26.996890924224317
Congo,2025,8,26.898623381418474
Congo,2025,9,26.501723865753775
Congo,2025,10,25.78636884735988
Congo,2025,11,24.78158144988356
Congo,2025,12,23.58773244047643
Congo,2026,1,22.943227099979595
Congo,2026,2,24.327387212685608
Congo,2026,3,25.29582415407367
Congo,2026,4,26.00849993594693
Congo,2026,5,26.539147747266725
Congo,2026,6,26.89777294414762
Congo,2026,7,27.053154039659603
Congo,2026,8,26.95534369377583
Congo,2026,9,26.558169703247586
Congo,2026,10,25.8417359915411
Congo,2026,11,24.834923598665227
Congo,2026,12,23.63789167115192
Congo,2027,1,22.97751988906475
Congo,2027,2,24.369065157506157
Congo,2027,3,25.34309787303664
Congo,2027,4,26.059927240109573
Congo,2027,5,26.593564103412973
Congo,2027,6,26.954221937726288
Congo,2027,7,27.110817837857212
Congo,2027,8,27.013473508513016
Congo,2027,9,26.616016254215538
Congo,2027,10,25.898479969183427
Congo,2027,11,24.889606127247134
Congo,2027,12,23.68934477172388
Congo,2028,1,23.01266750852392
Congo,2028,2,24.41176590388659
Congo,2028,3,25.391529597848603
Congo,2028,4,26.1126175050058
Congo,2028,5,26.64932064311597
Congo,2028,6,27.012063123130247
Congo,2028,7,27.169903139009875
Congo,2028,8,27.07303395764484
Congo,2028,9,26.675284908768845
Congo,2028,10,25.956622374801555
Congo,2028,11,24.945650780807227
Congo,2028,12,23.74211358438788
Congo,2029,1,23.048687827610593
Congo,2029,2,24.45550795597319
Congo,2029,3,25.441138413855697
Congo,2029,4,26.16659034336135
Congo,2029,5,26.70643745288271
Congo,2029,6,27.071317006900244
Congo,2029,7,27.230430815995533
Congo,2029,8,27.134046226678947
Congo,2029,9,26.73599711132647
Congo,2029,10,26.01618485802919
Congo,2029,11,25.00307936050467
Congo,2029,12,23.796220008062846
Congo,2030,1,23.085598763537746
Congo,2030,2,24.500309866646603
Congo,2030,3,25.49194345588785
Congo,2030,4,26.22186541834253
Congo,2030,5,26.76493467038108
Congo,2030,6,27.132004147571024
Congo,2030,7,27.292421794501024
Congo,2030,8,27.196531554732246
Congo,2030,9,26.798174360738813
Congo,2030,10,26.07718912371365
Congo,2030,11,25.061913723516227
Congo,2030,12,23.851685998551147
Congo,2031,1,23.123418281441445
Congo,2031,2,24.54619023755822
Congo,2031,3,25.543963908364276
Congo,2031,4,26.27846244340708
Congo,2031,5,26.82483248450899
Congo,2031,6,27.19414515565677
Congo,2031,7,27.35589705296752
Congo,2031,8,27.26051123450179
Congo,2031,9,26.861838210247697
Congo,2031,10,26.13965693195587
Congo,2031,11,25.12217578300715
Congo,2031,12,23.90853356844036
Congo,2032,1,23.162164394479078
Congo,2032,2,24.593167719137455
Congo,2032,3,25.59721900534805
Congo,2032,4,26.336401182515147
Congo,2032,5,26.88615113533251
Congo,2032,6,27.257760693742057
Congo,2032,7,27.420877622754233
Congo,2032,8,27.326006612384845
Congo,2032,9,26.927010267591868
Congo,2032,10,26.203610098084937
Congo,2032,11,25.183887508287626
Congo,2032,12,23.96678478723061
Congo,2033,1,23.201855163851178
Congo,2033,2,24.641261010700873
Congo,2033,3,25.651728030538834
Congo,2033,4,26.39570145003836
Congo,2033,5,26.948910914256885
Congo,2033,6,27.322871476474575
Congo,2033,7,27.48738458806929
Congo,2033,8,27.393039088457044
Congo,2033,9,26.993712194981526
Congo,2033,10,26.26907049280362
Congo,2033,11,25.247070924772743
Congo,2033,12,24.026461781370926
Congo,2034,1,23.242508698896017
Congo,2034,2,24.690488860503137
Congo,2034,3,25.707510317360175
Congo,2034,4,26.456383110927163
Congo,2034,5,27.013132164004674
Congo,2034,6,27.389498270659715
Congo,2034,7,27.555439086104343
Congo,2034,8,27.461630116570632
Congo,2034,9,27.06196570924385
Congo,2034,10,26.336060042166537
Congo,2034,11,25.311748114037073
Congo,2034,12,24.08758673430293
Congo,2035,1,23.284143157016842
Congo,2035,2,24.74087006568243
Congo,2035,3,25.764585249003176
Congo,2035,4,26.5184660806417
Congo,2035,5,27.078835278648512
Congo,2035,6,27.457661895286037
Congo,2035,7,27.625062307001826
Congo,2035,8,27.531801204350813
Congo,2035,9,27.13179258177206
Congo,2035,10,26.40460072760561
Congo,2035,11,25.37794121393108
Congo,2035,12,24.150181886475366
Cook Islands,2025,1,22.696867578496494
Cook Islands,2025,2,23.993855642475864
Cook Islands,2025,3,24.9403287985524
Cook Islands,2025,4,25.6685543592439
Cook Islands,2025,5,26.230310774580175
Cook Islands,2025,6,26.619388621952567
Cook Islands,2025,7,26.794091596043472
Cook Islands,2025,8,26.69973749865767
Cook Islands,2025,9,26.291159228699144
Cook Islands,2025,10,25.55520577203879
Cook Islands,2025,11,24.533243191367546
Cook Islands,2025,12,23.34365561618779
Cook Islands,2026,1,22.730850691933483
Cook Islands,2026,2,24.034976263276803
Cook Islands,2026,3,24.986835256376253
Cook Islands,2026,4,25.719042733108836
Cook Islands,2026,5,26.283655355849078
Cook Islands,2026,6,26.67467237735127
Cook Islands,2026,7,26.850536630697206
Cook Islands,2026,8,26.756635519094743
Cook Islands,2026,9,26.347802005894664
Cook Islands,2026,10,25.61081560440016
Cook Islands,2026,11,24.586903367763625
Cook Islands,2026,12,23.394240878970777
Cook Islands,2027,1,22.76567728836835
Cook Islands,2027,2,24.077108377555305
Cook Islands,2027,3,25.034488431502723
Cook Islands,2027,4,25.7707827788372
Cook Islands,2027,5,26.338328811712017
Cook Islands,2027,6,26.731336975762133
Cook Islands,2027,7,26.908391759819096
Cook Islands,2027,8,26.81495268600065
Cook Islands,2027,9,26.405855299502036
Cook Islands,2027,10,25.667812158500055
Cook Islands,2027,11,24.641913824111725
Cook Islands,2027,12,23.446129850196485
Cook Islands,2028,1,22.80136519059033
Cook Islands,2028,2,24.120270443571826
Cook Islands,2028,3,25.08330736388325
Cook Islands,2028,4,25.82379406439668
Cook Islands,2028,5,26.394351184507286
Cook Islands,2028,6,26.789402880059242
Cook Islands,2028,7,26.96767781321705
Cook Islands,2028,8,26.87471014235871
Cook Islands,2028,9,26.465340511976137
Cook Islands,2028,10,25.726217042597455
Cook Islands,2028,11,24.698296320683767
Cook Islands,2028,12,23.499344388475038
Cook Islands,2029,1,22.837932269282646
Cook Islands,2029,2,24.164480968215685
Cook Islands,2029,3,25.133311142978528
Cook Islands,2029,4,25.8780962080682
Cook Islands,2029,5,26.45174256757764
Cook Islands,2029,6,26.8488906050452
Cook Islands,2029,7,27.02841567334417
Cook Islands,2029,8,26.935929084597774
Cook Islands,2029,9,26.526279100054126
Cook Islands,2029,10,25.786051920019418
Cook Islands,2029,11,24.756072673703784
Cook Islands,2029,12,23.55390640917267
Cook Islands,2030,1,22.875396443015234
Cook Islands,2030,2,24.209758507132392
Cook Islands,2030,3,25.18451890772576
Cook Islands,2030,4,25.933708878438665
Cook Islands,2030,5,26.510523105463108
Cook Islands,2030,6,26.909820717465664
Cook Islands,2030,7,27.09062627548792
Cook Islands,2030,8,26.998630762825087
Cook Islands,2030,9,26.58869257491915
Cook Islands,2030,10,25.847338509277506
Cook Islands,2030,11,24.815264755362477
Cook Islands,2030,12,23.609837884506305
Cook Islands,2031,1,22.913775678302954
Cook Islands,2031,2,24.25612166466908
Cook Islands,2031,3,25.23694984667327
Cook Islands,2031,4,25.990651794488258
Cook Islands,2031,5,26.57071299386098
Cook Islands,2031,6,26.972213836053015
Cook Islands,2031,7,27.15433060768646
Cook Islands,2031,8,27.062836480684382
Cook Islands,2031,9,26.65260250211668
Cook Islands,2031,10,25.910098584147818
Cook Islands,2031,11,24.875894493926353
Cook Islands,2031,12,23.66716084345262
Cook Islands,2032,1,22.953087989689266
Cook Islands,2032,2,24.30358909404913
Cook Islands,2032,3,25.29062319796958
Cook Islands,2032,4,26.04894472560136
Cook Islands,2032,5,26.632332479705838
Cook Islands,2032,6,27.03609063155909
Cook Islands,2032,7,27.219549710815954
Cook Islands,2032,8,27.128567595472305
Cook Islands,2032,9,26.718030501649082
Cook Islands,2032,10,25.97435397364552
Cook Islands,2032,11,24.937983873690428
Cook Islands,2032,12,23.725897371919018
Cook Islands,2033,1,22.99335143971348
Cook Islands,2033,2,24.3521794972703
Cook Islands,2033,3,25.345558249392525
Cook Islands,2033,4,26.108607491635667
Cook Islands,2033,5,26.6954018612023
Cook Islands,2033,6,27.10147182682431
Cook Islands,2033,7,27.28630467865969
Cook Islands,2033,8,27.195845518171154
Cook Islands,2033,9,26.784998248055672
Cook Islands,2033,10,26.04012656208306
Cook Islands,2033,11,25.00155493506918
Cook Islands,2033,12,23.786069612732717
Cook Islands,2034,1,23.0345841390199
Cook Islands,2034,2,24.40191162528299
Cook Islands,2034,3,25.40177433844383
Cook Islands,2034,4,26.169659962944024
Cook Islands,2034,5,26.75994148785776
Cook Islands,2034,6,27.168378196832236
Cook Islands,2034,7,27.354616657933548
Cook Islands,2034,8,27.264691713572574
Cook Islands,2034,9,26.853527470390873
Cook Islands,2034,10,26.10743828916111
Cook Islands,2034,11,25.066629774680223
Cook Islands,2034,12,23.84769976568805
Cook Islands,2035,1,23.07680424638329
Cook Islands,2035,2,24.45280427794296
Cook Islands,2035,3,25.459290852367303
Cook Islands,2035,4,26.23212206045082
Cook Islands,2035,5,26.825971760562425
Cook Islands,2035,6,27.236830568709593
Cook Islands,2035,7,27.42450684830419
Cook Islands,2035,8,27.335127700172052
Cook Islands,2035,9,26.923639952322446
Cook Islands,2035,10,26.176311149961293
Cook Islands,2035,11,25.133230545311562
Cook Islands,2035,12,23.91081008758283
Costa Rica,2025,1,21.39493171713275
Costa Rica,2025,2,22.300274062611606
Costa Rica,2025,3,23.197143455651712
Costa Rica,2025,4,24.06594414385927
Costa Rica,2025,5,24.838195762903524
Costa Rica,2025,6,25.419034326344445
Costa Rica,2025,7,25.709713215591364
Costa Rica,2025,8,25.630104169737933
Costa Rica,2025,9,25.141198275524403
Costa Rica,2025,10,24.267606957172575
Costa Rica,2025,11,23.12006296634081
Costa Rica,2025,12,21.91792137196626
Costa Rica,2026,1,21.431974161915605
Costa Rica,2026,2,22.344026223659057
Costa Rica,2026,3,23.245877257956636
Costa Rica,2026,4,24.11829639539883
Costa Rica,2026,5,24.89309861766469
Costa Rica,2026,6,25.47564574730586
Costa Rica,2026,7,25.76734743774523
Costa Rica,2026,8,25.688162163177367
Costa Rica,2026,9,25.19909820837438
Costa Rica,2026,10,24.324714658673656
Costa Rica,2026,11,23.17562238980554
Costa Rica,2026,12,21.970985057855614
Costa Rica,2027,1,21.46989434149964
Costa Rica,2027,2,22.388827938762006
Costa Rica,2027,3,23.29579923723668
Costa Rica,2027,4,24.17194476793611
Costa Rica,2027,5,24.949377375950462
Costa Rica,2027,6,25.53368721031893
Costa Rica,2027,7,25.826442713926554
Costa Rica,2027,8,25.747691613448296
Costa Rica,2027,9,25.258461909191283
Costa Rica,2027,10,24.383262864991593
Costa Rica,2027,11,23.232585998161994
Costa Rica,2027,12,22.02540606934872
Costa Rica,2028,1,21.508710084218364
Costa Rica,2028,2,22.434697679310375
Costa Rica,2028,3,23.34692845421978
Costa Rica,2028,4,24.226908857807757
Costa Rica,2028,5,25.007052116045998
Costa Rica,2028,6,25.593179221884384
Costa Rica,2028,7,25.887019925129607
Costa Rica,2028,8,25.808713722371067
Costa Rica,2028,9,25.319310846870394
Costa Rica,2028,10,24.44327325843642
Costa Rica,2028,11,23.29097563338746
Costa Rica,2028,12,22.08120635436444
Costa Rica,2029,1,21.548439266222886
Costa Rica,2029,2,22.48165396530112
Costa Rica,2029,3,23.39928401902671
Costa Rica,2029,4,24.283208311598173
Costa Rica,2029,5,25.066142967288215
Costa Rica,2029,6,25.654142340369617
Costa Rica,2029,7,25.94910000501568
Costa Rica,2029,8,25.871249745207933
Costa Rica,2029,9,25.381666544574728
Costa Rica,2029,10,24.50476757636079
Costa Rica,2029,11,23.350813193313115
Costa Rica,2029,12,22.138407917512268
Costa Rica,2030,1,21.58909981148554
Costa Rica,2030,2,22.529715365367338
Costa Rica,2030,3,23.4528850912875
Costa Rica,2030,4,24.34086282615408
Costa Rica,2030,5,25.12667011002577
Costa Rica,2030,6,25.716597175968673
Costa Rica,2030,7,26.012703939923995
Costa Rica,2030,8,25.9353209906958
Costa Rica,2030,9,25.445550579775045
Costa Rica,2030,10,24.5677676112291
Costa Rica,2030,11,23.412120631704056
Costa Rica,2030,12,22.19703282014325
Costa Rica,2031,1,21.630709691865377
Costa Rica,2031,2,22.578900496843744
Costa Rica,2031,3,23.507750880061394
Costa Rica,2031,4,24.399892148635445
Costa Rica,2031,5,25.188653775793682
Costa Rica,2031,6,25.780564390818654
Costa Rica,2031,7,26.077852768929915
Costa Rica,2031,8,26.000948821162638
Costa Rica,2031,9,25.510984584282596
Costa Rica,2031,10,24.632295210675693
Costa Rica,2031,11,23.474919958262944
Costa Rica,2031,12,22.257103180386366
Costa Rica,2032,1,21.673286927144545
Costa Rica,2032,2,22.629228025792145
Costa Rica,2032,3,23.56390064400057
Costa Rica,2032,4,24.460316076526397
Costa Rica,2032,5,25.252114247215104
Costa Rica,2032,6,25.846064699036106
Costa Rica,2032,7,26.144567583866774
Costa Rica,2032,8,26.068154652462
Costa Rica,2032,9,25.57799024428914
Costa Rica,2032,10,24.69837227748667
Costa Rica,2032,11,23.539233238731867
Costa Rica,2032,12,22.31864117311943
Costa Rica,2033,1,21.71684958507194
Costa Rica,2033,2,22.68071666704509
Costa Rica,2033,3,23.62135369133921
Costa Rica,2033,4,24.522154457711622
Costa Rica,2033,5,25.317071858165036
Costa Rica,2033,6,25.91311886672429
Costa Rica,2033,7,26.21286952939863
Costa Rica,2033,8,26.136959954100348
Costa Rica,2033,9,25.646589300450614
Costa Rica,2033,10,24.76602076975996
Costa Rica,2033,11,23.6050825948887
Costa Rica,2033,12,22.381669030172816
Costa Rica,2034,1,21.76141578143597
Costa Rica,2034,2,22.73338518429682
Costa Rica,2034,3,23.680129379915343
Costa Rica,2034,4,24.585427190563678
Costa Rica,2034,5,25.383546993752134
Costa Rica,2034,6,25.981747712067772
Costa Rica,2034,7,26.28277980308212
Costa Rica,2034,8,26.207386249269803
Costa Rica,2034,9,25.716803547876225
Costa Rica,2034,10,24.835262700828935
Costa Rica,2034,11,23.672490204619862
Costa Rica,2034,12,22.446209040234862
Costa Rica,2035,1,21.807003680042726
Costa Rica,2035,2,22.78725239007781
Costa Rica,2035,3,23.740247117261788
Costa Rica,2035,4,24.650154223877507
Costa Rica,2035,5,25.451560090373277
Costa Rica,2035,6,26.051972105328787
Costa Rica,2035,7,26.35431965531552
Costa Rica,2035,8,26.27945511485177
Costa Rica,2035,9,25.78865483620484
Costa Rica,2035,10,24.906120139367886
Costa Rica,2035,11,23.741478301920324
Costa Rica,2035,12,22.512283548942833
Cote d'Ivoire,2025,1,24.098103164768872
Cote d'Ivoire,2025,2,26.058830352551922
Cote d'Ivoire,2025,3,27.185469155044302
Cote d'Ivoire,2025,4,27.8127046568452
Cote d'Ivoire,2025,5,28.15291863731636
Cote d'Ivoire,2025,6,28.318690560471623
Cote d'Ivoire,2025,7,28.345298564899167
Cote d'Ivoire,2025,8,28.213220453654685
Cote d'Ivoire,2025,9,27.870634684165452
Cote d'Ivoire,2025,10,27.25592135809802
Cote d'Ivoire,2025,11,26.32016321125866
Cote d'Ivoire,2025,12,25.049646603530164
Cote d'Ivoire,2026,1,24.12840261630936
Cote d'Ivoire,2026,2,26.09688384021956
Cote d'Ivoire,2026,3,27.2294826847874
Cote d'Ivoire,2026,4,27.861209315070482
Cote d'Ivoire,2026,5,28.204701053838107
Cote d'Ivoire,2026,6,28.37272337162085
Cote d'Ivoire,2026,7,28.400670876465483
Cote d'Ivoire,2026,8,28.269068303951826
Cote d'Ivoire,2026,9,27.926071507013148
Cote d'Ivoire,2026,10,27.309968445865707
Cote d'Ivoire,2026,11,26.371680177894632
Cote d'Ivoire,2026,12,25.097261847565278
Cote d'Ivoire,2027,1,24.159495462024097
Cote d'Ivoire,2027,2,26.135893838571974
Cote d'Ivoire,2027,3,27.274583597071796
Cote d'Ivoire,2027,4,27.910902500404518
Cote d'Ivoire,2027,5,28.257745932264697
Cote d'Ivoire,2027,6,28.42806788706457
Cote d'Ivoire,2027,7,28.457381959834493
Cote d'Ivoire,2027,8,28.326262336043328
Cote d'Ivoire,2027,9,27.982844781629865
Cote d'Ivoire,2027,10,27.36532763276864
Cote d'Ivoire,2027,11,26.42447278587224
Cote d'Ivoire,2027,12,25.14610668741898
Cote d'Ivoire,2028,1,24.19139951132911
Cote d'Ivoire,2028,2,26.175878782411928
Cote d'Ivoire,2028,3,27.320790898295854
Cote d'Ivoire,2028,4,27.961803737210175
Cote d'Ivoire,2028,5,28.312073261183286
Cote d'Ivoire,2028,6,28.484744505961316
Cote d'Ivoire,2028,7,28.515452570930393
Cote d'Ivoire,2028,8,28.384823609002524
Cote d'Ivoire,2028,9,28.04097581646147
Cote d'Ivoire,2028,10,27.422020422946844
Cote d'Ivoire,2028,11,26.478562681329095
Cote d'Ivoire,2028,12,25.19620285750443
Cote d'Ivoire,2029,1,24.224132621599892
Cote d'Ivoire,2029,2,26.21685715525473
Cote d'Ivoire,2029,3,27.368123644494517
Cote d'Ivoire,2029,4,28.013932600261796
Cote d'Ivoire,2029,5,28.36770308038558
Cote d'Ivoire,2029,6,28.5427736794054
Cote d'Ivoire,2029,7,28.574903518529936
Cote d'Ivoire,2029,8,28.444773235471985
Cote d'Ivoire,2029,9,28.10048597439254
Cote d'Ivoire,2029,10,27.480068375790324
Cote d'Ivoire,2029,11,26.53397156641313
Cote d'Ivoire,2029,12,25.247572149078223
Cote d'Ivoire,2030,1,24.25771269820416
Cote d'Ivoire,2030,2,26.25884748946646
Cote d'Ivoire,2030,3,27.416600941237448
Cote d'Ivoire,2030,4,28.0673087146979
Cote d'Ivoire,2030,5,28.42465548088603
Cote d'Ivoire,2030,6,28.60217591057244
Cote d'Ivoire,2030,7,28.635755664200587
Cote d'Ivoire,2030,8,28.506132381765383
Cote d'Ivoire,2030,9,28.16139667274274
Cote d'Ivoire,2030,10,27.539493105935435
Cote d'Ivoire,2030,11,26.5907211993881
Cote d'Ivoire,2030,12,25.300236410280377
Cote d'Ivoire,2031,1,24.292157694541856
Cote d'Ivoire,2031,2,26.301868366202143
Cote d'Ivoire,2031,3,27.466241943800014
Cote d'Ivoire,2031,4,28.12195175616307
Cote d'Ivoire,2031,5,28.48295060496912
Cote d'Ivoire,2031,6,28.66297175467207
Cote d'Ivoire,2031,7,28.698029922420574
Cote d'Ivoire,2031,8,28.568922267922062
Cote d'Ivoire,2031,9,28.2237293833723
Cote d'Ivoire,2031,10,27.600316283315806
Cote d'Ivoire,2031,11,26.648833394593566
Cote d'Ivoire,2031,12,25.35421754618892
Cote d'Ivoire,2032,1,24.327485612121563
Cote d'Ivoire,2032,2,26.34593841555852
Cote d'Ivoire,2032,3,27.517065857156012
Cote d'Ivoire,2032,4,28.177881450789755
Cote d'Ivoire,2032,5,28.542608646243934
Cote d'Ivoire,2032,6,28.72518181909345
Cote d'Ivoire,2032,7,28.761747260615266
Cote d'Ivoire,2032,8,28.633164167677933
Cote d'Ivoire,2032,9,28.287505632652937
Cote d'Ivoire,2032,10,27.662559633275123
Cote d'Ivoire,2032,11,26.70833002260497
Cote d'Ivoire,2032,12,25.409537518830803
Cote d'Ivoire,2033,1,24.3637145005423
Cote d'Ivoire,2033,2,26.391076316555882
Cote d'Ivoire,2033,3,27.569091936003133
Cote d'Ivoire,2033,4,28.23511757525648
Cote d'Ivoire,2033,5,28.60364984964781
Cote d'Ivoire,2033,6,28.788826763336147
Cote d'Ivoire,2033,7,28.826928699146265
Cote d'Ivoire,2033,8,28.698879408552784
Cote d'Ivoire,2033,9,28.35274700154423
Cote d'Ivoire,2033,10,27.726244936498006
Cote d'Ivoire,2033,11,26.769233010102653
Cote d'Ivoire,2033,12,25.466218347251015
Cote d'Ivoire,2034,1,24.40086245762086
Cote d'Ivoire,2034,2,26.437300797203534
Cote d'Ivoire,2034,3,27.622339484842996
Cote d'Ivoire,2034,4,28.293679956864253
Cote d'Ivoire,2034,5,28.6660945115882
Cote d'Ivoire,2034,6,28.853927299155657
Cote d'Ivoire,2034,7,28.893595311435092
Cote d'Ivoire,2034,8,28.76608937194851
Cote d'Ivoire,2034,9,28.419475125702775
Cote d'Ivoire,2034,10,27.79139402916644
Cote d'Ivoire,2034,11,26.831564340119257
Cote d'Ivoire,2034,12,25.524282107596264
Cote d'Ivoire,2035,1,24.438947629355425
Cote d'Ivoire,2035,2,26.484630634518
Cote d'Ivoire,2035,3,27.676827857995704
Cote d'Ivoire,2035,4,28.35358847352927
Cote d'Ivoire,2035,5,28.72996297985901
Cote d'Ivoire,2035,6,28.92050419055613
Cote d'Ivoire,2035,7,28.96176822396319
Cote d'Ivoire,2035,8,28.834815493065435
Cote d'Ivoire,2035,9,28.487711695391226
Cote d'Ivoire,2035,10,27.858028802912486
Cote d'Ivoire,2035,11,26.895346051945126
Cote d'Ivoire,2035,12,25.5837509330604
Croatia,2025,1,6.427258789820371
Croatia,2025,2,6.628456531111624
Croatia,2025,3,9.039036532435603
Croatia,2025,4,12.431968198686263
Croatia,2025,5,15.790228686318187
Croatia,2025,6,18.32930389319972
Croatia,2025,7,19.519689448531608
Croatia,2025,8,19.109391702754692
Croatia,2025,9,17.14642871742126
Croatia,2025,10,14.001331255073637
Croatia,2025,11,10.389643769221038
Croatia,2025,12,7.394425394178143
Croatia,2026,1,6.488516231617723
Croatia,2026,2,6.694412232370269
Croatia,2026,3,9.107883641075205
Croatia,2026,4,12.502405099186035
Croatia,2026,5,15.861389462684201
Croatia,2026,6,18.40068879203045
Croatia,2026,7,19.591095342007065
Croatia,2026,8,19.180842551654678
Croatia,2026,9,17.218106034161792
Croatia,2026,10,14.073504566757947
Croatia,2026,11,10.462601080552304
Croatia,2026,12,7.468403650583241
Croatia,2027,1,6.550814908086068
Croatia,2027,2,6.7616157461607145
Croatia,2027,3,9.178148588010117
Croatia,2027,4,12.574395829070454
Croatia,2027,5,15.934208542313172
Croatia,2027,6,18.473807468214545
Croatia,2027,7,19.66428400460154
Croatia,2027,8,19.254101196552256
Croatia,2027,9,17.291594726325457
Croatia,2027,10,14.147473903224636
Croatia,2027,11,10.53732265351664
Croatia,2027,12,7.544100510324824
Croatia,2028,1,6.6141725444185795
Croatia,2028,2,6.830085503105693
Croatia,2028,3,9.249850455603337
Croatia,2028,4,12.647960068713473
Croatia,2028,5,16.008706149889804
Croatia,2028,6,18.548680637047255
Croatia,2028,7,19.739276588484245
Croatia,2028,8,19.329189172772203
Croatia,2028,9,17.366916658696027
Croatia,2028,10,14.223261405089033
Croatia,2028,11,10.613830850744307
Croatia,2028,12,7.621538504362434
Croatia,2029,1,6.67860691304395
Croatia,2029,2,6.899839981878358
Croatia,2029,3,9.323008375021345
Croatia,2029,4,12.723117548129267
Croatia,2029,5,16.0849025605321
Croatia,2029,6,18.625329065042934
Croatia,2029,7,19.81609429787295
Croatia,2029,8,19.406128068560974
Croatia,2029,9,17.444093749790227
Croatia,2029,10,14.300889267401544
Croatia,2029,11,10.692148090177398
Croatia,2029,12,7.7007402198078125
Croatia,2030,1,6.744135833666405
Croatia,2030,2,6.9708977092204805
Croatia,2030,3,9.397641526354164
Croatia,2030,4,12.79988804702316
Croatia,2030,5,16.16281809987504
Croatia,2030,6,18.70377357007328
Croatia,2030,7,19.894758389161325
Croatia,2030,8,19.484939525039408
Croatia,2030,9,17.523147971854087
Croatia,2030,10,14.380379739796808
Croatia,2030,11,10.77229684510985
Croatia,2030,12,7.781728299917631
Croatia,2031,1,6.810777173309361
Croatia,2031,2,7.043277260033392
Croatia,2031,3,9.473769138644457
Croatia,2031,4,12.878291394875305
Croatia,2031,5,16.242473144136056
Croatia,2031,6,18.784035021334603
Croatia,2031,7,19.975290170846165
Croatia,2031,8,19.565645236399178
Croatia,2031,9,17.604101350921155
Croatia,2031,10,14.461755126515527
Croatia,2031,11,10.854299644256571
Croatia,2031,12,7.864525444217179
Croatia,2032,1,6.878548846391823
Croatia,2032,2,7.116997257356161
Croatia,2032,3,9.551410489902082
Croatia,2032,4,12.958347470951594
Croatia,2032,5,16.323888120078664
Croatia,2032,6,18.866134339460586
Croatia,2032,7,20.05771100369475
Croatia,2032,8,19.64826694976091
Croatia,2032,9,17.686975966867067
Croatia,2032,10,14.545037786404464
Croatia,2032,11,10.938179071778904
Croatia,2032,12,7.949154408391223
Croatia,2033,1,6.9474688147101915
Croatia,2033,2,7.192076372482006
Croatia,2033,3,9.630584907180491
Croatia,2033,4,13.040076204329125
Croatia,2033,5,16.407083505183437
Croatia,2033,6,18.95009249654413
Croatia,2033,7,20.142042300723006
Croatia,2033,8,19.73282646536336
Croatia,2033,9,17.77179395343137
Croatia,2033,10,14.630250133040136
Croatia,2033,11,11.023957767346474
Croatia,2033,12,8.035638004505927
Croatia,2034,1,7.017555087551045
Croatia,2034,2,7.26853332497285
Croatia,2034,3,9.71131176659128
Croatia,2034,4,13.123497574016255
Croatia,2034,5,16.492079827567977
Croatia,2034,6,19.03593051617736
Croatia,2034,7,20.228305527246448
Croatia,2034,8,19.819345636581602
Croatia,2034,9,17.858577498315753
Croatia,2034,10,14.717414634688794
Croatia,2034,11,11.111658426129907
Croatia,2034,12,8.123999100976107
Croatia,2035,1,7.088825721698413
Croatia,2035,2,7.346386882692059
Croatia,2035,3,9.793610493391498
Croatia,2035,4,13.208631608916221
Croatia,2035,5,16.578897666125158
Croatia,2035,6,19.123669473473456
Croatia,2035,7,20.316522200945656
Croatia,2035,8,19.90784636992339
Croatia,2035,9,17.9473488431222
Croatia,2035,10,14.806553814459221
Croatia,2035,11,11.201303798931804
Croatia,2035,12,8.214260622565234
Cuba,2025,1,23.654243326623146
Cuba,2025,2,25.36300706453858
Cuba,2025,3,26.410948358055066
Cuba,2025,4,27.061783095662577
Cuba,2025,5,27.47154437013978
Cuba,2025,6,27.711083468556353
Cuba,2025,7,27.78857086208245
Cuba,2025,8,27.671997195914628
Cuba,2025,9,27.311674279165345
Cuba,2025,10,26.662736074785244
Cuba,2025,11,25.707639689445386
Cuba,2025,12,24.47866636343042
Cuba,2026,1,23.685772834135605
Cuba,2026,2,25.402068731401414
Cuba,2026,3,26.455764427079885
Cuba,2026,4,27.11090881632572
Cuba,2026,5,27.5237984616042
Cuba,2026,6,27.765478582671676
Cuba,2026,7,27.844244046443237
Cuba,2026,8,27.72814035680949
Cuba,2026,9,27.36746464468615
Cuba,2026,10,26.71726665778715
Cuba,2026,11,25.759849750543253
Cuba,2026,12,24.527271874086182
Cuba,2027,1,23.718113867250395
Cuba,2027,2,25.44210673276848
Cuba,2027,3,26.50168920530723
Cuba,2027,4,27.161245704123758
Cuba,2027,5,27.57733877883311
Cuba,2027,6,27.82121009931234
Cuba,2027,7,27.90128144560822
Cuba,2027,8,27.78565569785951
Cuba,2027,9,27.42461782611008
Cuba,2027,10,26.77313588032939
Cuba,2027,11,25.813361980174705
Cuba,2027,12,24.57713330502247
Cuba,2028,1,23.751284240855057
Cuba,2028,2,25.483139512406524
Cuba,2028,3,26.548741711675575
Cuba,2028,4,27.212813299477602
Cuba,2028,5,27.632185329989625
Cuba,2028,6,27.87829844067619
Cuba,2028,7,27.959703842167983
Cuba,2028,8,27.844564308224108
Cuba,2028,9,27.483155165559765
Cuba,2028,10,26.8303652837576
Cuba,2028,11,25.86819806519361
Cuba,2028,12,24.628272434893915
Cuba,2029,1,23.785301817771142
Cuba,2029,2,25.52518556281302
Cuba,2029,3,26.59694101468358
Cuba,2029,4,27.265631193157787
Cuba,2029,5,27.6883581744014
Cuba,2029,6,27.936764080933244
Cuba,2029,7,28.01953207142742
Cuba,2029,8,27.904887330686506
Cuba,2029,9,27.54309805950561
Cuba,2029,10,26.88897646458736
Cuba,2029,11,25.924379748409592
Cuba,2029,12,24.680711099151267
Cuba,2030,1,23.82018450875057
Cuba,2030,2,25.56826342525983
Cuba,2030,3,26.646306232346433
Cuba,2030,4,27.319719026248094
Cuba,2030,5,27.745877422560625
Cuba,2030,6,27.99662754624387
Cuba,2030,7,28.080787021489414
Cuba,2030,8,27.966645961588256
Cuba,2030,9,27.604467958871282
Cuba,2030,10,26.9489910745624
Cuba,2030,11,25.981928828708078
Cuba,2030,12,24.734471190055956
Cuba,2031,1,23.855950272584778
Cuba,2031,2,25.612391689833203
Cuba,2031,3,26.696856532392303
Cuba,2031,4,27.375096490352917
Cuba,2031,5,27.804763236204053
Cuba,2031,6,28.057909414846108
Cuba,2031,7,28.143489633367608
Cuba,2031,8,28.02986145100749
Cuba,2031,9,27.667286369059184
Cuba,2031,10,27.010430820712827
Cuba,2031,11,26.040867161039387
Cuba,2031,12,24.78957465682197
Cuba,2032,1,23.892617116119254
Cuba,2032,2,25.65758899546654
Cuba,2032,3,26.748611132131373
Cuba,2032,4,27.43178332750267
Cuba,2032,5,27.8650358284076
Cuba,2032,6,28.120630317055657
Cuba,2032,7,28.20766090093548
Cuba,2032,8,28.094555102686172
Cuba,2032,9,27.731574849954086
Cuba,2032,10,27.073317465406035
Cuba,2032,11,26.101216656527868
Cuba,2032,12,24.846043505554007
Cuba,2033,1,23.930203094235367
Cuba,2033,2,25.7038740300095
Cuba,2033,3,26.80158929863046
Cuba,2033,4,27.48979933026294
Cuba,2033,5,27.926715463480832
Cuba,2033,6,28.184810935320456
Cuba,2033,7,28.2733218710282
Cuba,2033,8,28.160748274095567
Cuba,2033,9,27.797355016039546
Cuba,2033,10,27.137672826361268
Cuba,2033,11,26.162999282424607
Cuba,2033,12,24.903899799389364
Cuba,2034,1,23.96872631005408
Cuba,2034,2,25.75126553026803
Cuba,2034,3,26.855810348745763
Cuba,2034,4,27.549164341774485
Cuba,2034,5,27.989822457207083
Cuba,2034,6,28.250472004253425
Cuba,2034,7,28.34049364348266
Cuba,2034,8,28.228462376585412
Cuba,2034,9,27.864648536401546
Cuba,2034,10,27.203518776718738
Cuba,2034,11,26.226237062245673
Cuba,2034,12,24.963165658472462
Cuba,2035,1,24.008204914819544
Cuba,2035,2,25.799782282048
Cuba,2035,3,26.911293649046456
Cuba,2035,4,27.609898255778717
Cuba,2035,5,28.05437717670884
Cuba,2035,6,28.31763431075251
Cuba,2035,7,28.409197371133814
Cuba,2035,8,28.297718875285682
Cuba,2035,9,27.933477134757595
Cuba,2035,10,27.270877245086922
Cuba,2035,11,26.290952075746645
Cuba,2035,12,25.02386326001306
Cyprus,2025,1,17.262906493758237
Cyprus,2025,2,17.528978155497498
Cyprus,2025,3,18.593715887615872
Cyprus,2025,4,20.04615539696988
Cyprus,2025,5,21.508846435140185
Cyprus,2025,6,22.66035378826291
Cyprus,2025,7,23.257758266951896
Cyprus,2025,8,23.15915769622461
Cyprus,2025,9,22.346167905344373
Cyprus,2025,10,20.94642371777536
Cyprus,2025,11,19.25607994103939
Cyprus,2025,12,17.762312356609073
Cyprus,2026,1,17.308409324771674
Cyprus,2026,2,17.58024492111599
Cyprus,2026,3,18.649046048919445
Cyprus,2026,4,20.104257968891943
Cyprus,2026,5,21.568770449463955
Cyprus,2026,6,22.721418756632374
Cyprus,2026,7,23.319484643930082
Cyprus,2026,8,23.22119734226453
Cyprus,2026,9,22.40823454985457
Cyprus,2026,10,21.008223422087212
Cyprus,2026,11,19.31724156144719
Cyprus,2026,12,17.822318007439208
Cyprus,2027,1,17.354864580743197
Cyprus,2027,2,17.632646305600247
Cyprus,2027,3,18.70565875862394
Cyprus,2027,4,20.163759271778872
Cyprus,2027,5,21.630180147804822
Cyprus,2027,6,22.784029650022603
Cyprus,2027,7,23.382792992278155
Cyprus,2027,8,23.28483332886117
Cyprus,2027,9,22.4718927443364
Cyprus,2027,10,21.071593243513234
Cyprus,2027,11,19.3799377412588
Cyprus,2027,12,17.88381105249664
Cyprus,2028,1,17.402290085909954
Cyprus,2028,2,17.68620079610355
Cyprus,2028,3,18.76357311304764
Cyprus,2028,4,20.224678957450124
Cyprus,2028,5,21.69309568376866
Cyprus,2028,6,22.848207070089302
Cyprus,2028,7,23.447704308037828
Cyprus,2028,8,23.350086992687466
Cyprus,2028,9,22.53716411242658
Cyprus,2028,10,21.136555038891856
Cyprus,2028,11,19.444190516828712
Cyprus,2028,12,17.9468136539881
Cyprus,2029,1,17.45070371212296
Cyprus,2029,2,17.740926928167937
Cyprus,2029,3,18.82280825775615
Cyprus,2029,4,20.287036727743725
Cyprus,2029,5,21.757537261776633
Cyprus,2029,6,22.913971670143837
Cyprus,2029,7,23.514239639677726
Cyprus,2029,8,23.416979723694567
Cyprus,2029,9,22.604070331836738
Cyprus,2029,10,21.20313072000954
Cyprus,2029,11,19.51002198025253
Cyprus,2029,12,18.01134803063269
Cyprus,2030,1,17.500123378879834
Cyprus,2030,2,17.796843285836985
Cyprus,2030,3,18.883383387587855
Cyprus,2030,4,20.3508523346145
Cyprus,2030,5,21.823525137181605
Cyprus,2030,6,22.98134415520417
Cyprus,2030,7,23.58242008819525
Cyprus,2030,8,23.485532965144557
Cyprus,2030,9,22.672633134378884
Cyprus,2030,10,21.271342253535295
Cyprus,2030,11,19.577454279366975
Cyprus,2030,12,18.077436457705517
Cyprus,2031,1,17.550567053390296
Cyprus,2031,2,17.853968501615782
Cyprus,2031,3,18.945317746690307
Cyprus,2031,4,20.416145580123157
Cyprus,2031,5,21.8910796162354
Cyprus,2031,6,23.05034528205306
Cyprus,2031,7,23.65226680716387
Cyprus,2031,8,23.555768213675947
Cyprus,2031,9,22.742874306074555
Cyprus,2031,10,21.341211661122543
Cyprus,2031,11,19.646509617778975
Cyprus,2031,12,18.145101267081372
Cyprus,2032,1,17.602052750619805
Cyprus,2032,2,17.91232125661645
Cyprus,2032,3,19.00863062857843
Cyprus,2032,4,20.482936316501764
Cyprus,2032,5,21.960221056212504
Cyprus,2032,6,23.12099585922715
Cyprus,2032,7,23.723801002711298
Cyprus,2032,8,23.627707019329137
Cyprus,2032,9,22.8148156871257
Cyprus,2032,10,21.412761019485515
Cyprus,2032,11,19.717210254971178
Cyprus,2032,12,18.214364847241995
Cyprus,2033,1,17.65459853331504
Cyprus,2033,2,17.971920280547238
Cyprus,2033,3,19.073341376203643
Cyprus,2033,4,20.551244446215605
Cyprus,2033,5,22.030969865348197
Cyprus,2033,6,23.193316747115205
Cyprus,2033,7,23.797043933639543
Cyprus,2033,8,23.701370985568246
Cyprus,2033,9,22.888479172009284
Cyprus,2033,10,21.486012460351958
Cyprus,2033,11,19.78957850623283
Cyprus,2033,12,18.285249643385214
Cyprus,2034,1,17.708222512080283
Cyprus,2034,2,18.032784351734335
Cyprus,2034,3,19.139469381939307
Cyprus,2034,4,20.621089921985003
Cyprus,2034,5,22.103346503035027
Cyprus,2034,6,23.26732885799447
Cyprus,2034,7,23.87201691139944
Cyprus,2034,8,23.776781769393892
Cyprus,2034,9,22.963886709495455
Cyprus,2034,10,21.560988170586825
Cyprus,2034,11,19.86363674280892
Cyprus,2034,12,18.357778157439498
Cyprus,2035,1,17.7629428453738
Cyprus,2035,2,18.094932297212836
Cyprus,2035,3,19.20703408766076
Cyprus,2035,4,20.692492746828975
Cyprus,2035,5,22.17737147969183
Cyprus,2035,6,23.343053156027054
Cyprus,2035,7,23.94874130023618
Cyprus,2035,8,23.853961081310445
Cyprus,2035,9,23.04106030269486
Cyprus,2035,10,21.637710392210465
Cyprus,2035,11,19.939407391922032
Cyprus,2035,12,18.431972948034854
Czechia,2025,1,0.979948816931028
Czechia,2025,2,1.474044497693285
Czechia,2025,3,4.743641743317312
Czechia,2025,4,9.187895962711082
Czechia,2025,5,13.499086354430801
Czechia,2025,6,16.685116896584987
Czechia,2025,7,18.092017336734898
Czechia,2025,8,17.426444181762236
Czechia,2025,9,14.77818168781323
Czechia,2025,10,10.642642850151788
Czechia,2025,11,5.943370393067198
Czechia,2025,12,2.0545377598255072
Czechia,2026,1,1.045501003221034
Czechia,2026,2,1.5443217672409446
Czechia,2026,3,4.81670912059144
Czechia,2026,4,9.262368768479973
Czechia,2026,5,13.574060668813217
Czechia,2026,6,16.76010002201383
Czechia,2026,7,18.166858261037305
Czechia,2026,8,17.501264041148715
Czechia,2026,9,14.853304229874084
Czechia,2026,10,10.718524896933559
Czechia,2026,11,6.020532304039989
Czechia,2026,12,2.133493894904859
Czechia,2027,1,1.112102581036197
Czechia,2027,2,1.6158675102497
Czechia,2027,3,4.891226423803346
Czechia,2027,4,9.338437840659935
Czechia,2027,5,13.650744995481546
Czechia,2027,6,16.8368768285045
Czechia,2027,7,18.243548975483463
Czechia,2027,8,17.577964757497284
Czechia,2027,9,14.930316170940387
Czechia,2027,10,10.796284877383187
Czechia,2027,11,6.099543193417958
Czechia,2027,12,2.2142550806902364
Czechia,2028,1,1.17977118631552
Czechia,2028,2,1.6887000881115455
Czechia,2028,3,4.967212686090534
Czechia,2028,4,9.416122830408312
Czechia,2028,5,13.729159549956421
Czechia,2028,6,16.915468042197062
Czechia,2028,7,18.322110663125386
Czechia,2028,8,17.65656791708625
Czechia,2028,9,15.009239446783795
Czechia,2028,10,10.875945023058193
Czechia,2028,11,6.180425534873393
Czechia,2028,12,2.296843979162986
Czechia,2029,1,1.248524502073451
Czechia,2029,2,1.7628379100979146
Czechia,2029,3,5.044686989281217
Czechia,2029,4,9.495443438431721
Czechia,2029,5,13.809324598079002
Czechia,2029,6,16.995894440356096
Czechia,2029,7,18.40256455893632
Czechia,2029,8,17.737095158922784
Czechia,2029,9,15.090096046701547
Czechia,2029,10,10.957527619885695
Czechia,2029,11,6.2632018571903245
Czechia,2029,12,2.381283308318416
Czechia,2030,1,1.318380258392608
Czechia,2030,2,1.8382994333705938
Czechia,2030,3,5.123668463916147
Czechia,2030,4,9.576419414887823
Czechia,2030,5,13.891260455956399
Czechia,2030,6,17.078176851337957
Czechia,2030,7,18.48493194985076
Czechia,2030,8,17.819568174728374
Czechia,2030,9,15.172908013552842
Czechia,2030,10,11.04105500811147
Czechia,2030,11,6.347894744311816
Czechia,2030,12,2.4675958421330506
Czechia,2031,1,1.3893562325292805
Czechia,2031,2,1.915103163061758
Czechia,2031,3,5.204176289292263
Czechia,2031,4,9.659070559585416
Czechia,2031,5,13.974987490129024
Czechia,2031,6,17.162336154732657
Czechia,2031,7,18.5692341747681
Czechia,2031,8,17.904008709073423
Czechia,2031,9,15.257697443809775
Czechia,2031,10,11.126549582412736
Czechia,2031,11,6.434526835460019
Czechia,2031,12,2.555804410586461
Czechia,2032,1,1.4614702489207048
Czechia,2032,2,1.993267652303075
Czechia,2032,3,5.286229693502719
Czechia,2032,4,9.743416721857102
Czechia,2032,5,14.060526117537847
Czechia,2032,6,17.24839328132748
Czechia,2032,7,18.655492624632643
Czechia,2032,8,17.990438559304494
Czechia,2032,9,15.344486487575523
Czechia,2032,10,11.21403379196363
Czechia,2032,11,6.523120825107071
Czechia,2032,12,2.645931899763127
Czechia,2033,1,1.534740179239634
Czechia,2033,2,2.072811502258446
Czechia,2033,3,5.369847953524186
Czechia,2033,4,9.829477800784844
Czechia,2033,5,14.147896805600794
Czechia,2033,6,17.33636921321977
Czechia,2033,7,18.743728742480926
Czechia,2033,8,18.07887957575167
Czechia,2033,9,15.43329734872259
Czechia,2033,10,11.303530140420662
Czechia,2033,11,6.613699463055127
Czechia,2033,12,2.738001251874266
Czechia,2034,1,1.6091839424343561
Czechia,2034,2,2.153753362182215
Czechia,2034,3,5.455050395198668
Czechia,2034,4,9.91727374507991
Czechia,2034,5,14.237120072230937
Czechia,2034,6,17.42628498378781
Czechia,2034,7,18.833964023492626
Czechia,2034,8,18.16935366160851
Czechia,2034,9,15.524152284783668
Czechia,2034,10,11.395061185991835
Czechia,2034,11,6.706285554385431
Czechia,2034,12,2.8320354652832975
Czechia,2035,1,1.6848195047905392
Czechia,2035,2,2.2361119294737364
Czechia,2035,3,5.541856393339003
Czechia,2035,4,10.006824553253864
Czechia,2035,5,14.328216485927442
Czechia,2035,6,17.518161677807257
Czechia,2035,7,18.926220014997853
Czechia,2035,8,18.261882773081197
Czechia,2035,9,15.61707360712262
Czechia,2035,10,11.488649541473023
Czechia,2035,11,6.8009019597275255
Czechia,2035,12,2.928057594564052
Democratic Republic of Congo,2025,1,22.295133922151763
Democratic Republic of Congo,2025,2,23.455132502328524
Democratic Republic of Congo,2025,3,24.377758901927336
Democratic Republic of Congo,2025,4,25.14588669326713
Democratic Republic of Congo,2025,5,25.772157762207826
Democratic Republic of Congo,2025,6,26.22148329810534
Democratic Republic of Congo,2025,7,26.43354478369747
Democratic Republic of Congo,2025,8,26.345294984935208
Democratic Republic of Congo,2025,9,25.913458940985038
Democratic Republic of Congo,2025,10,25.13703495401296
Democratic Republic of Congo,2025,11,24.079795579183155
Democratic Republic of Congo,2025,12,22.89278861451112
Democratic Republic of Congo,2026,1,22.33008915046321
Democratic Republic of Congo,2026,2,23.49708267764163
Democratic Republic of Congo,2026,3,24.42496080386354
Democratic Republic of Congo,2026,4,25.196950411526814
Democratic Republic of Congo,2026,5,25.8259771596031
Democratic Republic of Congo,2026,6,26.27716647352736
Democratic Republic of Congo,2026,7,26.49034453515287
Democratic Republic of Congo,2026,8,26.402539272600734
Democratic Republic of Congo,2026,9,25.970481350171212
Democratic Republic of Congo,2026,10,25.19310515824054
Democratic Republic of Congo,2026,11,24.134049803135895
Democratic Republic of Congo,2026,12,22.944160097094027
Democratic Republic of Congo,2027,1,22.365899318637275
Democratic Republic of Congo,2027,2,23.540057029055788
Democratic Republic of Congo,2027,3,24.4733231985565
Democratic Republic of Congo,2027,4,25.249280536973856
Democratic Republic of Congo,2027,5,25.881140993843474
Democratic Republic of Congo,2027,6,26.334246748146143
Democratic Republic of Congo,2027,7,26.548571198295576
Democratic Republic of Congo,2027,8,26.461219951977
Democratic Republic of Congo,2027,9,26.02893181612035
Democratic Republic of Congo,2027,10,25.250579786706112
Democratic Republic of Congo,2027,11,24.189672038723984
Democratic Republic of Congo,2027,12,22.99685291606238
Democratic Republic of Congo,2028,1,22.40258225166417
Democratic Republic of Congo,2028,2,23.584074019535365
Democratic Republic of Congo,2028,3,24.522865133109917
Democratic Republic of Congo,2028,4,25.302896647216585
Democratic Republic of Congo,2028,5,25.937669319319866
Democratic Republic of Congo,2028,6,26.39274459942044
Democratic Republic of Congo,2028,7,26.60824561993013
Democratic Republic of Congo,2028,8,26.52135818556144
Democratic Republic of Congo,2028,9,26.088831763282542
Democratic Republic of Congo,2028,10,25.309480472119503
Democratic Republic of Congo,2028,11,24.24668407316949
Democratic Republic of Congo,2028,12,23.05088895940662
Democratic Republic of Congo,2029,1,22.440155822446286
Democratic Republic of Congo,2029,2,23.62915216064448
Democratic Republic of Congo,2029,3,24.573605704133115
Democratic Republic of Congo,2029,4,25.357818370136556
Democratic Republic of Congo,2029,5,25.99558224152952
Democratic Republic of Congo,2029,6,26.452680556733867
Democratic Republic of Congo,2029,7,26.669388699608135
Democratic Republic of Congo,2029,8,26.582975189344324
Democratic Republic of Congo,2029,9,26.15020267037562
Democratic Republic of Congo,2029,10,25.36982890226591
Democratic Republic of Congo,2029,11,24.305107749606577
Democratic Republic of Congo,2029,12,23.106290171909677
Democratic Republic of Congo,2030,1,22.478637951754536
Democratic Republic of Congo,2030,2,23.67531001268162
Democratic Republic of Congo,2030,3,24.625564057719203
Democratic Republic of Congo,2030,4,25.41406538393221
Democratic Republic of Congo,2030,5,26.054899917050534
Democratic Republic of Congo,2030,6,26.5140752013549
Democratic Republic of Congo,2030,7,26.732021389591864
Democratic Republic of Congo,2030,8,26.646092232866977
Democratic Republic of Congo,2030,9,26.213066070537934
Democratic Republic of Congo,2030,10,25.43164682011502
Democratic Republic of Congo,2030,11,24.36496496714699
Democratic Republic of Congo,2030,12,23.163078555146967
Democratic Republic of Congo,2031,1,22.518046608250188
Democratic Republic of Congo,2031,2,23.722566184639618
Democratic Republic of Congo,2031,3,24.678759389506922
Democratic Republic of Congo,2031,4,25.471657417162533
Democratic Republic of Congo,2031,5,26.115642553636462
Democratic Republic of Congo,2031,6,26.576949166520535
Democratic Republic of Congo,2031,7,26.79616469490884
Democratic Republic of Congo,2031,8,26.710730639243593
Democratic Republic of Congo,2031,9,26.277443551244687
Democratic Republic of Congo,2031,10,25.49495602380648
Democratic Republic of Congo,2031,11,24.426277680898238
Democratic Republic of Congo,2031,12,23.22127616745729
Democratic Republic of Congo,2032,1,22.55839980860128
Democratic Republic of Congo,2032,2,23.770939334343893
Democratic Republic of Congo,2032,3,24.7332109446952
Democratic Republic of Congo,2032,4,25.530614248761594
Democratic Republic of Congo,2032,5,26.177830410245406
Democratic Republic of Congo,2032,6,26.641323137523614
Democratic Republic of Congo,2032,7,26.861839673442773
Democratic Republic of Congo,2032,8,26.776911785223092
Democratic Republic of Congo,2032,9,26.34335675442071
Democratic Republic of Congo,2032,10,25.55977836675538
Democratic Republic of Congo,2032,11,24.489067902043644
Democratic Republic of Congo,2032,12,23.28090512407016
Democratic Republic of Congo,2033,1,22.599715617497168
Democratic Republic of Congo,2033,2,23.82044816839425
Democratic Republic of Congo,2033,3,24.78893801819231
Democratic Republic of Congo,2033,4,25.590955708125875
Democratic Republic of Congo,2033,5,26.241483797087312
Democratic Republic of Congo,2033,6,26.70721785166188
Democratic Republic of Congo,2033,7,26.929067435882644
Democratic Republic of Congo,2033,8,26.84465710123277
Democratic Republic of Congo,2033,9,26.410827376491397
Democratic Republic of Congo,2033,10,25.626135757663178
Democratic Republic of Congo,2033,11,24.553357697831416
Democratic Republic of Congo,2033,12,23.341987597109437
Democratic Republic of Congo,2034,1,22.642012147673995
Democratic Republic of Congo,2034,2,23.87111144228129
Democratic Republic of Congo,2034,3,24.84595995449945
Democratic Republic of Congo,2034,4,25.652701675121534
Democratic Republic of Congo,2034,5,26.30662307566763
Democratic Republic of Congo,2034,6,26.774654098365318
Democratic Republic of Congo,2034,7,26.997869145890036
Democratic Republic of Congo,2034,8,26.913988071400127
Democratic Republic of Congo,2034,9,26.479877168375424
Democratic Republic of Congo,2034,10,25.694050160532242
Democratic Republic of Congo,2034,11,24.619169191680157
Democratic Republic of Congo,2034,12,23.40454581566246
Democratic Republic of Congo,2035,1,22.68530755995471
Democratic Republic of Congo,2035,2,23.92294796042279
Democratic Republic of Congo,2035,3,24.90429614788536
Democratic Republic of Congo,2035,4,25.715872080146255
Democratic Republic of Congo,2035,5,26.373268658830966
Democratic Republic of Congo,2035,6,26.843652719188867
Democratic Republic of Congo,2035,7,27.0682660200373
Democratic Republic of Congo,2035,8,26.984926233629267
Democratic Republic of Congo,2035,9,26.550527935590253
Democratic Republic of Congo,2035,10,25.763543594771363
Democratic Republic of Congo,2035,11,24.686524563160674
Democratic Republic of Congo,2035,12,23.46860206580186
Denmark,2025,1,1.5509053017276528
Denmark,2025,2,2.010832298398782
Denmark,2025,3,5.1888853197642675
Denmark,2025,4,9.522979587099144
Denmark,2025,5,13.735466090079171
Denmark,2025,6,16.855632576644894
Denmark,2025,7,18.242204542934815
Denmark,2025,8,17.605846223164008
Denmark,2025,9,15.031661579535466
Denmark,2025,10,11.001695292096883
Denmark,2025,11,6.417433748710209
Denmark,2025,12,2.6223060348720537
Denmark,2026,1,1.6161341882479974
Denmark,2026,2,2.080765966112267
Denmark,2026,3,5.261604524920585
Denmark,2026,4,9.59711067221815
Denmark,2026,5,13.81011144695458
Denmark,2026,6,16.930301109387983
Denmark,2026,7,18.316742130963576
Denmark,2026,8,17.680366184254126
Denmark,2026,9,15.106475132805826
Denmark,2026,10,11.077242021064194
Denmark,2026,11,6.494212064263593
Denmark,2026,12,2.7008036383385843
Denmark,2027,1,1.6824126237816017
Denmark,2027,2,2.151966927141075
Denmark,2027,3,5.335771250852304
Denmark,2027,4,9.672834506179242
Denmark,2027,5,13.88646229879032
Denmark,2027,6,17.00675791866979
Denmark,2027,7,18.393123330065464
Denmark,2027,8,17.756760161301827
Denmark,2027,9,15.183170694731416
Denmark,2027,10,11.154658856627975
Denmark,2027,11,6.572831207054151
Denmark,2027,12,2.7810979298055827
Denmark,2028,1,1.7497582549012805
Denmark,2028,2,2.224453551415536
Denmark,2028,3,5.411404537147064
Denmark,2028,4,9.75017074450534
Denmark,2028,5,13.964538863326197
Denmark,2028,6,17.085023730805005
Denmark,2028,7,18.47136932135345
Denmark,2028,8,17.83504973653271
Denmark,2028,9,15.261770194950259
Denmark,2028,10,11.233968022123918
Denmark,2028,11,6.6533136404113975
Denmark,2028,12,2.8632115588925444
Denmark,2029,1,1.818188775222552
Denmark,2029,2,2.298244256719954
Denmark,2029,3,5.48852347205775
Denmark,2029,4,9.829139092214064
Denmark,2029,5,14.044361408651639
Denmark,2029,6,17.16511932316007
Denmark,2029,7,18.55150133783991
Denmark,2029,8,17.915256544893964
Denmark,2029,9,15.342295616622323
Denmark,2029,10,11.31519179523184
Denmark,2029,11,6.735681882812969
Denmark,2029,12,2.947167231181993
Denmark,2030,1,1.8877219254873125
Denmark,2030,2,2.373357508783556
Denmark,2030,3,5.5671471925643345
Denmark,2030,4,9.909759303854116
Denmark,2030,5,14.12595025313658
Denmark,2030,6,17.24706552430962
Denmark,2030,7,18.633540664538486
Denmark,2030,8,17.997402274127126
Denmark,2030,9,15.424768996505918
Denmark,2030,10,11.398352508026619
Denmark,2030,11,6.819958507942829
Denmark,2030,12,3.0329877082449457
Denmark,2031,1,1.9583754935965771
Denmark,2031,2,2.449811821291405
Denmark,2031,3,5.647294884461189
Denmark,2031,4,9.992051183570766
Denmark,2031,5,14.209325765635185
Denmark,2031,6,17.330883214036476
Denmark,2031,7,18.71750863846046
Denmark,2031,8,18.081508664782632
Denmark,2031,9,15.509212424983161
Denmark,2031,10,11.483472547003657
Denmark,2031,11,6.906166144713097
Denmark,2031,12,3.1206958077209492
Denmark,2032,1,2.030167314679602
Denmark,2032,2,2.5276257559753503
Denmark,2032,3,5.72898578233162
Denmark,2032,4,10.076034585153138
Denmark,2032,5,14.294508365380352
Denmark,2032,6,17.416593323328016
Denmark,2032,7,18.80342664868749
Denmark,2032,8,18.167597510288942
Denmark,2032,9,15.595648046125461
Denmark,2032,10,11.570574353180746
Denmark,2032,11,6.994327477358638
Denmark,2032,12,3.2103144033289936
Denmark,2033,1,2.103115271097522
Denmark,2033,2,2.6068179225885615
Denmark,2033,3,5.812239169649729
Denmark,2033,4,10.161729412063323
Denmark,2033,5,14.381518522096485
Denmark,2033,6,17.50421683451441
Denmark,2033,7,18.891316136364367
Denmark,2033,8,18.255690656945262
Denmark,2033,9,15.684098057700794
Denmark,2033,10,11.659680422061683
Denmark,2033,11,7.084465245418869
Denmark,2033,12,3.30186642494391
Denmark,2034,1,2.1772372925306627
Denmark,2034,2,2.6874069790292197
Denmark,2034,3,5.8970743788204345
Denmark,2034,4,10.24915561747639
Denmark,2034,5,14.470376756086807
Denmark,2034,6,17.593774781243155
Denmark,2034,7,18.98119859482631
Denmark,2034,8,18.345810004074337
Denmark,2034,9,15.774584711242824
Denmark,2034,10,11.75081330372359
Denmark,2034,11,7.176602243814159
Denmark,2034,12,3.395374858643663
Denmark,2035,1,2.2525513559967294
Denmark,2035,2,2.7694116313223276
Denmark,2035,3,5.9835107911649175
Denmark,2035,4,10.33833320433132
Denmark,2035,5,14.56110363816424
Denmark,2035,6,17.68528824852274
Denmark,2035,7,19.073095569628094
Denmark,2035,8,18.437977503938782
Denmark,2035,9,15.867130312127301
Denmark,2035,10,11.843995602893301
Denmark,2035,11,7.27076132291495
Denmark,2035,12,3.490862746712992
Djibouti,2025,1,25.08752701897265
Djibouti,2025,2,27.945049602997642
Djibouti,2025,3,29.41857917535981
Djibouti,2025,4,30.05754714133309
Djibouti,2025,5,30.245099544813456
Djibouti,2025,6,30.220598058059295
Djibouti,2025,7,30.10212097168278
Djibouti,2025,8,29.908964184524848
Djibouti,2025,9,29.584142193570187
Djibouti,2025,10,29.016889083793103
Djibouti,2025,11,28.06515951806523
Djibouti,2025,12,26.578129727165106
Djibouti,2026,1,25.114609776152975
Djibouti,2026,2,27.98059248140362
Djibouti,2026,3,29.460730012532622
Djibouti,2026,4,30.10475501125711
Djibouti,2026,5,30.296045220836277
Djibouti,2026,6,30.274124476004545
Djibouti,2026,7,30.157163692821086
Djibouti,2026,8,29.964481858621184
Djibouti,2026,9,29.639047021829356
Djibouti,2026,10,29.069977281976207
Djibouti,2026,11,28.115041779456988
Djibouti,2026,12,26.623161685573905
Djibouti,2027,1,25.14242738053963
Djibouti,2027,2,28.01702835440028
Djibouti,2027,3,29.503900317105035
Djibouti,2027,4,30.153079664208235
Djibouti,2027,5,30.34817835583908
Djibouti,2027,6,30.32888490660207
Djibouti,2027,7,30.213465375466512
Djibouti,2027,8,30.021264355645144
Djibouti,2027,9,29.695205964541856
Djibouti,2027,10,29.12429483359756
Djibouti,2027,11,28.166117098223367
Djibouti,2027,12,26.66934138767192
Djibouti,2028,1,25.17099762001544
Djibouti,2028,2,28.054375624652494
Djibouti,2028,3,29.54810905278009
Djibouti,2028,4,30.20254057126749
Djibouti,2028,5,30.401518874518842
Djibouti,2028,6,30.384899674471853
Djibouti,2028,7,30.271046690421826
Djibouti,2028,8,30.07933263895484
Djibouti,2028,9,29.752640223833623
Djibouti,2028,10,29.17986312589801
Djibouti,2028,11,28.218406992983546
Djibouti,2028,12,26.71669042976373
Djibouti,2029,1,25.20033833055004
Djibouti,2029,2,28.092652743668623
Djibouti,2029,3,29.593375232937433
Djibouti,2029,4,30.253157253931022
Djibouti,2029,5,30.456086752831652
Djibouti,2029,6,30.44218915629699
Djibouti,2029,7,30.32992836141875
Djibouti,2029,8,30.138707725572203
Djibouti,2029,9,29.811371056352982
Djibouti,2029,10,29.23670360144115
Djibouti,2029,11,28.27193303850163
Djibouti,2029,12,26.76523046508464
Djibouti,2030,1,25.230467396108907
Djibouti,2030,2,28.131878211822368
Djibouti,2030,3,29.63971792061875
Djibouti,2030,4,30.304949284241047
Djibouti,2030,5,30.51190201804002
Djibouti,2030,6,30.500773780903728
Djibouti,2030,7,30.390131165114326
Djibouti,2030,8,30.19941068632488
Djibouti,2030,9,29.871419773339767
Djibouti,2030,10,29.294837758149697
Djibouti,2030,11,28.326716865693925
Djibouti,2030,12,26.814983203866177
Djibouti,2031,1,25.261402748893488
Djibouti,2031,2,28.17207057847645
Djibouti,2031,3,29.687156228647837
Djibouti,2031,4,30.357936284767675
Djibouti,2031,5,30.568984748814728
Djibouti,2031,6,30.56067402928693
Djibouti,2031,7,30.451675931163663
Djibouti,2031,8,30.261462645747997
Djibouti,2031,9,29.932807740578028
Djibouti,2031,10,29.35428714932368
Djibouti,2031,11,28.38278016170534
Djibouti,2031,12,26.865970413328796
Djibouti,2032,1,25.293162369221136
Djibouti,2032,2,28.213248441946234
Djibouti,2032,3,29.73570931965969
Djibouti,2032,4,30.4121379287144
Djibouti,2032,5,30.627355075183914
Djibouti,2032,6,30.621910434657366
Djibouti,2032,7,30.514583542216315
Djibouti,2032,8,30.32488478226969
Djibouti,2032,9,29.99555637850881
Djibouti,2032,10,29.41507338376414
Djibouti,2032,11,28.440144669927577
Djibouti,2032,12,26.9182139178165
Djibouti,2033,1,25.325764285674268
Djibouti,2033,2,28.25543044961978
Djibouti,2033,3,29.785396406082327
Djibouti,2033,4,30.46757393991811
Djibouti,2033,5,30.687033178682213
Djibouti,2033,6,30.68450358251812
Djibouti,2033,7,30.578874934032683
Djibouti,2033,8,30.38969832820021
Djibouti,2033,9,30.05968716229927
Djibouti,2033,10,29.477218125762192
Djibouti,2033,11,28.498832190075518
Djibouti,2033,12,26.97173559872408
Djibouti,2034,1,25.359226575060347
Djibouti,2034,2,28.29863529791419
Djibouti,2034,3,29.83623675026047
Djibouti,2034,4,30.524264092896374
Djibouti,2034,5,30.748039292325302
Djibouti,2034,6,30.748474110650022
Djibouti,2034,7,30.644571095444007
Djibouti,2034,8,30.455924569731906
Djibouti,2034,9,30.125221621780838
Djibouti,2034,10,29.540743095095422
Djibouti,2034,11,28.558864578194516
Djibouti,2034,12,27.0265573946499
Djibouti,2035,1,25.39356736255013
Djibouti,2035,2,28.34288173239929
Djibouti,2035,3,29.888249664473733
Djibouti,2035,4,30.58222821293839
Djibouti,2035,5,30.810393700664463
Djibouti,2035,6,30.813842709184428
Djibouti,2035,7,30.711693068508794
Djibouti,2035,8,30.523584847088387
Djibouti,2035,9,30.192181341649302
Djibouti,2035,10,29.605670067173378
Djibouti,2035,11,28.62026374672223
Djibouti,2035,12,27.08270130136316
Dominican Republic,2025,1,22.562561121057115
Dominican Republic,2025,2,23.81185112201365
Dominican Republic,2025,3,24.749351690564254
Dominican Republic,2025,4,25.490515073413007
Dominican Republic,2025,5,26.073794110515337
Dominican Republic,2025,6,26.48314322488386
Dominican Republic,2025,7,26.67051941257978
Dominican Republic,2025,8,26.57838323252963
Dominican Republic,2025,9,26.16219979649486
Dominican Republic,2025,10,25.4129397589395
Dominican Republic,2025,11,24.37958030685786
Dominican Republic,2025,12,23.191606149835025
Dominican Republic,2026,1,22.596872407663795
Dominican Republic,2026,2,23.853251022927907
Dominican Republic,2026,3,24.796091495544715
Dominican Republic,2026,4,25.541195713301022
Dominican Republic,2026,5,26.127296620209563
Dominican Republic,2026,6,26.53855920643491
Dominican Republic,2026,7,26.727081498150255
Dominican Republic,2026,8,26.635395547448752
Dominican Republic,2026,9,26.218968422254875
Dominican Republic,2026,10,25.4687031962103
Dominican Republic,2026,11,24.433439938545234
Dominican Republic,2026,12,23.242456704037068
Dominican Republic,2027,1,22.632031111545984
Dominican Republic,2027,2,23.89566676751292
Dominican Republic,2027,3,24.843982738665545
Dominican Republic,2027,4,25.59313307129287
Dominican Republic,2027,5,26.1821333309681
Dominican Republic,2027,6,26.5953615924127
Dominican Republic,2027,7,26.78505942934953
Dominican Republic,2027,8,26.69383290449423
Dominican Republic,2027,9,26.27715355935743
Dominican Republic,2027,10,25.525859404221592
Dominican Republic,2027,11,24.488655907975954
Dominican Republic,2027,12,23.294616988060625
Dominican Republic,2028,1,22.668055056322373
Dominican Republic,2028,2,23.93911681564805
Dominican Republic,2028,3,24.89304446234837
Dominican Republic,2028,4,25.646346718714085
Dominican Republic,2028,5,26.238324289251068
Dominican Republic,2028,6,26.65357085071173
Dominican Republic,2028,7,26.84447404182083
Dominican Republic,2028,8,26.753716453317793
Dominican Republic,2028,9,26.336776617795294
Dominican Republic,2028,10,25.584429999570602
Dominican Republic,2028,11,24.545249984647853
Dominican Republic,2028,12,23.34810887056392
Dominican Republic,2029,1,22.704962113454712
Dominican Republic,2029,2,23.983619675856062
Dominican Republic,2029,3,24.94329575853135
Dominican Republic,2029,4,25.70085627712706
Dominican Republic,2029,5,26.295889592614003
Dominican Republic,2029,6,26.713207501114994
Dominican Republic,2029,7,26.905346223874403
Dominican Republic,2029,8,26.815067397082203
Dominican Republic,2029,9,26.397859061832605
Dominican Republic,2029,10,25.644436653951743
Dominican Republic,2029,11,24.603243993963588
Dominican Republic,2029,12,23.402954276972196
Dominican Republic,2030,1,22.742770202295105
Dominican Republic,2030,2,24.02919390544139
Dominican Republic,2030,3,24.99475576865825
Dominican Republic,2030,4,25.756681418483822
Dominican Republic,2030,5,26.354849389715127
Dominican Republic,2030,6,26.774292115388562
Dominican Republic,2030,7,26.967696916622117
Dominican Republic,2030,8,26.877906992544922
Dominican Republic,2030,9,26.460422410150386
Dominican Republic,2030,10,25.705901094243927
Dominican Republic,2030,11,24.66265981734705
Dominican Republic,2030,12,23.459175189525013
Dominican Republic,2031,1,22.781497290187872
Dominican Republic,2031,2,24.075858110370064
Dominican Republic,2031,3,25.047443683729398
Dominican Republic,2031,4,25.813841865027825
Dominican Republic,2031,5,26.415223880420854
Dominican Republic,2031,6,26.836845317234292
Dominican Republic,2031,7,27.03154711393745
Dominican Republic,2031,8,26.942256549996273
Dominican Republic,2031,9,26.52448823580653
Dominican Republic,2031,10,25.76884510257605
Dominican Republic,2031,11,24.72351939220698
Dominican Republic,2031,12,23.51679364723259
Dominican Republic,2032,1,22.821161392389513
Dominican Republic,2032,2,24.123630945451623
Dominican Republic,2032,3,25.101378744305293
Dominican Republic,2032,4,25.872357389461285
Dominican Republic,2032,5,26.477033315798508
Dominican Republic,2032,6,26.90088778239533
Dominican Republic,2032,7,27.096917862502778
Dominican Republic,2032,8,27.008137433423144
Dominican Republic,2032,9,26.590078166330386
Dominican Republic,2032,10,25.833290516290617
Dominican Republic,2032,11,24.785844712067956
Dominican Republic,2032,12,23.57583174602496
Dominican Republic,2033,1,22.861780572239695
Dominican Republic,2033,2,24.172531114339108
Dominican Republic,2033,3,25.156580240670337
Dominican Republic,2033,4,25.932247814926995
Dominican Republic,2033,5,26.540297998156348
Dominican Republic,2033,6,26.966440238670657
Dominican Republic,2033,7,27.16383026193307
Dominican Republic,2033,8,27.075571060461698
Dominican Republic,2033,9,26.657213883730037
Dominican Republic,2033,10,25.899259228060146
Dominican Republic,2033,11,24.849657826493967
Dominican Republic,2033,12,23.636311638755615
Dominican Republic,2034,1,22.903372941150337
Dominican Republic,2034,2,24.222577369529063
Dominican Republic,2034,3,25.213067512738235
Dominican Republic,2034,4,25.993533015059256
Dominican Republic,2034,5,26.60503828117089
Dominican Republic,2034,6,27.03352346601332
Dominican Republic,2034,7,27.232305464714045
Dominican Republic,2034,8,27.144578902517424
Dominican Republic,2034,9,26.725917124557782
Dominican Republic,2034,10,25.966773185876264
Dominican Republic,2034,11,24.914980841273973
Dominican Republic,2034,12,23.698255535245153
Dominican Republic,2035,1,22.94595665862016
Dominican Republic,2035,2,24.273788512503415
Dominican Republic,2035,3,25.270859950190243
Dominican Republic,2035,4,26.056232914056636
Dominican Republic,2035,5,26.671274569803245
Dominican Republic,2035,6,27.102158296504967
Dominican Republic,2035,7,27.302364676376783
Dominican Republic,2035,8,27.215182484754223
Dominican Republic,2035,9,26.796209679950152
Dominican Republic,2035,10,26.03585439316248
Dominican Republic,2035,11,24.98183591837096
Dominican Republic,2035,12,23.761685702244904
East Timor,2025,1,22.794459945184826
East Timor,2025,2,24.12740923189358
East Timor,2025,3,25.081085903116218
East Timor,2025,4,25.80018373148141
East Timor,2025,5,26.34633047123225
East Timor,2025,6,26.720588847999352
East Timor,2025,7,26.885957548865008
East Timor,2025,8,26.789872212107184
East Timor,2025,9,26.386706417190908
East Timor,2025,10,25.660272674635962
East Timor,2025,11,24.646323415928236
East Timor,2025,12,23.455051983383782
East Timor,2026,1,22.828202454690654
East Timor,2026,2,24.168325618095878
East Timor,2026,3,25.12742225295824
East Timor,2026,4,25.850532484074392
East Timor,2026,5,26.39956088087365
East Timor,2026,6,26.77577744723476
East Timor,2026,7,26.942318611440896
East Timor,2026,8,26.846688216032817
East Timor,2026,9,26.44325850777477
East Timor,2026,10,25.715771127442167
East Timor,2026,11,24.69983809983478
East Timor,2026,12,23.50544282361534
East Timor,2027,1,22.862785517191696
East Timor,2027,2,24.21025026137886
East Timor,2027,3,25.17490181067933
East Timor,2027,4,25.902129159499054
East Timor,2027,5,26.45411620991672
East Timor,2027,6,26.83234276144958
East Timor,2027,7,27.000085501073954
East Timor,2027,8,26.90491899303106
East Timor,2027,9,26.501216668778397
East Timor,2027,10,25.77265181684652
East Timor,2027,11,24.754698572772213
East Timor,2027,12,23.557132908980748
East Timor,2028,1,22.898226954866004
East Timor,2028,2,24.253201618726052
East Timor,2028,3,25.223543614368282
East Timor,2028,4,25.954993323249255
East Timor,2028,5,26.510016497520155
East Timor,2028,6,26.890305249814446
East Timor,2028,7,27.059279043210154
East Timor,2028,8,26.96458568109756
East Timor,2028,9,26.560602297072364
East Timor,2028,10,25.830936344854308
East Timor,2028,11,24.810926588180337
East Timor,2028,12,23.61014409067593
East Timor,2029,1,22.93454463776743
East Timor,2029,2,24.29719819582988
East Timor,2029,3,25.27336675161223
East Timor,2029,4,26.009144591117547
East Timor,2029,5,26.567281833981724
East Timor,2029,6,26.949685423399387
East Timor,2029,7,27.119920115995228
East Timor,2029,8,27.02570947174263
East Timor,2029,9,26.621436843838637
East Timor,2029,10,25.89064636862622
East Timor,2029,11,24.868543955454697
East Timor,2029,12,23.66449827661654
East Timor,2030,1,22.97175648385837
East Timor,2030,2,24.342258547066194
East Timor,2030,3,25.32439035952575
East Timor,2030,4,26.06460262920973
East Timor,2030,5,26.625932360712795
East Timor,2030,6,27.01050384521386
East Timor,2030,7,27.182029650336517
East Timor,2030,8,27.08831161006401
East Timor,2030,9,26.683741814650602
East Timor,2030,10,25.951803600471067
East Timor,2030,11,24.92757253997206
East Timor,2030,12,23.72021743152527
East Timor,2031,1,23.00988045907161
East Timor,2031,2,24.388401275570686
East Timor,2031,3,25.376633624787246
East Timor,2031,4,26.12138715403944
East Timor,2031,5,26.685988270332928
East Timor,2031,6,27.07278113027951
East Timor,2031,7,27.245628629957537
East Timor,2031,8,27.1524133947687
East Timor,2031,9,26.74753876948398
East Timor,2031,10,26.014429807951274
East Timor,2031,11,24.988034263144982
East Timor,2031,12,23.77732357700097
East Timor,2032,1,23.04893457728849
East Timor,2032,2,24.435645033318906
East Timor,2032,3,25.430115783686233
East Timor,2032,4,26.179517932520866
East Timor,2032,5,26.747469806695335
East Timor,2032,6,27.136537945659256
East Timor,2032,7,27.31073809137979
East Timor,2032,8,27.218036178205693
East Timor,2032,9,26.812849322764123
East Timor,2032,10,26.078546813882895
East Timor,2032,11,25.049951102490922
East Timor,2032,12,23.835838791460446
East Timor,2033,1,23.08893690048808
East Timor,2033,2,24.48400852112627
East Timor,2033,3,25.484856122185192
East Timor,2033,4,26.239014782056074
East Timor,2033,5,26.810397264908715
East Timor,2033,6,27.20179501049006
East Timor,2033,7,27.3773791241083
East Timor,2033,8,27.285201366427827
East Timor,2033,9,26.879695143464232
East Timor,2033,10,26.144176496422915
East Timor,2033,11,25.11334509160679
East Timor,2033,12,23.89578521034946
East Timor,2034,1,23.129905538728963
East Timor,2034,2,24.533510488695356
East Timor,2034,3,25.54087397593412
East Timor,2034,4,26.29989757054227
East Timor,2034,5,26.87479099141001
East Timor,2034,6,27.26857309605566
East Timor,2034,7,27.445572870500655
East Timor,2034,8,27.35393041925363
East Timor,2034,9,26.948097955087178
East Timor,2034,10,26.21134078905834
East Timor,2034,11,25.17823832031445
East Timor,2034,12,23.957185026011757
East Timor,2035,1,23.171858650178365
East Timor,2035,2,24.584169734692296
East Timor,2035,3,25.598188730354195
East Timor,2035,4,26.362186216448208
East Timor,2035,5,26.94067138401533
East Timor,2035,6,27.33689302576113
East Timor,2035,7,27.515340525930696
East Timor,2035,8,27.42424485023821
East Timor,2035,9,27.01807953574189
East Timor,2035,10,26.280061680700783
East Timor,2035,11,25.244652934584337
East Timor,2035,12,24.020060487845512
Ecuador,2025,1,18.633344818038495
Ecuador,2025,2,19.043349354805287
Ecuador,2025,3,20.015005985792413
Ecuador,2025,4,21.257461131816854
Ecuador,2025,5,22.487938792845853
Ecuador,2025,6,23.45424153793374
Ecuador,2025,7,23.957251495118726
Ecuador,2025,8,23.873431341297874
Ecuador,2025,9,23.177325292131172
Ecuador,2025,10,21.96406009196744
Ecuador,2025,11,20.47184600370474
Ecuador,2025,12,19.104477798709013
Ecuador,2026,1,18.676212721457887
Ecuador,2026,2,19.09224569381786
Ecuador,2026,3,20.068226962569497
Ecuador,2026,4,21.313698712453515
Ecuador,2026,5,22.546211170400966
Ecuador,2026,6,23.51382359544823
Ecuador,2026,7,24.017605268630177
Ecuador,2026,8,23.934136482862414
Ecuador,2026,9,23.23800953284899
Ecuador,2026,10,22.024329704986485
Ecuador,2026,11,20.531216267235322
Ecuador,2026,12,19.162303459067516
Ecuador,2027,1,18.720012247639715
Ecuador,2027,2,19.14225257830276
Ecuador,2027,3,20.122703472837202
Ecuador,2027,4,21.371305397337892
Ecuador,2027,5,22.605937323184662
Ecuador,2027,6,23.574917716793607
Ecuador,2027,7,24.079505529648486
Ecuador,2027,8,23.996401188157506
Ecuador,2027,9,23.30024758345553
Ecuador,2027,10,22.086131061468222
Ecuador,2027,11,20.592082412652417
Ecuador,2027,12,19.221577862027516
Ecuador,2028,1,18.76476122495751
Ecuador,2028,2,19.193388493397833
Ecuador,2028,3,20.178454604790204
Ecuador,2028,4,21.43030082405039
Ecuador,2028,5,22.667137384393754
Ecuador,2028,6,23.6375444771229
Ecuador,2028,7,24.142973241597247
Ecuador,2028,8,24.060246755082517
Ecuador,2028,9,23.364061022691203
Ecuador,2028,10,22.149485967232067
Ecuador,2028,11,20.65446641917606
Ecuador,2028,12,19.282323106487638
Ecuador,2029,1,18.810477529442323
Ecuador,2029,2,19.245671972724267
Ecuador,2029,3,20.235499495914155
Ecuador,2029,4,21.490704680233648
Ecuador,2029,5,22.72983153813857
Ecuador,2029,6,23.70172450328846
Ecuador,2029,7,24.20802942031969
Ecuador,2029,8,24.125694534858667
Ecuador,2029,9,23.429471483385896
Ecuador,2029,10,22.214416283078208
Ecuador,2029,11,20.718390321811057
Ecuador,2029,12,19.344561347942545
Ecuador,2030,1,18.85717908483366
Ecuador,2030,2,19.29912159839023
Ecuador,2030,3,20.29385733302206
Ecuador,2030,4,21.55253670365437
Ecuador,2030,5,22.794040019501153
Ecuador,2030,6,23.76747847389288
Ecuador,2030,7,24.2746951343006
Ecuador,2030,8,24.192765932098155
Ecuador,2030,9,23.496500652582654
Ecuador,2030,10,22.280943924754865
Ecuador,2030,11,20.783876211321513
Ecuador,2030,12,19.408314798486572
Ecuador,2031,1,18.90488386265588
Ecuador,2031,2,19.353756001129113
Ecuador,2031,3,20.35354735233068
Ecuador,2031,4,21.61581668233066
Ecuador,2031,5,22.859783114495258
Ecuador,2031,6,23.834827119376314
Ecuador,2031,7,24.342991504611746
Ecuador,2031,8,24.261482404844173
Ecuador,2031,9,23.56517027157406
Ecuador,2031,10,22.34909086307107
Ecuador,2031,11,20.85094623432542
Ecuador,2031,12,19.4736057268683
Ecuador,2032,1,18.95360988219636
Ecuador,2032,2,19.409593860234054
Ecuador,2032,3,20.41458883942778
Ecuador,2032,4,21.68056445442653
Ecuador,2032,5,22.92708116021913
Ecuador,2032,6,23.903791221976462
Ecuador,2032,7,24.412939704991913
Ecuador,2032,8,24.331865464541806
Ecuador,2032,9,23.635502135858587
Ecuador,2032,10,22.418879123900297
Ecuador,2032,11,20.91962259336742
Ecuador,2032,12,19.54045645851238
Ecuador,2033,1,19.003375210625563
Ecuador,2033,2,19.466653903685256
Ecuador,2033,3,20.477001129406744
Ecuador,2033,4,21.746799908448338
Ecuador,2033,5,22.995954544837332
Ecuador,2033,6,23.974391615837703
Ecuador,2033,7,24.484560961843272
Ecuador,2033,8,24.40393667621629
Ecuador,2033,9,23.707518095304295
Ecuador,2033,10,22.49033078822049
Ecuador,2033,11,20.98992754684241
Ecuador,2033,12,19.608889375610488
Ecuador,2034,1,19.054197962997023
Ecuador,2034,2,19.52495490817182
Ecuador,2034,3,20.54080360684111
Ecuador,2034,4,21.814542983153842
Ecuador,2034,5,23.06642370764257
Ecuador,2034,6,24.046649187054754
Ecuador,2034,7,24.55787655432232
Ecuador,2034,8,24.477717658374786
Ecuador,2034,9,23.781240054101545
Ecuador,2034,10,22.56346799221592
Ecuador,2034,11,21.06188340918834
Ecuador,2034,12,19.67892691709949
Ecuador,2035,1,19.106096302294645
Ecuador,2035,2,19.584515699088115
Ecuador,2035,3,20.606015705879145
Ecuador,2035,4,21.883813667730465
Ecuador,2035,5,23.138509139103007
Ecuador,2035,6,24.120584873694497
Ecuador,2035,7,24.632907814394457
Ecuador,2035,8,24.55323008315554
Ecuador,2035,9,23.856689970843036
Ecuador,2035,10,22.638312927237166
Ecuador,2035,11,21.135512550809835
Ecuador,2035,12,19.750591578726926
Egypt,2025,1,21.00372038187288
Egypt,2025,2,21.816324485001132
Egypt,2025,3,22.711564583941254
Egypt,2025,4,23.628075390207414
Egypt,2025,5,24.464335304052838
Egypt,2025,6,25.101167404228363
Egypt,2025,7,25.424240438006564
Egypt,2025,8,25.34656981094031
Egypt,2025,9,24.831018576879615
Egypt,2025,10,23.912798427839334
Egypt,2025,11,22.721970683819563
Egypt,2025,12,21.505947282800662
Egypt,2026,1,21.041636559862127
Egypt,2026,2,21.86083832381064
Egypt,2026,3,22.760953251495266
Egypt,2026,4,23.680985669329857
Egypt,2026,5,24.51971405542008
Egypt,2026,6,25.158192029445672
Egypt,2026,7,25.482249342524483
Egypt,2026,8,25.40499286720751
Egypt,2026,9,24.88930758728111
Egypt,2026,10,23.970357587711078
Egypt,2026,11,22.778087044510357
Egypt,2026,12,21.559721214657657
Egypt,2027,1,21.080439384769306
Egypt,2027,2,21.906411697335898
Egypt,2027,3,22.811541032090645
Egypt,2027,4,23.735203847770208
Egypt,2027,5,24.57648121778857
Egypt,2027,6,25.21665982016293
Egypt,2027,7,25.54173292739233
Egypt,2027,8,25.46490139636171
Egypt,2027,9,24.949074658275094
Egypt,2027,10,24.029371708508734
Egypt,2027,11,22.835622096486077
Egypt,2027,12,21.61486691567643
Egypt,2028,1,21.12014668579377
Egypt,2028,2,21.953063079888125
Egypt,2028,3,22.86334699148665
Egypt,2028,4,23.79074952902829
Egypt,2028,5,24.634656878683927
Egypt,2028,6,25.276591294264108
Egypt,2028,7,25.60271208704671
Egypt,2028,8,25.526316615757423
Egypt,2028,9,25.01034127641924
Egypt,2028,10,24.089862492252905
Egypt,2028,11,22.8945977035919
Egypt,2028,12,21.671406357753767
Egypt,2029,1,21.160776339861513
Egypt,2029,2,22.000810994403764
Egypt,2029,3,22.916390244846298
Egypt,2029,4,23.847642366797118
Egypt,2029,5,24.69426117664716
Egypt,2029,6,25.33800702140161
Egypt,2029,7,25.66520776858397
Egypt,2029,8,25.58925979619471
Egypt,2029,9,25.073128982506205
Egypt,2029,10,24.1518516960723
Egypt,2029,11,22.955035785497785
Egypt,2029,12,21.72936156943706
Egypt,2030,1,21.202346271752504
Egypt,2030,2,22.04967401243357
Egypt,2030,3,22.97068995677273
Egypt,2030,4,23.90590206505385
Egypt,2030,5,24.75531430126739
Egypt,2030,6,25.400927623094503
Egypt,2030,7,25.729240971774743
Egypt,2030,8,25.653752261948284
Egypt,2030,9,25.137459371658224
Egypt,2030,10,24.215361132127327
Egypt,2030,11,23.016958317785793
Egypt,2030,12,21.78875463604436
Egypt,2031,1,21.24487445410068
Egypt,2031,2,22.099670754160798
Egypt,2031,3,23.02626534134197
Egypt,2031,4,23.965548377997948
Egypt,2031,5,24.81783649322915
Egypt,2031,6,25.46537377279401
Egypt,2031,7,25.79483274906761
Egypt,2031,8,25.7198153908148
Egypt,2031,9,25.203354093236157
Egypt,2031,10,24.280412667755627
Egypt,2031,11,23.080387331986458
Egypt,2031,12,21.84960769956251
Egypt,2032,1,21.288378907459446
Egypt,2032,2,22.15081988851034
Egypt,2032,3,23.083135662153836
Egypt,2032,4,24.026601110240335
Egypt,2032,5,24.8818480443706
Egypt,2032,6,25.53136619589077
Egypt,2032,7,25.86200420568366
Egypt,2032,8,25.787470614149242
Egypt,2032,9,25.270834851072323
Egypt,2032,10,24.34702822548661
Egypt,2032,11,23.14534491563336
Egypt,2032,12,21.911942958821783
Egypt,2033,1,21.332877700316203
Egypt,2033,2,22.203140133185116
Egypt,2033,3,23.14132023239381
Egypt,2033,4,24.08908011669064
Egypt,2033,5,24.947369297708974
Egypt,2033,6,25.598925669718483
Egypt,2033,7,25.93077649966017
Egypt,2033,8,25.856739416912205
Egypt,2033,9,25.33992340333225
Egypt,2033,10,24.415229783012364
Egypt,2033,11,23.21185321226676
Egypt,2033,12,21.975782669495857
Egypt,2034,1,21.378388949154214
Egypt,2034,2,22.256650254666056
Egypt,2034,3,23.200838414814825
Egypt,2034,4,24.153005302739075
Egypt,2034,5,25.014420647455154
Egypt,2034,6,25.668073023717625
Egypt,2034,7,26.001170841857856
Egypt,2034,8,25.927643337757218
Egypt,2034,9,25.410641562725687
Egypt,2034,10,24.485039373351356
Egypt,2034,11,23.279934421510006
Egypt,2034,12,22.04114914411275
Egypt,2035,1,21.42493081853263
Egypt,2035,2,22.311369068288514
Egypt,2035,3,23.261709621853697
Egypt,2035,4,24.218396624190973
Egypt,2035,5,25.083022539159174
Egypt,2035,6,25.738829139355403
Egypt,2035,7,26.073208496033658
Egypt,2035,8,26.000203968972528
Egypt,2035,9,25.48301119637199
Egypt,2035,10,24.55647908483752
Egypt,2035,11,23.34961079912773
Egypt,2035,12,22.108064752163955
El Salvador,2025,1,23.872392538139138
El Salvador,2025,2,25.698524950440515
El Salvador,2025,3,26.781808900829674
El Salvador,2025,4,27.419767018546736
El Salvador,2025,5,27.79526919793807
El Salvador,2025,6,27.999033588233033
El Salvador,2025,7,28.052127583579022
El Salvador,2025,8,27.928468812843676
El Salvador,2025,9,27.57732612954078
El Salvador,2025,10,26.945820601741616
El Salvador,2025,11,26.001426501953574
El Salvador,2025,12,24.754472297016946
El Salvador,2026,1,23.903327009346867
El Salvador,2026,2,25.737096527646827
El Salvador,2026,3,26.82623227926615
El Salvador,2026,4,27.46858612150845
El Salvador,2026,5,27.84728763971816
El Salvador,2026,6,28.053245137250087
El Salvador,2026,7,28.107646625351663
El Salvador,2026,8,27.98446081299062
El Salvador,2026,9,27.632938096813632
El Salvador,2026,10,27.0001115510795
El Salvador,2026,11,26.05329791742861
El Salvador,2026,12,24.802598594932533
El Salvador,2027,1,23.935064445308853
El Salvador,2027,2,25.776635069211807
El Salvador,2027,3,26.871754277807668
El Salvador,2027,4,27.51860567384665
El Salvador,2027,5,27.900581051210793
El Salvador,2027,6,28.10878138479984
El Salvador,2027,7,28.164517820358924
El Salvador,2027,8,28.041812664433564
El Salvador,2027,9,27.68990037426647
El Salvador,2027,10,27.055728547657964
El Salvador,2027,11,26.10645891292461
El Salvador,2027,12,24.85196831873418
El Salvador,2028,1,23.967622658438813
El Salvador,2028,2,25.817159014718527
El Salvador,2028,3,26.918393909473707
El Salvador,2028,4,27.56984520842252
El Salvador,2028,5,27.95516943138591
El Salvador,2028,6,28.165662742184395
El Salvador,2028,7,28.222761938578515
El Salvador,2028,8,28.10054544211107
El Salvador,2028,9,27.748234288033018
El Salvador,2028,10,27.112693115196635
El Salvador,2028,11,26.160931155966864
El Salvador,2028,12,24.90260322607446
El Salvador,2029,1,24.001019509044454
El Salvador,2029,2,25.858686852488063
El Salvador,2029,3,26.966170236942162
El Salvador,2029,4,27.62232430849417
El Salvador,2029,5,28.011072830327066
El Salvador,2029,6,28.223909672703485
El Salvador,2029,7,28.282399802782493
El Salvador,2029,8,28.160680274545484
El Salvador,2029,9,27.807961218707533
El Salvador,2029,10,27.171026832606913
El Salvador,2029,11,26.216736370109174
El Salvador,2029,12,24.954525131467562
El Salvador,2030,1,24.035272905414786
El Salvador,2030,2,25.901237119644975
El Salvador,2030,3,27.015102372425645
El Salvador,2030,4,27.676062607654785
El Salvador,2030,5,28.068311349376927
El Salvador,2030,6,28.2835426916472
El Salvador,2030,7,28.343452288522712
El Salvador,2030,8,28.222238343864774
El Salvador,2030,9,27.869102601286613
El Salvador,2030,10,27.230751334061097
El Salvador,2030,11,26.27389633495568
El Salvador,2030,12,25.00775590620924
El Salvador,2031,1,24.070400803900156
El Salvador,2031,2,25.94482840213186
El Salvador,2031,3,27.065209477780627
El Salvador,2031,4,27.731079789989053
El Salvador,2031,5,28.126905141086354
El Salvador,2031,6,28.344582366394206
El Salvador,2031,7,28.405940324272706
El Salvador,2031,8,28.285240885904386
El Salvador,2031,9,27.931679925285607
El Salvador,2031,10,27.29188830899966
El Salvador,2031,11,26.33243288622998
El Salvador,2031,12,25.06231747860602
El Salvador,2032,1,24.10642120886496
El Salvador,2032,2,25.989479334767566
El Salvador,2032,3,27.116510764569284
El Salvador,2032,4,27.787395590087726
El Salvador,2032,5,28.186874409330812
El Salvador,2032,6,28.407049316400844
El Salvador,2032,7,28.469884891384027
El Salvador,2032,8,28.34970919024363
El Salvador,2032,9,27.9957147347277
El Salvador,2032,10,27.354459502244026
El Salvador,2032,11,26.392367915800605
El Salvador,2032,12,25.118231833855134
El Salvador,2033,1,24.14335217282951
El Salvador,2033,2,26.03520860131266
El Salvador,2033,3,27.16902549407041
El Salvador,2033,4,27.84502979302215
El Salvador,2033,5,28.248239409346752
El Salvador,2033,6,28.470964213310253
El Salvador,2033,7,28.535307024202666
El Salvador,2033,8,28.415664600180207
El Salvador,2033,9,28.061228628209392
El Salvador,2033,10,27.41848671398202
El Salvador,2033,11,26.453723371717388
El Salvador,2033,12,25.17552101417914
El Salvador,2034,1,24.181211796448224
El Salvador,2034,2,26.08203493448036
El Salvador,2034,3,27.22277297731216
El Salvador,2034,4,27.90400223449342
El Salvador,2034,5,28.31102044774252
El Salvador,2034,6,28.536347780981487
El Salvador,2034,7,28.60222781007633
El Salvador,2034,8,28.483128512879375
El Salvador,2034,9,28.128243259006013
El Salvador,2034,10,27.48399179980788
El Salvador,2034,11,26.51652125826604
El Salvador,2034,12,25.234207118851373
El Salvador,2035,1,24.220018228600566
El Salvador,2035,2,26.129977115969268
El Salvador,2035,3,27.277772575192103
El Salvador,2035,4,27.964332800788725
El Salvador,2035,5,28.375237882556576
El Salvador,2035,6,28.603220795420384
El Salvador,2035,7,28.67066838935807
El Salvador,2035,8,28.55212237928663
El Salvador,2035,9,28.196780334948016
El Salvador,2035,10,27.550996670835048
El Salvador,2035,11,26.58078363602999
El Salvador,2035,12,25.29431230418868
Equatorial Guinea,2025,1,21.92156530101147
Equatorial Guinea,2025,2,22.968060699005036
Equatorial Guinea,2025,3,23.87584141975549
Equatorial Guinea,2025,4,24.684040861172434
Equatorial Guinea,2025,5,25.370661678284705
Equatorial Guinea,2025,6,25.875076772984357
Equatorial Guinea,2025,7,26.120530284039887
Equatorial Guinea,2025,8,26.036638576938458
Equatorial Guinea,2025,9,25.581891233808165
Equatorial Guinea,2025,10,24.766152043307557
Equatorial Guinea,2025,11,23.673159990504246
Equatorial Guinea,2025,12,22.483030246793533
Equatorial Guinea,2026,1,21.957400742140635
Equatorial Guinea,2026,2,23.01076756834027
Equatorial Guinea,2026,3,23.92368335705487
Equatorial Guinea,2026,4,24.735639750190785
Equatorial Guinea,2026,5,25.42492810972999
Equatorial Guinea,2026,6,25.93114050758686
Equatorial Guinea,2026,7,26.177670715570457
Equatorial Guinea,2026,8,26.094215195201286
Equatorial Guinea,2026,9,25.63927408766631
Equatorial Guinea,2026,10,24.8226522037412
Equatorial Guinea,2026,11,23.72796001352708
Equatorial Guinea,2026,12,22.535114636601975
Equatorial Guinea,2027,1,21.9941010146149
Equatorial Guinea,2027,2,23.054509601229256
Equatorial Guinea,2027,3,23.97269775251425
Equatorial Guinea,2027,4,24.78851787178155
Equatorial Guinea,2027,5,25.480552545465798
Equatorial Guinea,2027,6,25.988615532912263
Equatorial Guinea,2027,7,26.236252756397334
Equatorial Guinea,2027,8,26.153243290941646
Equatorial Guinea,2027,9,25.6981003542287
Equatorial Guinea,2027,10,24.88057229653805
Equatorial Guinea,2027,11,23.784143590576605
Equatorial Guinea,2027,12,22.588535821408186
Equatorial Guinea,2028,1,22.0316839450943
Equatorial Guinea,2028,2,23.09930526442713
Equatorial Guinea,2028,3,24.022903659254553
Equatorial Guinea,2028,4,24.842694811785805
Equatorial Guinea,2028,5,25.537555050287665
Equatorial Guinea,2028,6,26.04752233900672
Equatorial Guinea,2028,7,26.296297268135277
Equatorial Guinea,2028,8,26.213744043617226
Equatorial Guinea,2028,9,25.75839147708848
Equatorial Guinea,2028,10,24.939933975784697
Equatorial Guinea,2028,11,23.84173253238714
Equatorial Guinea,2028,12,22.64331571499224
Equatorial Guinea,2029,1,22.070167408074667
Equatorial Guinea,2029,2,23.145173073332444
Equatorial Guinea,2029,3,24.074320179898677
Equatorial Guinea,2029,4,24.898190206288746
Equatorial Guinea,2029,5,25.595955740053796
Equatorial Guinea,2029,6,26.107881467833977
Equatorial Guinea,2029,7,26.357825165106078
Equatorial Guinea,2029,8,26.275738686204022
Equatorial Guinea,2029,9,25.820168954168366
Equatorial Guinea,2029,10,25.000758950614
Equatorial Guinea,2029,11,23.90074870567787
Equatorial Guinea,2029,12,22.699476287886682
Equatorial Guinea,2030,1,22.10956932591307
Equatorial Guinea,2030,2,23.192131591998077
Equatorial Guinea,2030,3,24.12696646650602
Equatorial Guinea,2030,4,24.955023741645164
Equatorial Guinea,2030,5,25.65577478175419
Equatorial Guinea,2030,6,26.169713513195347
Equatorial Guinea,2030,7,26.42085741428764
Equatorial Guinea,2030,8,26.339248505163596
Equatorial Guinea,2030,9,25.88345433768427
Equatorial Guinea,2030,10,25.063068985310565
Equatorial Guinea,2030,11,23.96121403305824
Equatorial Guinea,2030,12,22.757039567340144
Equatorial Guinea,2031,1,22.14990766886058
Equatorial Guinea,2031,2,23.24019943323674
Equatorial Guinea,2031,3,24.180861720685243
Equatorial Guinea,2031,4,25.013215154574027
Equatorial Guinea,2031,5,25.71703239346334
Equatorial Guinea,2031,6,26.233039120904323
Equatorial Guinea,2031,7,26.485415035488586
Equatorial Guinea,2031,8,26.404294840559487
Equatorial Guinea,2031,9,25.948269234258078
Equatorial Guinea,2031,10,25.12688589935442
Equatorial Guinea,2031,11,24.02315049315166
Equatorial Guinea,2031,12,22.81602763740466
Equatorial Guinea,2032,1,22.19120045512409
Equatorial Guinea,2032,2,23.2893952585664
Equatorial Guinea,2032,3,24.236025193576097
Equatorial Guinea,2032,4,25.072784232133017
Equatorial Guinea,2032,5,25.77974884444211
Equatorial Guinea,2032,6,26.297878988739285
Equatorial Guinea,2032,7,26.5515191012355
Equatorial Guinea,2032,8,26.47089908601356
Equatorial Guinea,2032,9,26.01463530491037
Equatorial Guinea,2032,10,25.192231567424642
Equatorial Guinea,2032,11,24.086580120599137
Equatorial Guinea,2032,12,22.87646263897932
Equatorial Guinea,2033,1,22.233465750920914
Equatorial Guinea,2033,2,23.339737778326707
Equatorial Guinea,2033,3,24.292476185951273
Equatorial Guinea,2033,4,25.13375081182403
Equatorial Guinea,2033,5,25.84394445523958
Equatorial Guinea,2033,6,26.36425386650899
Equatorial Guinea,2033,7,26.619190736972996
Equatorial Guinea,2033,8,26.539082688851522
Equatorial Guinea,2033,9,26.082574265125913
Equatorial Guinea,2033,10,25.25912791947576
Equatorial Guinea,2033,11,24.151525006150223
Equatorial Guinea,2033,12,22.938366769861204
Equatorial Guinea,2034,1,22.276721670493316
Equatorial Guinea,2034,2,23.391245751737188
Equatorial Guinea,2034,3,24.350234048260063
Equatorial Guinea,2034,4,25.196134781625915
Equatorial Guinea,2034,5,25.909639597613022
Equatorial Guinea,2034,6,26.43218455611077
Equatorial Guinea,2034,7,26.688451120994614
Equatorial Guinea,2034,8,26.608867150062906
Equatorial Guinea,2034,9,26.152107884897305
Equatorial Guinea,2034,10,25.32759694078868
Equatorial Guinea,2034,11,24.218007296612086
Equatorial Guinea,2034,12,23.001762284741744
Equatorial Guinea,2035,1,22.320986376195833
Equatorial Guinea,2035,2,23.44393798686815
Equatorial Guinea,2035,3,24.409318180624723
Equatorial Guinea,2035,4,25.259956079983567
Equatorial Guinea,2035,5,25.976854694680696
Equatorial Guinea,2035,6,26.501691911566922
Equatorial Guinea,2035,7,26.759321484537395
Equatorial Guinea,2035,8,26.68027402440657
Equatorial Guinea,2035,9,26.223257988772275
Equatorial Guinea,2035,10,25.397660671992526
Equatorial Guinea,2035,11,24.286049195027772
Equatorial Guinea,2035,12,23.066671495326773
Eritrea,2025,1,24.3001065248327
Eritrea,2025,2,26.39538099962465
Eritrea,2025,3,27.56806493710701
Eritrea,2025,4,28.18845672237603
Eritrea,2025,5,28.497230761561696
Eritrea,2025,6,28.627938471691778
Eritrea,2025,7,28.62950927064321
Eritrea,2025,8,28.488751566962492
Eritrea,2025,9,28.152853749827955
Eritrea,2025,10,27.551885178917473
Eritrea,2025,11,26.621297174305255
Eritrea,2025,12,25.324424006380468
Eritrea,2026,1,24.329817269813248
Eritrea,2026,2,26.432959344395385
Eritrea,2026,3,27.61170817655966
Eritrea,2026,4,28.236683263098712
Eritrea,2026,5,28.54881058479168
Eritrea,2026,6,28.681823596402864
Eritrea,2026,7,28.684764216520307
Eritrea,2026,8,28.544483817427135
Eritrea,2026,9,28.208144215074753
Eritrea,2026,10,27.605718658914157
Eritrea,2026,11,26.672492821821834
Eritrea,2026,12,25.371565790003842
Eritrea,2027,1,24.36031208079021
Eritrea,2027,2,26.471484031907494
Eritrea,2027,3,27.65642788569039
Eritrea,2027,4,28.28608676805834
Eritrea,2027,5,28.601640751928244
Eritrea,2027,6,28.737007847209497
Eritrea,2027,7,28.741344990624384
Eritrea,2027,8,28.60154903567036
Eritrea,2027,9,28.264757742491383
Eritrea,2027,10,27.66085076778927
Eritrea,2027,11,26.724950654651366
Eritrea,2027,12,25.41992382253102
Eritrea,2028,1,24.39160876416372
Eritrea,2028,2,26.510973492114317
Eritrea,2028,3,27.702243064352842
Eritrea,2028,4,28.336686753297727
Eritrea,2028,5,28.655741241463147
Eritrea,2028,6,28.793511611337635
Eritrea,2028,7,28.799272335259047
Eritrea,2028,8,28.659968265365933
Eritrea,2028,9,28.322715623421573
Eritrea,2028,10,27.71730299076171
Eritrea,2028,11,26.77869229821681
Eritrea,2028,12,25.469519815928834
Eritrea,2029,1,24.423725174253377
Eritrea,2029,2,26.551446203769046
Eritrea,2029,3,27.749172761946284
Eritrea,2029,4,28.38850278521295
Eritrea,2029,5,28.711132083081793
Eritrea,2029,6,28.851355328065438
Eritrea,2029,7,28.85856704557318
Eritrea,2029,8,28.71976260376414
Eritrea,2029,9,28.382039203520435
Eritrea,2029,10,27.775096868307628
Eritrea,2029,11,26.833739434031486
Eritrea,2029,12,25.520375538996632
Eritrea,2030,1,24.456679213392817
Eritrea,2030,2,26.592920694421082
Eritrea,2030,3,27.7972360775575
Eritrea,2030,4,28.441554480666127
Eritrea,2030,5,28.76783335773962
Eritrea,2030,6,28.910559488719628
Eritrea,2030,7,28.919249969513658
Eritrea,2030,8,28.780953201830016
Eritrea,2030,9,28.442749883049146
Eritrea,2030,10,27.834253996167718
Eritrea,2030,11,26.890113799680876
Eritrea,2030,12,25.572512817460847
Eritrea,2031,1,24.490488831984294
Eritrea,2031,2,26.63541554047424
Eritrea,2031,3,27.84645215988803
Eritrea,2031,4,28.49586150698542
Eritrea,2031,5,28.82586519761844
Eritrea,2031,6,28.971144636682766
Eritrea,2031,7,28.981342007996318
Eritrea,2031,8,28.84356126421062
Eritrea,2031,9,28.50486911668213
Eritrea,2031,10,27.8947960253945
Eritrea,2031,11,26.947837188851736
Eritrea,2031,12,25.62595353396773
Eritrea,2032,1,24.52517202855688
Eritrea,2032,2,26.678949367266796
Eritrea,2032,3,27.896840207406967
Eritrea,2032,4,28.551443582026877
Eritrea,2032,5,28.885247786308355
Eritrea,2032,6,29.033131367520582
Eritrea,2032,7,29.04486411484777
Eritrea,2032,8,28.907608049318696
Eritrea,2032,9,28.568418413714426
Eritrea,2032,10,27.95674466244691
Eritrea,2032,11,27.006931451477612
Eritrea,2032,12,25.680719628156112
Eritrea,2033,1,24.56074684972282
Eritrea,2033,2,26.72354084908966
Eritrea,2033,3,27.948419468307293
Eritrea,2033,4,28.608320474203538
Eritrea,2033,5,28.946001358738613
Eritrea,2033,6,29.096540328978335
Eritrea,2033,7,29.109837296892692
Eritrea,2033,8,28.973114869387246
Eritrea,2033,9,28.633419338065323
Eritrea,2033,10,28.02012166921213
Eritrea,2033,11,27.067418493673358
Eritrea,2033,12,25.736833096722876
Eritrea,2034,1,24.597231390330307
Eritrea,2034,2,26.769208709190025
Eritrea,2034,3,28.001209240593198
Eritrea,2034,4,28.66651200256547
Eritrea,2034,5,29.00814620125766
Eritrea,2034,6,29.16139222097354
Eritrea,2034,7,29.176282613993862
Eritrea,2034,8,29.040103090436787
Eritrea,2034,9,28.699893508227433
Eritrea,2034,10,28.0849488629583
Eritrea,2034,11,27.129320277800616
Eritrea,2034,12,25.794315993401142
Eritrea,2035,1,24.63464379346351
Eritrea,2035,2,26.815971719924164
Eritrea,2035,3,28.055228872138287
Eritrea,2035,4,28.726038036785212
Eritrea,2035,5,29.071702651676787
Eritrea,2035,6,29.227707795810602
Eritrea,2035,7,29.244221179110355
Eritrea,2035,8,29.108594132460894
Eritrea,2035,9,28.76786259749224
Eritrea,2035,10,28.15124811657097
Eritrea,2035,11,27.192658822620615
Eritrea,2035,12,25.853190429083952
Estonia,2025,1,-2.5955638155819543
Estonia,2025,2,-1.8850931133338236
Estonia,2025,3,1.9549618135870332
Estonia,2025,4,7.0820071107928015
Estonia,2025,5,12.001137157986705
Estonia,2025,6,15.587635558834336
Estonia,2025,7,17.109476130878647
Estonia,2025,8,16.249823895440386
Estonia,2025,9,13.129536067496701
Estonia,2025,10,8.329663045599773
Estonia,2025,11,2.913949401769969
Estonia,2025,12,-1.548665128589164
Estonia,2026,1,-2.5287118769983863
Estonia,2026,2,-1.8132903443465693
Estonia,2026,3,2.0296691499615918
Estonia,2026,4,7.1581526289201065
Estonia,2026,5,12.077764812621353
Estonia,2026,6,15.664230108156517
Estonia,2026,7,17.185893599526935
Estonia,2026,8,16.326222037479056
Estonia,2026,9,13.206304829499459
Estonia,2026,10,8.407355029627979
Estonia,2026,11,2.9932103283981633
Estonia,2026,12,-1.4671659572877616
Estonia,2027,1,-2.460816931113186
Estonia,2027,2,-1.7402169219376447
Estonia,2027,3,2.105836449155504
Estonia,2027,4,7.235911599990686
Estonia,2027,5,12.156126108483477
Estonia,2027,6,15.742647702617433
Estonia,2027,7,17.264195250239027
Estonia,2027,8,16.40453974904176
Estonia,2027,9,13.285005316379284
Estonia,2027,10,8.486970179271339
Estonia,2027,11,3.0743676641804996
Estonia,2027,12,-1.3838128129964389
Estonia,2028,1,-2.391861415405401
Estonia,2028,2,-1.665854544981812
Estonia,2028,3,2.1834826971908115
Estonia,2028,4,7.315303641204991
Estonia,2028,5,12.236241240277195
Estonia,2028,6,15.822909060662823
Estonia,2028,7,17.344402271563922
Estonia,2028,8,16.484798634985964
Estonia,2028,9,13.365659495667387
Estonia,2028,10,8.568530770998223
Estonia,2028,11,3.157443940840494
Estonia,2028,12,-1.2985829624949474
Estonia,2029,1,-2.321827720420515
Estonia,2029,2,-1.5901848646162762
Estonia,2029,3,2.262626928638383
Estonia,2029,4,7.396348419138121
Estonia,2029,5,12.318130452837977
Estonia,2029,6,15.90503495172834
Estonia,2029,7,17.42653590378268
Estonia,2029,8,16.567020352792497
Estonia,2029,9,13.448289388311423
Estonia,2029,10,8.652059135497439
Estonia,2029,11,3.242461745104265
Estonia,2029,12,-1.211453616716426
Estonia,2030,1,-2.2506981897158767
Estonia,2030,2,-1.513189484182476
Estonia,2030,3,2.3432882266652086
Estonia,2030,4,7.479065649765289
Estonia,2030,5,12.401814041241778
Estonia,2030,6,15.989046196286836
Estonia,2030,7,17.51061743905757
Estonia,2030,8,16.65122661258374
Estonia,2030,9,13.532917068646384
Estonia,2030,10,8.737577657707334
Estonia,2030,11,3.329443718755101
Estonia,2030,12,-1.1224019307619528
Estonia,2031,1,-2.1784551198206827
Estonia,2031,2,-1.4348499591787913
Estonia,2031,3,2.4254857230926063
Estonia,2031,4,7.563475098523668
Estonia,2031,5,12.487312350841421
Estonia,2031,6,16.074963665873838
Estonia,2031,7,17.59666822141753
Estonia,2031,8,16.737439177170927
Estonia,2031,9,13.619564664598329
Estonia,2031,10,8.825108776848538
Estonia,2031,11,3.418412558669843
Estonia,2031,12,-1.031405003733198
Estonia,2032,1,-2.1050807601923225
Estonia,2032,2,-1.3551477972350767
Estonia,2032,3,2.509238598436241
Estonia,2032,4,7.649596580341495
Estonia,2032,5,12.574645777270234
Estonia,2032,6,16.16280828311301
Estonia,2032,7,17.684709646798183
Estonia,2032,8,16.825679862061406
Estonia,2032,9,13.708254357549777
Estonia,2032,10,8.914674986547652
Estonia,2032,11,3.5093910169280207
Estonia,2032,12,-0.9384398788924955
Estonia,2033,1,-2.0305573131799974
Estonia,2033,2,-1.2740644580253502
Estonia,2033,3,2.594566081909761
Estonia,2033,4,7.737449959659898
Estonia,2033,5,12.663834766500258
Estonia,2033,6,16.2526010218362
Estonia,2033,7,17.77476316306729
Estonia,2033,8,16.915970535578708
Estonia,2033,9,13.799008382503416
Estonia,2033,10,9.006298834749941
Estonia,2033,11,3.602401900775476
Estonia,2033,12,-0.8434835433790795
Estonia,2034,1,-1.95486693393741
Estonia,2034,2,-1.191581353282345
Estonia,2034,3,2.6814874515812335
Estonia,2034,4,7.827055150592969
Estonia,2034,5,12.754899814955024
Estonia,2034,6,16.344362907036157
Estonia,2034,7,17.86685027022122
Estonia,2034,8,17.008333118855262
Estonia,2034,9,13.891849028096658
Estonia,2034,10,9.100002923861211
Estonia,2034,11,3.69746807269712
Estonia,2034,12,-0.746512928329139
Estonia,2035,1,-1.8779917304518676
Estonia,2035,2,-1.10767984672475
Estonia,2035,3,2.7700220342494504
Estonia,2035,4,7.918432116774966
Estonia,2035,5,12.847861469429517
Estonia,2035,6,16.438115014953837
Estonia,2035,7,17.96099252017393
Estonia,2035,8,17.10278958584331
Estonia,2035,9,13.986798636583444
Estonia,2035,10,9.195809910791468
Estonia,2035,11,3.7946124504642285
Estonia,2035,12,-0.6475049087994194
Eswatini,2025,1,17.662335668331252
Eswatini,2025,2,17.96513377415704
Eswatini,2025,3,18.999826454169124
Eswatini,2025,4,20.389748803322618
Eswatini,2025,5,21.784472590396945
Eswatini,2025,6,22.882307247830795
Eswatini,2025,7,23.452800861706237
Eswatini,2025,8,23.359241161558202
Eswatini,2025,9,22.581156510344044
Eswatini,2025,10,21.23681689430032
Eswatini,2025,11,19.605734912835942
Eswatini,2025,12,18.151166768479925
Eswatini,2026,1,17.70708627363365
Eswatini,2026,2,18.015721381835647
Eswatini,2026,3,19.05455007098226
Eswatini,2026,4,20.447313044592192
Eswatini,2026,5,21.84391814299761
Eswatini,2026,6,22.94294133323001
Eswatini,2026,7,23.51412769896433
Eswatini,2026,8,23.420892430390268
Eswatini,2026,9,22.642821814083618
Eswatini,2026,10,21.29817422293945
Eswatini,2026,11,19.66638110607255
Eswatini,2026,12,18.210547978692375
Eswatini,2027,1,17.75278355811406
Eswatini,2027,2,18.06743692043983
Eswatini,2027,3,19.110548700439722
Eswatini,2027,4,20.506267727579143
Eswatini,2027,5,21.904840431195225
Eswatini,2027,6,23.005111830397254
Eswatini,2027,7,23.57702652386888
Eswatini,2027,8,23.484129679859507
Eswatini,2027,9,22.706068026044704
Eswatini,2027,10,21.361090839437566
Eswatini,2027,11,19.728550936241845
Eswatini,2027,12,18.271405661832432
Eswatini,2028,1,17.79944534743936
Eswatini,2028,2,18.12029887683184
Eswatini,2028,3,19.167841436804338
Eswatini,2028,4,20.566632500286687
Eswatini,2028,5,21.967259603062303
Eswatini,2028,6,23.068839333694086
Eswatini,2028,7,23.641518323359378
Eswatini,2028,8,23.54897423582679
Eswatini,2028,9,22.7709167572948
Eswatini,2028,10,21.42558858630673
Eswatini,2028,11,19.792266423662113
Eswatini,2028,12,18.333761962258905
Eswatini,2029,1,17.84708951491575
Eswatini,2029,2,18.174325786237205
Eswatini,2029,3,19.226447423593527
Eswatini,2029,4,20.628427060769354
Eswatini,2029,5,22.031195857453895
Eswatini,2029,6,23.134144489123173
Eswatini,2029,7,23.70762413688226
Eswatini,2029,8,23.61544747744574
Eswatini,2029,9,22.837389672961763
Eswatini,2029,10,21.491689360992495
Eswatini,2029,11,19.857549644309074
Eswatini,2029,12,18.397639080872068
Eswatini,2030,1,17.895733981521516
Eswatini,2030,2,18.2295362324121
Eswatini,2030,3,19.28638585358658
Eswatini,2030,4,20.69167115716209
Eswatini,2030,5,22.096669444167674
Eswatini,2030,6,23.201047994390137
Eswatini,2030,7,23.77536505633998
Eswatini,2030,8,23.68357083712999
Eswatini,2030,9,22.90550849230658
Eswatini,2030,10,21.55941511585206
Eswatini,2030,11,19.92442272997232
Eswatini,2030,12,18.46305927512458
Eswatini,2031,1,17.94539671596158
Eswatini,2031,2,18.28594884762515
Eswatini,2031,3,19.347675968937438
Eswatini,2031,4,20.75638458778576
Eswatini,2031,5,22.163700663933014
Eswatini,2031,6,23.269570599012695
Eswatini,2031,7,23.844762226323837
Eswatini,2031,8,23.7533658007751
Eswatini,2031,9,22.975294988814312
Eswatini,2031,10,21.628787858259784
Eswatini,2031,11,19.9929078682444
Eswatini,2031,12,18.53004485909787
Eswatini,2032,1,17.99609573469661
Eswatini,2032,2,18.34358231272654
Eswatini,2032,3,19.41033706117105
Eswatini,2032,4,20.82258720109985
Eswatini,2032,5,22.23230986852377
Eswatini,2032,6,23.339733104269726
Eswatini,2032,7,23.91583684390298
Eswatini,2032,8,23.824853907627585
Eswatini,2032,9,23.04677099016135
Eswatini,2032,10,21.699829650654465
Eswatini,2032,11,20.0630273025281
Eswatini,2032,12,18.598618203487604
Eswatini,2033,1,18.047849102008513
Eswatini,2033,2,18.402455357184408
Eswatini,2033,3,19.474388471223392
Eswatini,2033,4,20.8902988958298
Eswatini,2033,5,22.30251746068552
Eswatini,2033,6,23.41155636327767
Eswatini,2033,7,23.98861015888633
Eswatini,2033,8,23.89805675041589
Eswatini,2033,9,23.11995837831364
Eswatini,2033,10,21.772562610477507
Eswatini,2033,11,20.134803332134652
Eswatini,2033,12,18.66880173573827
Eswatini,2034,1,18.100674930014975
Eswatini,2034,2,18.462586759117585
Eswatini,2034,3,19.539849589525147
Eswatini,2034,4,20.95953962099611
Eswatini,2034,5,22.374343894310186
Eswatini,2034,6,23.485061281110575
Eswatini,2034,7,24.06310347378985
Eswatini,2034,8,23.972995975401318
Eswatini,2034,9,23.194879089563074
Eswatini,2034,10,21.847008910391196
Eswatini,2034,11,20.208258312294674
Eswatini,2034,12,18.740617939992262
Eswatini,2035,1,18.154591378756777
Eswatini,2035,2,18.523995345375624
Eswatini,2035,3,19.606739855979868
Eswatini,2035,4,21.03032937588523
Eswatini,2035,5,22.44780967439965
Eswatini,2035,6,23.560268814723713
Eswatini,2035,7,24.139338143811074
Eswatini,2035,8,24.049693282352564
Eswatini,2035,9,23.271555114556577
Eswatini,2035,10,21.923190778151366
Eswatini,2035,11,20.2834146542491
Eswatini,2035,12,18.814089357188095
Ethiopia,2025,1,21.407117257350365
Ethiopia,2025,2,22.3155039511048
Ethiopia,2025,3,23.212507523360728
Ethiopia,2025,4,24.079856992678287
Ethiopia,2025,5,24.85012019027363
Ethiopia,2025,6,25.429204749872042
Ethiopia,2025,7,25.718859097659333
Ethiopia,2025,8,25.63917344213496
Ethiopia,2025,9,25.151080764012477
Ethiopia,2025,10,24.278857806159976
Ethiopia,2025,11,23.132626063453245
Ethiopia,2025,12,21.93085277267619
Ethiopia,2026,1,21.444132186313254
Ethiopia,2026,2,22.35923219092456
Ethiopia,2026,3,23.261220823905205
Ethiopia,2026,4,24.1321918368385
Ethiopia,2026,5,24.905008256992915
Ethiopia,2026,6,25.485803377175216
Ethiopia,2026,7,25.77648174564183
Ethiopia,2026,8,25.69722015602474
Ethiopia,2026,9,25.208968637170074
Ethiopia,2026,10,24.335951443104022
Ethiopia,2026,11,23.188168042824145
Ethiopia,2026,12,21.983894110345318
Ethiopia,2027,1,21.48202456378658
Ethiopia,2027,2,22.40400966479592
Ethiopia,2027,3,23.311121951247515
Ethiopia,2027,4,24.185822425236438
Ethiopia,2027,5,24.961271827510245
Ethiopia,2027,6,25.54383162740214
Ethiopia,2027,7,25.835565012687766
Ethiopia,2027,8,25.756737879576576
Ethiopia,2027,9,25.26831982247404
Ethiopia,2027,10,24.394485123980303
Ethiopia,2027,11,23.245113744732407
Ethiopia,2027,12,22.038292313344755
Ethiopia,2028,1,21.520812218111132
Ethiopia,2028,2,22.449854843996036
Ethiopia,2028,3,23.36222996595552
Ethiopia,2028,4,24.24076835400865
Ethiopia,2028,5,25.018930979819743
Ethiopia,2028,6,25.603310006700667
Ethiopia,2028,7,25.89612977940942
Ethiopia,2028,8,25.817747814116046
Ethiopia,2028,9,25.329155788255775
Ethiopia,2028,10,24.454480530469482
Ethiopia,2028,11,23.30348501044955
Ethiopia,2028,12,22.09406932886577
Ethiopia,2029,1,21.560513025376167
Ethiopia,2029,2,22.49678624840908
Ethiopia,2029,3,23.414563977997204
Ethiopia,2029,4,24.297049269473973
Ethiopia,2029,5,25.07800584292363
Ethiopia,2029,6,25.66425907303801
Ethiopia,2029,7,25.958196978980595
Ethiopia,2029,8,25.88027121437426
Ethiopia,2029,9,25.391498057114404
Ethiopia,2029,10,24.515959399294843
Ethiopia,2029,11,23.363303737104616
Ethiopia,2029,12,22.15124716072114
Ethiopia,2030,1,21.60114490952492
Ethiopia,2030,2,22.544822446609942
Ethiopia,2030,3,23.468143146813418
Ethiopia,2030,4,24.3546848682754
Ethiopia,2030,5,25.13851659692682
Ethiopia,2030,6,25.726699436269882
Ethiopia,2030,7,26.021787597336697
Ethiopia,2030,8,25.94432938864429
Ethiopia,2030,9,25.455368205949526
Ethiopia,2030,10,24.578943522280497
Ethiopia,2030,11,23.42459187775694
Ethiopia,2030,12,22.20984786952704
Ethiopia,2031,1,21.642725842409163
Ethiopia,2031,2,22.593982055816923
Ethiopia,2031,3,23.522986681346993
Ethiopia,2031,4,24.413694897354617
Ethiopia,2031,5,25.200483473025997
Ethiopia,2031,6,25.790651758176864
Ethiopia,2031,7,26.08692267313836
Ethiopia,2031,8,26.009943698704774
Ethiopia,2031,9,25.520787866030332
Ethiopia,2031,10,24.643454746431416
Ethiopia,2031,11,23.48737144144343
Ethiopia,2031,12,22.269893572619367
Ethiopia,2032,1,21.685273843763753
Ethiopia,2032,2,22.64428374200088
Ethiopia,2032,3,23.579113840031823
Ethiopia,2032,4,24.47409915393746
Ethiopia,2032,5,25.263926753589658
Ethiopia,2032,6,25.856136752511702
Ethiopia,2032,7,26.153623297778722
Ethiopia,2032,8,26.077135559954513
Ethiopia,2032,9,25.587778722948315
Ethiopia,2032,10,24.7095149739298
Ethiopia,2032,11,23.551664493218595
Ethiopia,2032,12,22.331406444159256
Ethiopia,2033,1,21.728806981323032
Ethiopia,2033,2,22.69574621991069
Ethiopia,2033,3,23.63654393097113
Ethiopia,2033,4,24.535917485723076
Ethiopia,2033,5,25.328866772165384
Ethiopia,2033,6,25.923175185002947
Ethiopia,2033,7,26.2219106154962
Ethiopia,2033,8,26.14592644138338
Ethiopia,2033,9,25.65636251682463
Ethiopia,2033,10,24.77714616222238
Ethiopia,2033,11,23.617493154114527
Ethiopia,2033,12,22.394408715191275
Ethiopia,2034,1,21.77334337082084
Ethiopia,2034,2,22.74838825309871
Ethiopia,2034,3,23.695296311828315
Ethiopia,2034,4,24.599169790792985
Ethiopia,2034,5,25.39532391357079
Ethiopia,2034,6,25.991787873478643
Ethiopia,2034,7,26.29180582337449
Ethiopia,2034,8,26.216337865696005
Ethiopia,2034,9,25.726561042208232
Ethiopia,2034,10,24.8463703239986
Ethiopia,2034,11,23.68487960134462
Ethiopia,2034,12,22.45892267362524
Ethiopia,2035,1,21.818901176063264
Ethiopia,2035,2,22.80222865403357
Ethiopia,2035,3,23.755390389997956
Ethiopia,2035,4,24.663876017756593
Ethiopia,2035,5,25.463318613915362
Ethiopia,2035,6,26.06199568782995
Ethiopia,2035,7,26.36333017146262
Ethiopia,2035,8,26.288391409271753
Ethiopia,2035,9,25.798396148170468
Ethiopia,2035,10,24.91720952735068
Ethiopia,2035,11,23.753846068230814
Ethiopia,2035,12,22.52497066434171
Falkland Islands,2025,1,-1.2838326905066424
Falkland Islands,2025,2,-0.6522292251238468
Falkland Islands,2025,3,2.9797895733363475
Falkland Islands,2025,4,7.858196365309595
Falkland Islands,2025,5,12.556585985946185
Falkland Islands,2025,6,15.998676435044217
Falkland Islands,2025,7,17.480809866910022
Falkland Islands,2025,8,16.694453580280424
Falkland Islands,2025,9,13.748701008197713
Falkland Islands,2025,10,9.192772707935546
Falkland Islands,2025,11,4.038517350855727
Falkland Islands,2025,12,-0.21708728765861451
Falkland Islands,2026,1,-1.2173091764916535
Falkland Islands,2026,2,-0.5808579087270118
Falkland Islands,2026,3,3.054005859231438
Falkland Islands,2026,4,7.933823786775065
Falkland Islands,2026,5,12.632690171024478
Falkland Islands,2026,6,16.074752936780897
Falkland Islands,2026,7,17.55671462634291
Falkland Islands,2026,8,16.770333389483312
Falkland Islands,2026,9,13.82492397329861
Falkland Islands,2026,10,9.26985871209854
Falkland Islands,2026,11,4.1170685173392485
Falkland Islands,2026,12,-0.13645613246171706
Falkland Islands,2027,1,-1.1497392250303164
Falkland Islands,2027,2,-0.5082156910129925
Falkland Islands,2027,3,3.129679433707679
Falkland Islands,2027,4,8.011059324912821
Falkland Islands,2027,5,12.71052025912013
Falkland Islands,2027,6,16.152642603582535
Falkland Islands,2027,7,17.6344918060322
Falkland Islands,2027,8,16.848119384730126
Falkland Islands,2027,9,13.90306391822105
Falkland Islands,2027,10,9.348852035390337
Falkland Islands,2027,11,4.197499405167946
Falkland Islands,2027,12,-0.0539882733964987
Falkland Islands,2028,1,-1.0811052452581862
Falkland Islands,2028,2,-0.4342842473224664
Falkland Islands,2028,3,3.206829301482685
Falkland Islands,2028,4,8.089922610773101
Falkland Islands,2028,5,12.790096453944898
Falkland Islands,2028,6,16.2323661580931
Falkland Islands,2028,7,17.71416259387206
Falkland Islands,2028,8,16.927833165425
Falkland Islands,2028,9,13.98314280024806
Falkland Islands,2028,10,9.429774939119852
Falkland Islands,2028,11,4.279832526016435
Falkland Islands,2028,12,0.030338997935359657
Falkland Islands,2029,1,-1.0113895993008555
Falkland Islands,2029,2,-0.3590452052148976
Falkland Islands,2029,3,3.2854745158629157
Falkland Islands,2029,4,8.170433324857186
Falkland Islands,2029,5,12.87143900944011
Falkland Islands,2029,6,16.313944374008315
Falkland Islands,2029,7,17.795748229568744
Falkland Islands,2029,8,17.009496383595433
Falkland Islands,2029,9,14.06518262998452
Falkland Islands,2029,10,9.512649738900109
Falkland Islands,2029,11,4.364090446703813
Falkland Islands,2029,12,0.1165484458224455
Falkland Islands,2030,1,-0.9405746022448511
Falkland Islands,2030,2,-0.2824801444139666
Falkland Islands,2030,3,3.3656341788309874
Falkland Islands,2030,4,8.252611197073747
Falkland Islands,2030,5,12.954568229773031
Falkland Islands,2030,6,16.397398076053832
Falkland Islands,2030,7,17.879270004702448
Falkland Islands,2030,8,17.093130743994152
Falkland Islands,2030,9,14.149205471622736
Falkland Islands,2030,10,9.597498804597308
Falkland Islands,2030,11,4.450295789106349
Falkland Islands,2030,12,0.20466289046180464
Falkland Islands,2031,1,-0.8686425221485479
Falkland Islands,2031,2,-0.20457059673844924
Falkland Islands,2031,3,3.4473274410202066
Falkland Islands,2031,4,8.336476006866178
Falkland Islands,2031,5,13.039504469453277
Falkland Islands,2031,6,16.48274814010165
Falkland Islands,2031,7,17.964749262803707
Falkland Islands,2031,8,17.178758004066367
Falkland Islands,2031,9,14.235233442851495
Falkland Islands,2031,10,9.684344560425416
Falkland Islands,2031,11,4.538471230273899
Falkland Islands,2031,12,0.2947052080244248
Falkland Islands,2032,1,-0.7955755799148392
Falkland Islands,2032,2,-0.12529804612768203
Falkland Islands,2032,3,3.5305735017909683
Falkland Islands,2032,4,8.422047583194399
Falkland Islands,2032,5,13.126268133310987
Falkland Islands,2032,6,16.570015493144638
Falkland Islands,2032,7,18.05220739932429
Falkland Islands,2032,8,17.266399974033448
Falkland Islands,2032,9,14.323288714925184
Falkland Islands,2032,10,9.773209484982544
Falkland Islands,2032,11,4.628639502437181
Falkland Islands,2032,12,0.3866983306625116
Falkland Islands,2033,1,-0.7213559492874992
Falkland Islands,2033,2,-0.04464392849604337
Falkland Islands,2033,3,3.615391609328981
Falkland Islands,2033,4,8.509345804596705
Falkland Islands,2033,5,13.214879676598684
Falkland Islands,2033,6,16.65922111340933
Falkland Islands,2033,7,18.141665861757247
Falkland Islands,2033,8,17.35607851694749
Falkland Islands,2033,9,14.413393512758375
Falkland Islands,2033,10,9.864116111367366
Falkland Islands,2033,11,4.720823393106002
Falkland Islands,2033,12,0.4806652465749721
Falkland Islands,2034,1,-0.645965756836631
Falkland Islands,2034,2,0.03741036819792498
Falkland Islands,2034,3,3.7018010605979725
Falkland Islands,2034,4,8.598390599269806
Falkland Islands,2034,5,13.305359604987643
Falkland Islands,2034,6,16.750386030355912
Falkland Islands,2034,7,18.233146149633285
Falkland Islands,2034,8,17.447815548720428
Falkland Islands,2034,9,14.505570114940383
Falkland Islands,2034,10,9.95708702704087
Falkland Islands,2034,11,4.815045745021962
Falkland Islands,2034,12,0.5766290000983645
Falkland Islands,2035,1,-0.569387081849527
Falkland Islands,2035,2,0.12088350407884718
Falkland Islands,2035,3,3.789821201434279
Falkland Islands,2035,4,8.689201945039713
Falkland Islands,2035,5,13.397728474615178
Falkland Islands,2035,6,16.843531324710966
Falkland Islands,2035,7,18.32666981460443
Falkland Islands,2035,8,17.54163303813857
Falkland Islands,2035,9,14.599840853709793
Falkland Islands,2035,10,10.052144874062833
Falkland Islands,2035,11,4.9113294562930605
Falkland Islands,2035,12,0.674612691663242
Faroe Islands,2025,1,-0.6846442994383324
Faroe Islands,2025,2,-0.08948991224951897
Faroe Islands,2025,3,3.4468651803736066
Faroe Islands,2025,4,8.210881210013213
Faroe Islands,2025,5,12.807496955273564
Faroe Islands,2025,6,16.182630731721474
Faroe Islands,2025,7,17.645681381779468
Faroe Islands,2025,8,16.892029264593475
Faroe Islands,2025,9,14.025537245951455
Faroe Islands,2025,10,9.581051688198386
Faroe Islands,2025,11,4.546903440082133
Faroe Islands,2025,12,0.3874088267157276
Faroe Islands,2026,1,-0.6183287710364311
Faroe Islands,2026,2,-0.018365739749242493
Faroe Islands,2026,3,3.5208139880314775
Faroe Islands,2026,4,8.286234685751879
Faroe Islands,2026,5,12.88332963697485
Faroe Islands,2026,6,16.25844212522952
Faroe Islands,2026,7,17.721326423857136
Faroe Islands,2026,8,16.96764878601698
Faroe Islands,2026,9,14.101488434506791
Faroe Islands,2026,10,9.657838551674104
Faroe Islands,2026,11,4.625107269305772
Faroe Islands,2026,12,0.46761865859753016
Faroe Islands,2027,1,-0.5509656598032961
Faroe Islands,2027,2,0.05402904204765946
Faroe Islands,2027,3,3.5962184733261893
Faroe Islands,2027,4,8.363193466834673
Faroe Islands,2027,5,12.960884328506836
Faroe Islands,2027,6,16.336061827239064
Faroe Islands,2027,7,17.798838184812666
Faroe Islands,2027,8,17.04516806578704
Faroe Islands,2027,9,14.179349567418285
Faroe Islands,2027,10,9.736525209516003
Faroe Islands,2027,11,4.705182924343717
Faroe Islands,2027,12,0.5496570465775221
Faroe Islands,2028,1,-0.4825373624544227
Faroe Islands,2028,2,0.12771276797957398
Faroe Islands,2028,3,3.673097648953444
Faroe Islands,2028,4,8.44177719009258
Faroe Islands,2028,5,13.04018123712467
Faroe Islands,2028,6,16.41551056178014
Faroe Islands,2028,7,17.878237851696213
Faroe Islands,2028,8,17.12460870027735
Faroe Islands,2028,9,14.259142596672064
Faroe Islands,2028,10,9.817133915586055
Faroe Islands,2028,11,4.787152907248128
Faroe Islands,2028,12,0.6335466872378674
Faroe Islands,2029,1,-0.4130262287098958
Faroe Islands,2029,2,0.20270382069520565
Faroe Islands,2029,3,3.751470576263273
Faroe Islands,2029,4,8.522005541836734
Faroe Islands,2029,5,13.121240620396748
Faroe Islands,2029,6,16.496809103945452
Faroe Islands,2029,7,17.95954666342095
Faroe Islands,2029,8,17.20599233852863
Faroe Islands,2029,9,14.34088952773618
Faroe Islands,2029,10,9.899686978101272
Faroe Islands,2029,11,4.871039775212012
Faroe Islands,2029,12,0.7193103330400845
Faroe Islands,2030,1,-0.34241456123618264
Faroe Islands,2030,2,0.2790206307263361
Faroe Islands,2030,3,3.8313563652345692
Faroe Islands,2030,4,8.603898257803849
Faroe Islands,2030,5,13.204082786124673
Faroe Islands,2030,6,16.579978279908573
Faroe Islands,2030,7,18.042785910788552
Faroe Islands,2030,8,17.289340682274087
Faroe Islands,2030,9,14.424612419578807
Faroe Islands,2030,10,9.98420675953912
Faroe Islands,2030,11,4.95686614054739
Faroe Islands,2030,12,0.8069707924050817
Faroe Islands,2031,1,-0.27068461559520074
Faroe Islands,2031,2,0.35668167647691007
Faroe Islands,2031,3,3.9127741745587628
Faroe Islands,2031,4,8.687475123276272
Faroe Islands,2031,5,13.288728092452402
Faroe Islands,2031,6,16.665038966931206
Faroe Islands,2031,7,18.127976936561936
Faroe Islands,2031,8,17.374675486012165
Faroe Islands,2031,9,14.510333384704609
Faroe Islands,2031,10,10.07071567670664
Faroe Islands,2031,11,5.044654670681666
Faroe Islands,2031,12,0.8965509296949676
Faroe Islands,2032,1,-0.19781860023340414
Faroe Islands,2032,2,0.4357054843212609
Faroe Islands,2032,3,3.995743211698027
Faroe Islands,2032,4,8.772755973096537
Faroe Islands,2032,5,13.375196947884433
Faroe Islands,2032,6,16.752012093523263
Faroe Islands,2032,7,18.21514113547255
Faroe Islands,2032,8,17.46201855702475
Faroe Islands,2032,9,14.598074589256612
Faroe Islands,2032,10,10.15923620092235
Faroe Islands,2032,11,5.1344280883577085
Faroe Islands,2032,12,0.9880736653076383
Faroe Islands,2033,1,-0.1237986764017478
Faroe Islands,2033,2,0.5161106286041104
Faroe Islands,2033,3,4.080282732907108
Faroe Islands,2033,4,8.859760691678275
Faroe Islands,2033,5,13.463509811340373
Faroe Islands,2033,6,16.84091863937374
Faroe Islands,2033,7,18.3042999542713
Faroe Islands,2033,8,17.551391755431723
Faroe Islands,2033,9,14.687858253016202
Faroe Islands,2033,10,10.249790857881635
Faroe Islands,2033,11,5.2262091714810595
Faroe Islands,2033,12,1.081561975738623
Faroe Islands,2034,1,-0.04860695814113569
Faroe Islands,2034,2,0.5979157317060526
Faroe Islands,2034,3,4.16641204325515
Faroe Islands,2034,4,8.948509213133548
Faroe Islands,2034,5,13.553687192194957
Faroe Islands,2034,6,16.931779635430757
Faroe Islands,2034,7,18.39547489180859
Faroe Islands,2034,8,17.64281699424191
Faroe Islands,2034,9,14.77970664942859
Faroe Islands,2034,10,10.342402227784078
Faroe Islands,2034,11,5.320020753323661
Faroe Islands,2034,12,1.1770388935701703
Faroe Islands,2035,1,0.02777448780125269
Faroe Islands,2035,2,0.6811394640944854
Faroe Islands,2035,3,4.254150496734837
Faroe Islands,2035,4,9.039021521236464
Faroe Islands,2035,5,13.64574965034717
Faroe Islands,2035,6,17.024616163970677
Faroe Islands,2035,7,18.4886874990234
Faroe Islands,2035,8,17.7363162393749
Faroe Islands,2035,9,14.873642105693762
Faroe Islands,2035,10,10.43709294538803
Faroe Islands,2035,11,5.415885722498388
Faroe Islands,2035,12,1.2745275075549216
Fiji,2025,1,22.702934185484082
Fiji,2025,2,24.002124967694726
Fiji,2025,3,24.949028738422385
Fiji,2025,4,25.67668003671588
Fiji,2025,5,26.237465383227573
Fiji,2025,6,26.62562426999375
Fiji,2025,7,26.799750150451473
Fiji,2025,8,26.705291429208046
Fiji,2025,9,26.29705245207606
Fiji,2025,10,25.56169449587196
Fiji,2025,11,24.540236758323772
Fiji,2025,12,23.350557348051552
Fiji,2026,1,22.736902395886318
Fiji,2026,2,24.04323292511708
Fiji,2026,3,24.99552463544842
Fiji,2026,4,25.7271597289664
Fiji,2026,5,26.290802852364322
Fiji,2026,6,26.68090208679223
Fiji,2026,7,26.856189937771887
Fiji,2026,8,26.76218432508267
Fiji,2026,9,26.353689572647454
Fiji,2026,10,25.617297398454866
Fiji,2026,11,24.593887904437906
Fiji,2026,12,23.4011305663671
Fiji,2027,1,22.77171390892636
Fiji,2027,2,24.085352176757624
Fiji,2027,3,25.043167033612008
Fiji,2027,4,25.77889086207597
Fiji,2027,5,26.345468952361443
Fiji,2027,6,26.737560492166267
Fiji,2027,7,26.914039556538228
Fiji,2027,8,26.820496097811883
Fiji,2027,9,26.411736935530826
Fiji,2027,10,25.67428674624989
Fiji,2027,11,24.64888905355201
Fiji,2027,12,23.45300721786498
Fiji,2028,1,22.807386547371607
Fiji,2028,2,24.12850118075312
Fiji,2028,3,25.0919749727409
Fiji,2028,4,25.831893003884943
Fiji,2028,5,26.401483725346225
Fiji,2028,6,26.79561994877531
Fiji,2028,7,26.973319836230985
Fiji,2028,8,26.880247890051578
Fiji,2028,9,26.471215942791787
Fiji,2028,10,25.732684147090367
Fiji,2028,11,24.705261965559657
Fiji,2028,12,23.506209160711478
Fiji,2029,1,22.843938181857993
Fiji,2029,2,24.172698443927402
Fiji,2029,3,25.141967542175735
Fiji,2029,4,25.886185772510544
Fiji,2029,5,26.458867264497712
Fiji,2029,6,26.85510097119277
Fiji,2029,7,27.034051659092256
Fiji,2029,8,26.94146089797232
Fiji,2029,9,26.532148050887372
Fiji,2029,10,25.792511263928645
Fiji,2029,11,24.763028456241045
Fiji,2029,12,23.560758309836274
Fiji,2030,1,22.881386730933627
Fiji,2030,2,24.217962521849586
Fiji,2030,3,25.193163880766406
Fiji,2030,4,25.94178883640143
Fiji,2030,5,26.517639714155848
Fiji,2030,6,26.916024125924196
Fiji,2030,7,27.09625596008209
Fiji,2030,8,27.00415637133574
Fiji,2030,9,26.594554770600553
Fiji,2030,10,25.853789814916126
Fiji,2030,11,24.822210397375784
Fiji,2030,12,23.616676636968805
Fiji,2031,1,22.919750161066077
Fiji,2031,2,24.2643120188377
Fiji,2031,3,25.245583176933906
Fiji,2031,4,25.998721914384987
Fiji,2031,5,26.577821269828746
Fiji,2031,6,26.978410031490967
Fiji,2031,7,27.15995372703128
Fiji,2031,8,27.06835561349817
Fiji,2031,9,26.65845766716029
Fiji,2031,10,25.916541573436007
Fiji,2031,11,24.88282971679746
Fiji,2031,12,23.673986170656462
Fiji,2032,1,22.959046486755142
Fiji,2032,2,24.311765587965965
Fiji,2032,3,25.299244668703068
Fiji,2032,4,26.05700477567825
Fiji,2032,5,26.6394321782509
Fiji,2032,6,27.0422793583939
Fiji,2032,7,27.22516600052495
Fiji,2032,8,27.13407998144703
Fiji,2032,9,26.72387836022699
Fiji,2032,10,25.980788368096
Fiji,2032,11,24.944908398382722
Fiji,2032,12,23.732708996308247
Fiji,2033,1,22.99929377051467
Fiji,2033,2,24.36034193121759
Fiji,2033,3,25.354167643764413
Fiji,2033,4,26.11665723999704
Fiji,2033,5,26.70249273745594
Fiji,2033,6,27.107652829269682
Fiji,2033,7,27.29191387406263
Fiji,2033,8,27.201350885866304
Fiji,2033,9,26.79083852398344
Fiji,2033,10,26.04655208287022
Fiji,2033,11,25.008468482142234
Fiji,2033,12,23.79286725633301
Fiji,2034,1,23.04051012295986
Fiji,2034,2,24.4100597994302
Fiji,2034,3,25.410371439492337
Fiji,2034,4,26.177699177552313
Fiji,2034,5,26.76702329676209
Fiji,2034,6,27.17455121886178
Fiji,2034,7,27.360218494109176
Fiji,2034,8,27.27018979122022
Fiji,2034,9,26.859359887134815
Fiji,2034,10,26.113854657055526
Fiji,2034,11,25.073532064267965
Fiji,2034,12,23.85448315002668
Fiji,2035,1,23.08271370280727
Fiji,2035,2,24.46093799238679
Fiji,2035,3,25.467875443014236
Fiji,2035,4,26.240150509101113
Fiji,2035,5,26.83304425685219
Fiji,2035,6,27.24299535406044
Fiji,2035,7,27.430101060098423
Fiji,2035,8,27.34061821571686
Fiji,2035,9,26.929464233032377
Fiji,2035,10,26.18271808535519
Fiji,2035,11,25.14012129711864
Fiji,2035,12,23.917578933775985
Finland,2025,1,-7.529531247803789
Finland,2025,2,-6.559512949267628
Finland,2025,3,-1.9716644737809474
Finland,2025,4,4.057274328036328
Finland,2025,5,9.774772055640824
Finland,2025,6,13.875006748411579
Finland,2025,7,15.521366875586864
Finland,2025,8,14.368952326139151
Finland,2025,9,10.58707539864281
Finland,2025,10,4.881761791232748
Finland,2025,11,-1.481748408516978
Finland,2025,12,-6.656499733714554
Finland,2026,1,-7.463090460106287
Finland,2026,2,-6.487504927724331
Finland,2026,3,-1.8963278348519452
Finland,2026,4,4.134322329276074
Finland,2026,5,9.85246598847607
Finland,2026,6,13.952763469534148
Finland,2026,7,15.599015992095701
Finland,2026,8,14.446666658569484
Finland,2026,9,10.665301443991666
Finland,2026,10,4.961150185984479
Finland,2026,11,-1.400412425427021
Finland,2026,12,-6.572365857816294
Finland,2027,1,-7.395631308535485
Finland,2027,2,-6.414238411324732
Finland,2027,3,-1.8195318986536222
Finland,2027,4,4.2129936190513035
Finland,2027,5,9.931912907443802
Finland,2027,6,14.032371098121985
Finland,2027,7,15.678584678616062
Finland,2027,8,14.526342482183281
Finland,2027,9,10.745506677770209
Finland,2027,10,5.042513759909525
Finland,2027,11,-1.317124461419553
Finland,2027,12,-6.486319870869011
Finland,2028,1,-7.327136353334026
Finland,2028,2,-6.339695203295378
Finland,2028,3,-1.7412577650929961
Finland,2028,4,4.293307747110703
Finland,2028,5,10.013132958182723
Finland,2028,6,14.113850322043618
Finland,2028,7,15.760094111487888
Finland,2028,8,14.608001408135351
Finland,2028,9,10.827713092229715
Finland,2028,10,5.125874832662703
Finland,2028,11,-1.2318619231909906
Finland,2028,12,-6.398338959606008
Finland,2029,1,-7.257588108011078
Finland,2029,2,-6.263857059259863
Finland,2029,3,-1.661486485626483
Finland,2029,4,4.37528431238843
Finland,2029,5,10.096146336386482
Finland,2029,6,14.19722188000469
Finland,2029,7,15.843565518761352
Finland,2029,8,14.69166510002924
Finland,2029,9,10.911942732866919
Finland,2029,10,5.211255777948281
Finland,2029,11,-1.14460216257703
Finland,2029,12,-6.30840025510679
Finland,2030,1,-7.1869690392113625
Finland,2030,2,-6.186705687231552
Finland,2030,3,-1.5801990633326568
Finland,2030,4,4.458942963084155
Finland,2030,5,10.180973287774577
Finland,2030,6,14.282506561526134
Finland,2030,7,15.929020180080443
Finland,2030,8,14.777355273960893
Finland,2030,9,10.998217698456756
Finland,2030,10,5.298679023498153
Finland,2030,11,-1.0553224765017148
Finland,2030,12,-6.216480832706111
Finland,2031,1,-7.115261566744266
Finland,2031,2,-6.10822274752627
Finland,2031,3,-1.4973764527849198
Finland,2031,4,4.544303396666692
Finland,2031,5,10.267634108157836
Finland,2031,6,14.369725207093325
Finland,2031,7,16.016479426810292
Finland,2031,8,14.865093698504097
Finland,2031,9,11.086560141139671
Finland,2031,10,5.388167051261007
Finland,2031,11,-0.9640001069701611
Finland,2031,12,-6.122557712004891
Finland,2032,1,-7.042448063514712
Finland,2032,2,-6.028389852798682
Finland,2032,3,-1.412999560047865
Finland,2032,4,4.631385359928572
Finland,2032,5,10.356149143492985
Finland,2032,6,14.458898708076049
Finland,2032,7,16.105964642099025
Finland,2032,8,14.954902194834176
Finland,2032,9,11.176992266327034
Finland,2032,10,5.47974239730047
Finland,2032,11,-0.870612241006711
Finland,2032,12,-6.026607856848386
Finland,2033,1,-6.96851085543949
Finland,2033,2,-5.947188567864032
Finland,2033,3,-1.3270492425754128
Finland,2033,4,4.720208649080632
Finland,2033,5,10.446538789926308
Finland,2033,6,14.550048006881298
Finland,2033,7,16.197497260888667
Finland,2033,8,15.046802636727989
Finland,2033,9,11.269536332988537
Finland,2033,10,5.573427651951533
Finland,2033,11,-0.7751360105385174
Finland,2033,12,-5.928608175173395
Finland,2034,1,-6.893432221465446
Finland,2034,2,-5.864600409807281
Finland,2034,3,-1.239506309258104
Finland,2034,4,4.8107931097047185
Finland,2034,5,10.538823493815471
Finland,2034,6,14.643194096949628
Finland,2034,7,16.291098769944256
Finland,2034,8,15.140816950589397
Finland,2034,9,11.364214653444833
Finland,2034,10,5.669245459784179
Finland,2034,11,-0.6775484925083219
Finland,2034,12,-5.828535519088291
Finland,2035,1,-6.817194393507634
Finland,2035,2,-5.780606847804847
Finland,2035,3,-1.1503515203030474
Finland,2035,4,4.903158636884655
Finland,2035,5,10.633023751838664
Finland,2035,6,14.738358022769717
Finland,2035,7,16.38679070795206
Finland,2035,8,15.236967115551124
Finland,2035,9,11.461049593585813
Finland,2035,10,5.7672185197270665
Finland,2035,11,-0.5778267086452615
Finland,2035,12,-5.726366684716595
France,2025,1,8.483731965120569
France,2025,2,8.607372668165226
France,2025,3,10.711038796224784
France,2025,4,13.712405365638006
France,2025,5,16.707375327304362
France,2025,6,18.992580556599023
France,2025,7,20.08788284327693
France,2025,8,19.758874881365955
France,2025,9,18.03938125908553
France,2025,10,15.253959448674323
France,2025,11,12.040400796374342
France,2025,12,9.37223151228045
France,2026,1,8.542701788185695
France,2026,2,8.671125347028465
France,2026,3,10.777803258618405
France,2026,4,13.780898546990102
France,2026,5,16.77673263376073
France,2026,6,19.062286328085065
France,2026,7,20.157700816464967
France,2026,8,19.828778652744404
France,2026,9,18.109484747908027
France,2026,10,15.324447360072554
France,2026,11,12.111459084281705
France,2026,12,9.443977842508502
France,2027,1,8.602704026118772
France,2027,2,8.736112410414535
France,2027,3,10.845967934988039
France,2027,4,13.850924149043749
France,2027,5,16.847723462376052
France,2027,6,19.13369813531699
France,2027,7,20.229271268600314
France,2027,8,19.900457793276473
France,2027,9,18.18136546059486
France,2027,10,15.396695831918805
France,2027,11,12.184245268593259
France,2027,12,9.517405921928912
France,2028,1,8.66375643102674
France,2028,2,8.802352308187437
France,2028,3,10.91555191927273
France,2028,4,13.922501856116469
France,2028,5,16.920368034087915
France,2028,6,19.2068366821959
France,2028,7,20.30261533277462
France,2028,8,19.97393381159509
France,2028,9,18.25504522756546
France,2028,10,15.47072696277337
France,2028,11,12.258781662313595
France,2028,12,9.592538224166674
France,2029,1,8.725876802328457
France,2029,2,8.869863538334357
France,2029,3,10.986574354345976
France,2029,4,13.995651402216936
France,2029,5,16.994686620387256
France,2029,6,19.281722723914754
France,2029,7,20.37775419427726
France,2029,8,20.049228269313062
France,2029,9,18.33054593308134
France,2029,10,15.546562905817154
France,2029,11,12.335090633762775
France,2029,12,9.669397279111763
France,2030,1,8.789082986772883
France,2030,2,8.938664647002042
France,2030,3,11.059054432026642
France,2030,4,14.07039257114684
France,2030,5,17.07069954333292
France,2030,6,19.358377067129368
France,2030,7,20.454709090562574
France,2030,8,20.126362781026728
France,2030,9,18.40788951516606
France,2030,10,15.624225868771646
France,2030,11,12.413194606736397
France,2030,12,9.748005672860927
France,2031,1,8.853392878519116
France,2031,2,9.008774228547736
France,2031,3,11.133011393151719
France,2031,4,14.146745196522716
France,2031,5,17.148427175602592
France,2031,6,19.436820569882002
France,2031,7,20.533501311355394
France,2031,8,20.205359014406895
France,2031,9,18.487097965714383
France,2031,10,15.703738114084445
France,2031,11,12.493116060480133
France,2031,12,9.82838604776498
France,2032,1,8.918824419143675
France,2032,2,9.08021092556828
France,2032,3,11.208464527605429
France,2032,4,14.224729161837786
France,2032,5,17.227889940569185
France,2032,6,19.517074141695957
France,2032,7,20.61415219862556
France,2032,8,20.28623869020248
France,2032,9,18.568193330517715
France,2032,10,15.785121958914715
France,2032,11,12.574877529787955
France,2032,12,9.910561102534302
France,2033,1,8.985395597738716
France,2033,2,9.152993428936497
France,2033,3,11.285433174381069
France,2033,4,14.304364400454688
France,2033,5,17.3091083122863
France,2033,6,19.599158743626504
France,2033,7,20.696683146737087
France,2033,8,20.36902358230236
France,2033,9,18.65119770936235
France,2033,10,15.86839977512227
France,2033,11,12.658501604969388
France,2033,12,9.99455359222793
France,2034,1,9.053124450893847
France,2034,2,9.22714047786667
France,2034,3,11.36393672160284
France,2034,4,14.385670895721887
France,2034,5,17.39210281560463
France,2034,6,19.68309538829726
France,2034,7,20.781115602339014
France,2034,8,20.45373551776811
France,2034,9,18.736133255938512
France,2034,10,15.953593989434921
France,2034,11,12.744010931980483
France,2034,12,10.080386328322675
France,2035,1,9.122029062768888
France,2035,2,9.30267085997275
France,2035,3,11.443994606605884
France,2035,4,14.46866868097004
France,2035,5,17.476894026161062
France,2035,6,19.768905139936578
France,2035,7,20.86747106457642
France,2035,8,20.540396376906756
France,2035,9,18.823022178047722
France,2035,10,16.0407270833648
France,2035,11,12.83142821241654
France,2035,12,10.168082178782242
French Polynesia,2025,1,23.61448368004585
French Polynesia,2025,2,25.30301923733805
French Polynesia,2025,3,26.345120586168377
French Polynesia,2025,4,26.998534119525175
French Polynesia,2025,5,27.414555179338095
French Polynesia,2025,6,27.660529046334887
French Polynesia,2025,7,27.742351929996403
French Polynesia,2025,8,27.62697195835881
French Polynesia,2025,9,27.264890168012244
French Polynesia,2025,10,26.612661493990345
French Polynesia,2025,11,25.655395759543353
French Polynesia,2025,12,24.429258666205897
French Polynesia,2026,1,23.646119903362887
French Polynesia,2026,2,25.342169231936168
French Polynesia,2026,3,26.390007892133326
French Polynesia,2026,4,27.047715951391183
French Polynesia,2026,5,27.466852889066104
French Polynesia,2026,6,27.714958586363537
French Polynesia,2026,7,27.798054316253
French Polynesia,2026,8,27.683143733292127
French Polynesia,2026,9,27.320713863585297
French Polynesia,2026,10,26.667236094684085
French Polynesia,2026,11,25.707667165407656
French Polynesia,2026,12,24.477950155877807
French Polynesia,2027,1,23.678569149506984
French Polynesia,2027,2,25.382297201745132
French Polynesia,2027,3,26.436005675533124
French Polynesia,2027,4,27.098110830197584
French Polynesia,2027,5,27.52043879996654
French Polynesia,2027,6,27.7707265839681
French Polynesia,2027,7,27.85512303607993
French Polynesia,2027,8,27.74068985480426
French Polynesia,2027,9,27.37790257323013
French Polynesia,2027,10,26.723151548868373
French Polynesia,2027,11,25.761242953573856
French Polynesia,2027,12,24.527899763471396
French Polynesia,2028,1,23.711849233758585
French Polynesia,2028,2,25.42342159125201
French Polynesia,2028,3,26.48313295634307
French Polynesia,2028,4,27.14973829768587
French Polynesia,2028,5,27.575332921825066
French Polynesia,2028,6,27.82785346325636
French Polynesia,2028,7,27.913578874210543
French Polynesia,2028,8,27.79963141458302
French Polynesia,2028,9,27.43647764186335
French Polynesia,2028,10,26.780429400984758
French Polynesia,2028,11,25.81614481426459
French Polynesia,2028,12,24.57912927126472
French Polynesia,2029,1,23.745978019346694
French Polynesia,2029,2,25.465560893652764
French Polynesia,2029,3,26.531408804047715
French Polynesia,2029,4,27.202617945896236
French Polynesia,2029,5,27.63155531557004
French Polynesia,2029,6,27.886359700304638
French Polynesia,2029,7,27.97344266815071
French Polynesia,2029,8,27.859989557863628
French Polynesia,2029,9,27.49646046874932
French Polynesia,2029,10,26.839091250633828
French Polynesia,2029,11,25.872394493701904
French Polynesia,2029,12,24.631660518401077
French Polynesia,2030,1,23.78097341745979
French Polynesia,2030,2,25.508733650935937
French Polynesia,2030,3,26.580852337688157
French Polynesia,2030,4,27.256769417283977
French Polynesia,2030,5,27.689126093276172
French Polynesia,2030,6,27.94626582316141
French Polynesia,2030,7,28.034735308237032
French Polynesia,2030,8,27.92178548351967
French Polynesia,2030,9,27.557872507627508
French Polynesia,2030,10,26.8991587526516
French Polynesia,2030,11,25.93001379412908
French Polynesia,2030,12,24.68551540086355
French Polynesia,2031,1,23.816853387300398
French Polynesia,2031,2,25.55295845391538
French Polynesia,2031,3,26.63148272597482
French Polynesia,2031,4,27.312212404701313
French Polynesia,2031,5,27.748065418310034
French Polynesia,2031,6,28.007592411963742
French Polynesia,2031,7,28.097477737662302
French Polynesia,2031,8,27.985040444103106
French Polynesia,2031,9,27.620735266650627
French Polynesia,2031,10,26.96065361716046
French Polynesia,2031,11,25.989024573919778
French Polynesia,2031,12,24.740715871507746
French Polynesia,2032,1,23.85363593609236
French Polynesia,2032,2,25.598253942212068
French Polynesia,2032,3,26.683319187261986
French Polynesia,2032,4,27.36896665153199
French Polynesia,2032,5,27.80839350533006
French Polynesia,2032,6,28.070360098944548
French Polynesia,2032,7,28.1616909524937
French Polynesia,2032,8,28.049775745858824
French Polynesia,2032,9,27.685070308537433
French Polynesia,2032,10,27.023597609598255
French Polynesia,2032,11,26.04944874751618
French Polynesia,2032,12,24.797283940141824
French Polynesia,2033,1,23.891339119197255
French Polynesia,2033,2,25.644638804392343
French Polynesia,2033,3,26.736380989609643
French Polynesia,2033,4,27.42705195160397
French Polynesia,2033,5,27.870130620253803
French Polynesia,2033,6,28.13458956839986
French Polynesia,2033,7,28.22739600174191
French Polynesia,2033,8,28.116012748739195
French Polynesia,2033,9,27.750899250510884
French Polynesia,2033,10,27.088012550751046
French Polynesia,2033,11,26.111308285603627
French Polynesia,2033,12,24.85524167355561
French Polynesia,2034,1,23.929981040067105
French Polynesia,2034,2,25.69213177796064
French Polynesia,2034,3,26.790687450812584
French Polynesia,2034,4,27.48648814936041
French Polynesia,2034,5,27.93329708044348
French Polynesia,2034,6,28.20030155689983
French Polynesia,2034,7,28.29461398743024
French Polynesia,2034,8,28.183772866556865
French Polynesia,2034,9,27.818243764454564
French Polynesia,2034,10,27.153920316873155
French Polynesia,2034,11,26.17462521503785
French Polynesia,2034,12,24.914611195567886
French Polynesia,2035,1,23.969579850397167
French Polynesia,2035,2,25.740751649446793
French Polynesia,2035,3,26.84625793853138
French Polynesia,2035,4,27.547295139856033
French Polynesia,2035,5,27.997913254633204
French Polynesia,2035,6,28.267516853168672
French Polynesia,2035,7,28.363366064616457
French Polynesia,2035,8,28.25307756695929
French Polynesia,2035,9,27.8871255768654
French Polynesia,2035,10,27.221342839607132
French Polynesia,2035,11,26.23942161897594
French Polynesia,2035,12,24.97541468709187
Gabon,2025,1,22.67445448118906
Gabon,2025,2,23.963341428921012
Gabon,2025,3,24.908243018145185
Gabon,2025,4,25.638597925518297
Gabon,2025,5,26.20394279060656
Gabon,2025,6,26.596413205815225
Gabon,2025,7,26.773244706303558
Gabon,2025,8,26.67927375981617
Gabon,2025,9,26.2694387566562
Gabon,2025,10,25.53128099954938
Gabon,2025,11,24.507445693519003
Gabon,2025,12,23.318182935815457
Gabon,2026,1,22.70849259345505
Gabon,2026,2,24.004508797866038
Gabon,2026,3,24.95478847740469
Gabon,2026,4,25.689118376195438
Gabon,2026,5,26.25731366429045
Gabon,2026,6,26.65171892761373
Gabon,2026,7,26.82970915783244
Gabon,2026,8,26.736190742260987
Gabon,2026,9,26.326102453776002
Gabon,2026,10,25.586916440665846
Gabon,2026,11,24.561139216538322
Gabon,2026,12,23.368812650297514
Gabon,2027,1,22.74337485298838
Gabon,2027,2,24.046688394436387
Gabon,2027,3,25.002481450353116
Gabon,2027,4,25.740891349761114
Gabon,2027,5,26.31201431066529
Gabon,2027,6,26.70840642991334
Gabon,2027,7,26.887584673194397
Gabon,2027,8,26.794527864757583
Gabon,2027,9,26.384177677490698
Gabon,2027,10,25.643939622711514
Gabon,2027,11,24.616184040090047
Gabon,2027,12,23.420747087592645
Gabon,2028,1,22.779119082752914
Gabon,2028,2,24.08989867715809
Gabon,2028,3,25.051340977367545
Gabon,2028,4,25.793936414768723
Gabon,2028,5,26.36806477272785
Gabon,2028,6,26.76649617649764
Gabon,2028,7,26.946892083135936
Gabon,2028,8,26.854306271366113
Gabon,2028,9,26.443685831506627
Gabon,2028,10,25.702372155324156
Gabon,2028,11,24.672601926017705
Gabon,2028,12,23.47400810801355
Gabon,2029,1,22.81574315351918
Gabon,2029,2,24.1341581532115
Gabon,2029,3,25.1013861483234
Gabon,2029,4,25.848273190044893
Gabon,2029,5,26.425485144563027
Gabon,2029,6,26.826008682973224
Gabon,2029,7,27.00765227114698
Gabon,2029,8,26.915547159705056
Gabon,2029,9,26.50464837385607
Gabon,2029,10,25.762235703278748
Gabon,2029,11,24.730414692080558
Gabon,2029,12,23.528617628632674
Gabon,2030,1,22.8532649840281
Gabon,2030,2,24.179485378496793
Gabon,2030,3,25.152636102594442
Gabon,2030,4,25.90392134476224
Gabon,2030,5,26.484295571402072
Gabon,2030,6,26.886964516907938
Gabon,2030,7,27.069886173453597
Gabon,2030,8,26.97827178096213
Gabon,2030,9,26.56708681695909
Gabon,2030,10,25.82355198649475
Gabon,2030,11,24.789644212033636
Gabon,2030,12,23.58459762333314
Gabon,2031,1,22.891702540932783
Gabon,2031,2,24.225898957684876
Gabon,2031,3,25.205110029151
Gabon,2031,4,25.960900598428452
Gabon,2031,5,26.54451624965168
Gabon,2031,6,26.94938429789636
Gabon,2031,7,27.133614779101663
Gabon,2031,8,27.042501439908847
Gabon,2031,9,26.63102272765991
Gabon,2031,10,25.886342780141604
Gabon,2031,11,24.850312415653207
Gabon,2031,12,23.641970122808743
Gabon,2032,1,22.931073838885823
Gabon,2032,2,24.273417544221047
Gabon,2032,3,25.258827166527226
Gabon,2032,4,26.019230720999076
Gabon,2032,5,26.606167426934007
Gabon,2032,6,27.01328869754525
Gabon,2032,7,27.198859129949597
Gabon,2032,8,27.10825749499145
Gabon,2032,9,26.696477727205092
Gabon,2032,10,25.950629914649653
Gabon,2032,11,24.912441288834998
Gabon,2032,12,23.700757214644
Gabon,2033,1,22.97139694057205
Gabon,2033,2,24.322059840412294
Gabon,2033,3,25.313806802937506
Gabon,2033,4,26.078931532895695
Gabon,2033,5,26.66926940214853
Gabon,2033,6,27.078698439524487
Gabon,2033,7,27.26564032074839
Gabon,2033,8,27.17556135832001
Gabon,2033,9,26.76347349138905
Gabon,2033,10,26.01643527572105
Gabon,2033,11,24.976052873506887
Gabon,2033,12,23.760981043343236
Gabon,2034,1,23.01268995675582
Gabon,2034,2,24.371844597474592
Gabon,2034,3,25.370068276298298
Gabon,2034,4,26.140022905020487
Gabon,2034,5,26.73384252552296
Gabon,2034,6,27.145634299654375
Gabon,2034,7,27.33397949920709
Gabon,2034,8,27.244434495752103
Gabon,2034,9,26.832031750546776
Gabon,2034,10,26.083780804471644
Gabon,2034,11,25.041169267839905
Gabon,2034,12,23.82266381039608
Gabon,2035,1,23.054971046375613
Gabon,2035,2,24.422790615511076
Gabon,2035,3,25.42763097427178
Gabon,2035,4,26.202524758865366
Gabon,2035,5,26.799907198609617
Gabon,2035,6,27.21411710589473
Gabon,2035,7,27.403897865974614
Gabon,2035,8,27.314898426947366
Gabon,2035,9,26.902174289619325
Gabon,2035,10,26.15268849739823
Gabon,2035,11,25.107812626193663
Gabon,2035,12,23.885827774324753
Gambia,2025,1,24.87448752308501
Gambia,2025,2,27.467337713683264
Gambia,2025,3,28.82974481722067
Gambia,2025,4,29.452701276445623
Gambia,2025,5,29.67284492498311
Gambia,2025,6,29.694959977126018
Gambia,2025,7,29.6144780178156
Gambia,2025,8,29.439978992483702
Gambia,2025,9,29.115692196985947
Gambia,2025,10,28.543997267451232
Gambia,2025,11,27.607925170265844
Gambia,2025,12,26.193659191875668
Gambia,2026,1,24.902362094148884
Gambia,2026,2,27.503475321897895
Gambia,2026,3,28.872310462452333
Gambia,2026,4,29.500167663035427
Gambia,2026,5,29.72392292465247
Gambia,2026,6,29.748529092118588
Gambia,2026,7,29.669516843813653
Gambia,2026,8,29.49549568171369
Gambia,2026,9,29.17065492116035
Gambia,2026,10,28.59726468086683
Gambia,2026,11,27.65817687272738
Gambia,2026,12,26.23932619180505
Gambia,2027,1,24.930987987875596
Gambia,2027,2,27.540523730044697
Gambia,2027,3,28.91591455564503
Gambia,2027,4,29.548770833754133
Gambia,2027,5,29.77620925031897
Gambia,2027,6,29.80335379801636
Gambia,2027,7,29.7258367662007
Gambia,2027,8,29.552299730731647
Gambia,2027,9,29.226894543969138
Gambia,2027,10,28.651784324582877
Gambia,2027,11,27.709644447474602
Gambia,2027,12,26.286163533718536
Gambia,2028,1,24.960382998776367
Gambia,2028,2,27.57850135022909
Gambia,2028,3,28.960576072798176
Gambia,2028,4,29.59853027488225
Gambia,2028,5,29.8297238447567
Gambia,2028,6,29.859454440434092
Gambia,2028,7,29.783458479633737
Gambia,2028,8,29.610412129627548
Gambia,2028,9,29.284432297155035
Gambia,2028,10,28.70757761832374
Gambia,2028,11,27.762349448480563
Gambia,2028,12,26.334192852134038
Gambia,2029,1,24.99056496934736
Gambia,2029,2,27.617426643403633
Gambia,2029,3,29.00631403962052
Gambia,2029,4,29.649465523129948
Gambia,2029,5,29.884486701987953
Gambia,2029,6,29.916851416998725
Gambia,2029,7,29.842402731680522
Gambia,2029,8,29.669853922126094
Gambia,2029,9,29.34328946694677
Gambia,2029,10,28.764666037092866
Gambia,2029,11,27.816313485812316
Gambia,2029,12,26.383435838511105
Gambia,2030,1,25.021551790146077
Gambia,2030,2,27.65731811940077
Gambia,2030,3,29.053147531468312
Gambia,2030,4,29.701596165687988
Gambia,2030,5,29.940517867330527
Gambia,2030,6,29.97556517744033
Gambia,2030,7,29.902690322754097
Gambia,2030,8,29.730646205681296
Gambia,2030,9,29.403487394088188
Gambia,2030,10,28.82307111123464
Gambia,2030,11,27.871558225681838
Gambia,2030,12,26.43391424121819
Gambia,2031,1,25.053361399867754
Gambia,2031,2,27.698194336940105
Gambia,2031,3,29.10109567343261
Gambia,2031,4,29.75494184031868
Gambia,2031,5,29.997837437477756
Gambia,2031,6,30.035616223668512
Gambia,2031,7,29.964342106323784
Gambia,2031,8,29.792810131545593
Gambia,2031,9,29.465047473911
Gambia,2031,10,28.882814426463483
Gambia,2031,11,27.92810539052607
Gambia,2031,12,26.485649865670894
Gambia,2032,1,25.08601178533081
Gambia,2032,2,27.740073903730263
Gambia,2032,3,29.150177640364745
Gambia,2032,4,29.809522235261284
Gambia,2032,5,30.056465560451215
Gambia,2032,6,30.09702510973966
Gambia,2032,7,30.027378988744204
Gambia,2032,8,29.85636690469346
Gambia,2032,9,29.52799115633843
Gambia,2032,10,28.94391762390751
Gambia,2032,11,27.98597675896326
Gambia,2032,12,26.53866457424101
Gambia,2033,1,25.119520981567803
Gambia,2033,2,27.78297547647253
Gambia,2033,3,29.20041265693453
Gambia,2033,4,29.865357089497593
Gambia,2033,5,30.116422435728055
Gambia,2033,6,30.159812442006114
Gambia,2033,7,30.09182192949538
Gambia,2033,8,29.921337784025127
Gambia,2033,9,29.59233994598344
Gambia,2033,10,29.006402400217667
Gambia,2033,11,28.04519416590938
Gambia,2033,12,26.592980286489365
Gambia,2034,1,25.153907071858157
Gambia,2034,2,27.826917760926335
Gambia,2034,3,29.251819997677558
Gambia,2034,4,29.922466192624597
Gambia,2034,5,30.177728314288288
Gambia,2034,6,30.22399887906522
Gambia,2034,7,30.157691941135454
Gambia,2034,8,29.987744082359313
Gambia,2034,9,29.65811540217055
Gambia,2034,10,29.07029050748406
Gambia,2034,11,28.105779502592668
Gambia,2034,12,26.648618979034836
Gambia,2035,1,25.18918818775728
Gambia,2035,2,27.871919511941996
Gambia,2035,3,29.304418987013378
Gambia,2035,4,29.980869384923608
Gambia,2035,5,30.24040349859297
Gambia,2035,6,30.289605131853932
Gambia,2035,7,30.225010089337047
Gambia,2035,8,30.055607166382288
Gambia,2035,9,29.72533913893949
Gambia,2035,10,29.135603753432406
Gambia,2035,11,28.167754716648233
Gambia,2035,12,26.705602685718077
Georgia,2025,1,0.45207389034203516
Georgia,2025,2,0.9780626552646936
Georgia,2025,3,4.332328734447401
Georgia,2025,4,8.878246043846048
Georgia,2025,5,13.280347369466654
Georgia,2025,6,16.526825357218513
Georgia,2025,7,17.952033502818267
Georgia,2025,8,17.258987141683065
Georgia,2025,9,14.541864438889206
Georgia,2025,10,10.30850737896344
Georgia,2025,11,5.5029227558597995
Georgia,2025,12,1.5277831628309286
Georgia,2026,1,0.5178972945441274
Georgia,2026,2,1.048633680094099
Georgia,2026,3,4.405697368806614
Georgia,2026,4,8.953016929012847
Georgia,2026,5,13.355610262105074
Georgia,2026,6,16.60208559239709
Georgia,2026,7,18.02714245705738
Georgia,2026,8,17.334072695955
Georgia,2026,9,14.617261441618211
Georgia,2026,10,10.384688109080344
Georgia,2026,11,5.580427385794792
Georgia,2026,12,1.6071502215318105
Georgia,2027,1,0.5847697345971028
Georgia,2027,2,1.1204740661896722
Georgia,2027,3,4.4805179562144986
Georgia,2027,4,9.029387142844826
Georgia,2027,5,13.432587160307776
Georgia,2027,6,16.679144328773873
Georgia,2027,7,18.104106744286582
Georgia,2027,8,17.411045268597263
Georgia,2027,9,14.694554519149278
Georgia,2027,10,10.462753858912947
Georgia,2027,11,5.65978838628962
Georgia,2027,12,1.6883299250303025
Georgia,2028,1,0.6527088364100564
Georgia,2028,2,1.193602166794335
Georgia,2028,3,4.556809523602169
Georgia,2028,4,9.107376332264721
Georgia,2028,5,13.511298277274363
Georgia,2028,6,16.758022292088754
Georgia,2028,7,18.182947549074925
Georgia,2028,8,17.489926449355153
Georgia,2028,9,14.773765612671014
Georgia,2028,10,10.54272686738932
Georgia,2028,11,5.741028240300693
Georgia,2028,12,1.7713449465600206
Georgia,2029,1,0.7217322728583895
Georgia,2029,2,1.2680363830268107
Georgia,2029,3,4.634591146587809
Georgia,2029,4,9.187004193653593
Georgia,2029,5,13.591763876448567
Georgia,2029,6,16.838740259187944
Georgia,2029,7,18.263686107959984
Georgia,2029,8,17.570737880670094
Georgia,2029,9,14.854916716883054
Georgia,2029,10,10.624629427734362
Georgia,2029,11,5.824169485888888
Georgia,2029,12,1.8562180153139707
Georgia,2030,1,0.7918577639438809
Georgia,2030,2,1.343795163888899
Georgia,2030,3,4.713881949458482
Georgia,2030,4,9.26829047290903
Georgia,2030,5,13.674004271634658
Georgia,2030,6,16.921319058020345
Georgia,2030,7,18.346343709346
Georgia,2030,8,17.653501257748758
Georgia,2030,9,14.938029879999704
Georgia,2030,10,10.708483887546208
Georgia,2030,11,5.9092347162595615
Georgia,2030,12,1.9429719164481867
Georgia,2031,1,0.863103076761945
Georgia,2031,2,1.420897006301857
Georgia,2031,3,4.794701105264721
Georgia,2031,4,9.351254965485168
Georgia,2031,5,13.758039826968343
Georgia,2031,6,17.00577956770303
Georgia,2031,7,18.430941693638488
Georgia,2031,8,17.738238328548505
Georgia,2031,9,15.023127203895456
Georgia,2031,10,10.794312648796222
Georgia,2031,11,5.996246579857143
Georgia,2031,12,2.0316294911217483
Georgia,2032,1,0.9354860256398752
Georgia,2032,2,1.4993604551973476
Georgia,2032,3,4.877067835835078
Georgia,2032,4,9.435917516421796
Georgia,2032,5,13.84389095698225
Georgia,2032,6,17.092142718590367
Georgia,2032,7,18.517501453262412
Georgia,2032,8,17.824970893871978
Georgia,2032,9,15.110230843999489
Georgia,2032,10,10.882138167919948
Georgia,2032,11,6.085227780376044
Georgia,2032,12,2.1222136365731785
Georgia,2033,1,1.00902447207136
Georgia,2033,2,1.5792041035174407
Georgia,2033,3,4.9610014118452455
Georgia,2033,4,9.522298020398921
Georgia,2033,5,13.931578126678687
Georgia,2033,6,17.18042949226674
Georgia,2033,7,18.60604443270222
Georgia,2033,8,17.913720807396203
Georgia,2033,9,15.199363009499393
Georgia,2033,10,10.97198295583894
Georgia,2033,11,6.17620107678249
Georgia,2033,12,2.2147473061349956
Georgia,2034,1,1.0837363248438123
Georgia,2034,2,1.6604465922837335
Georgia,2034,3,5.046521152854439
Georgia,2034,4,9.610416421798618
Georgia,2034,5,14.021121851558746
Georgia,2034,6,17.27066092165569
Georgia,2034,7,18.696592128570956
Georgia,2034,8,18.00450997572716
Georgia,2034,9,15.290545963253862
Georgia,2034,10,11.063869578022604
Georgia,2034,11,6.269189283409105
Georgia,2034,12,2.3092535093137485
Georgia,2035,1,1.15963954002018
Georgia,2035,2,1.7431066106119033
Georgia,2035,3,5.133646427312669
Georgia,2035,4,9.700292714723219
Georgia,2035,5,14.11254269764413
Georgia,2035,6,17.362858090968984
Georgia,2035,7,18.789166089617538
Georgia,2035,8,18.097360358414335
Georgia,2035,9,15.383802021938209
Georgia,2035,10,11.157820654499119
Georgia,2035,11,6.364215269987653
Georgia,2035,12,2.405755311775465
Germany,2025,1,2.31074092334984
Germany,2025,2,2.725946635987384
Germany,2025,3,5.782378779517785
Germany,2025,4,9.969645416485037
Germany,2025,5,14.050228939654517
Germany,2025,6,17.08198706191706
Germany,2025,7,18.4406538061603
Germany,2025,8,17.842340495234566
Germany,2025,9,15.36603674178059
Germany,2025,10,11.476111438151747
Germany,2025,11,7.044813746303589
Germany,2025,12,3.374774087734295
Germany,2026,1,2.375491990246701
Germany,2026,2,2.7953819527801897
Germany,2026,3,5.854599190356566
Germany,2026,4,10.043291083989061
Germany,2026,5,14.12440980790143
Germany,2026,6,17.156213319472045
Germany,2026,7,18.514766349116144
Germany,2026,8,17.916441390204454
Germany,2026,9,15.440419688912698
Germany,2026,10,11.551192234158407
Germany,2026,11,7.121060747494084
Germany,2026,12,3.452638672993089
Germany,2027,1,2.4412924499456494
Germany,2027,2,2.866082637706313
Germany,2027,3,5.928263577706275
Germany,2027,4,10.118524486829301
Germany,2027,5,14.200289838217032
Germany,2027,6,17.232220351176693
Germany,2027,7,18.590713981085173
Germany,2027,8,17.992406909271267
Germany,2027,9,15.51667453288701
Germany,2027,10,11.628132454884508
Germany,2027,11,7.199137473832707
Germany,2027,12,3.532288573836013
Germany,2028,1,2.508159962625541
Germany,2028,2,2.9380670715445376
Germany,2028,3,6.003390989201762
Germany,2028,4,10.195365285807384
Germany,2028,5,14.277889250854969
Germany,2028,6,17.310028883040104
Germany,2028,7,18.66851788009899
Germany,2028,8,18.070258628803458
Germany,2028,9,15.594823194726814
Germany,2028,10,11.706954312246125
Germany,2028,11,7.279066374424474
Germany,2028,12,3.6137464228422687
Germany,2029,1,2.5761122355988846
Germany,2029,2,3.0113536830003795
Germany,2029,3,6.080000521219517
Germany,2029,4,10.273833191263293
Germany,2029,5,14.357228316422152
Germany,2029,6,17.38965969219589
Germany,2029,7,18.748199276183186
Germany,2029,8,18.150018177952916
Germany,2029,9,15.674887648984623
Germany,2029,10,11.787680072539843
Germany,2029,11,7.360869953588008
Germany,2029,12,3.697034908626847
Germany,2030,1,2.645167023304566
Germany,2030,2,3.085960948676984
Germany,2030,3,6.158111318866759
Germany,2030,4,10.353947963089922
Germany,2030,5,14.438327355878755
Germany,2030,6,17.47113360698222
Germany,2030,7,18.82977945127368
Germany,2030,8,18.231707238618583
Germany,2030,9,15.756889923818562
Germany,2030,10,11.870332056446387
Germany,2030,11,7.444570770819155
Germany,2030,12,3.782176775840526
Germany,2031,1,2.715342127391523
Germany,2031,2,3.1619073932351967
Germany,2031,3,6.23774257608693
Germany,2031,4,10.43572941081311
Germany,2031,5,14.521206740629168
Germany,2031,6,17.554471506963637
Germany,2031,7,18.913279739427708
Germany,2031,8,18.315347545613804
Germany,2031,9,15.840852101065138
Germany,2031,10,11.95493263915796
Germany,2031,11,7.530191440947419
Germany,2031,12,3.8691948251807844
Germany,2032,1,2.786655396696915
Germany,2032,2,3.2392115893426308
Germany,2032,3,6.3189135356524275
Germany,2032,4,10.519197393595277
Germany,2032,5,14.605886892507442
Germany,2032,6,17.639694322978357
Germany,2032,7,18.998721526754707
Germany,2032,8,18.400960886600842
Germany,2032,9,15.926796316253785
Germany,2032,10,12.041504250301841
Germany,2032,11,7.6177546340559275
Germany,2032,12,3.958111913504581
Germany,2033,1,2.859124727398921
Germany,2033,2,3.317892157768256
Germany,2033,3,6.40164348923372
Germany,2033,4,10.604371820319102
Germany,2033,5,14.692388283911896
Germany,2033,6,17.72682303718193
Germany,2033,7,19.08612625146725
Germany,2033,8,18.488569102163638
Germany,2033,9,16.01474475863961
Germany,2033,10,12.130069374125924
Germany,2033,11,7.707283075630585
Germany,2033,12,4.048950953795611
Germany,2034,1,2.932768062962168
Germany,2034,2,3.397967767393311
Germany,2034,3,6.485951777450282
Germany,2034,4,10.691272649612984
Germany,2034,5,14.78073143776146
Germany,2034,6,17.8158786831018
Germany,2034,7,19.175515403975623
Germany,2034,8,18.578194085891482
Germany,2034,9,16.104719671272505
Germany,2034,10,12.220650549447782
Germany,2034,11,7.798799546512782
Germany,2034,12,4.141734915277084
Germany,2035,1,3.0076033942068534
Germany,2035,2,3.4794571353277206
Germany,2035,3,6.571857789910609
Germany,2035,4,10.779919889887424
Germany,2035,5,14.87093692757935
Germany,2035,6,17.906882345651866
Germany,2035,7,19.26691052694241
Germany,2035,8,18.669857784422675
Germany,2035,9,16.196743351069927
Germany,2035,10,12.313270369723796
Germany,2035,11,7.892326883063106
Germany,2035,12,4.236486823440828
Ghana,2025,1,24.681189141793766
Ghana,2025,2,27.081177996454244
Ghana,2025,3,28.366779391581986
Ghana,2025,4,28.984052560740565
Ghana,2025,5,29.23389486265387
Ghana,2025,6,29.294542771033775
Ghana,2025,7,29.244072864611553
Ghana,2025,8,29.082902816903697
Ghana,2025,9,28.756292386145105
Ghana,2025,10,28.17684440525136
Ghana,2025,11,27.247005771602744
Ghana,2025,12,25.881568437075657
Ghana,2026,1,24.709717099810405
Ghana,2026,2,27.1178199091637
Ghana,2026,3,28.409712780111477
Ghana,2026,4,29.03176763429383
Ghana,2026,5,29.28512498154396
Ghana,2026,6,29.348194909737686
Ghana,2026,7,29.299158074730258
Ghana,2026,8,29.138466690184032
Ghana,2026,9,28.811345517581685
Ghana,2026,10,28.230292855995685
Ghana,2026,11,27.297581532057848
Ghana,2026,12,25.92775988986341
Ghana,2027,1,24.739008773468413
Ghana,2027,2,27.15538604863559
Ghana,2027,3,28.453698958100176
Ghana,2027,4,29.080634629060114
Ghana,2027,5,29.337579239877414
Ghana,2027,6,29.403119010040427
Ghana,2027,7,29.355541189958785
Ghana,2027,8,29.195335050943868
Ghana,2027,9,28.86769287505831
Ghana,2027,10,28.285010945063732
Ghana,2027,11,27.349390534248414
Ghana,2027,12,25.975138896385943
Ghana,2028,1,24.769081961979282
Ghana,2028,2,27.193894833894774
Ghana,2028,3,28.49875691071884
Ghana,2028,4,29.130673042634044
Ghana,2028,5,29.39127759400162
Ghana,2028,6,29.45933543328738
Ghana,2028,7,29.413242922969403
Ghana,2028,8,29.25352890942031
Ghana,2028,9,28.92535571274948
Ghana,2028,10,28.341020116794425
Ghana,2028,11,27.402454359006697
Ghana,2028,12,26.023727120214062
Ghana,2029,1,24.79995451252853
Ghana,2029,2,27.23336473278414
Ghana,2029,3,28.54490567277844
Ghana,2029,4,29.181902423050815
Ghana,2029,5,29.44624005145397
Ghana,2029,6,29.51686459287248
Ghana,2029,7,29.47228403929057
Ghana,2029,8,29.313069329528844
Ghana,2029,9,28.9843553392393
Ghana,2029,10,28.39834187082397
Ghana,2029,11,27.4567946431971
Ghana,2029,12,26.073546281849303
Ghana,2030,1,24.831644320315718
Ghana,2030,2,27.273814262022825
Ghana,2030,3,28.592164328693798
Ghana,2030,4,29.23434236882622
Ghana,2030,5,29.502486671081897
Ghana,2030,6,29.57572695428553
Ghana,2030,7,29.532685357285118
Ghana,2030,8,29.37397742889243
Ghana,2030,9,29.044713117699757
Ghana,2030,10,28.456997762056744
Ghana,2030,11,27.512433079890798
Ghana,2030,12,26.124618158680278
Ghana,2031,1,24.86416932868906
Ghana,2031,2,27.315261987166195
Ghana,2031,3,28.64055201267638
Ghana,2031,4,29.28801252896028
Ghana,2031,5,29.560037563050173
Ghana,2031,6,29.63594303510854
Ghana,2031,7,29.594467748346688
Ghana,2031,8,29.436274378907
Ghana,2031,9,29.106450465814305
Ghana,2031,10,28.51700940079263
Ghana,2031,11,27.569391418249324
Ghana,2031,12,26.176964585120913
Ghana,2032,1,24.89754752909812
Ghana,2032,2,27.357726522747726
Ghana,2032,3,28.690087908570604
Ghana,2032,4,29.34293260303184
Ghana,2032,5,29.61891288890274
Ghana,2032,6,29.69753340513944
Ghana,2032,7,29.65765213674331
Ghana,2032,8,29.49998140468324
Ghana,2032,9,29.16958885582153
Ghana,2032,10,28.578398452745205
Ghana,2032,11,27.62769146370647
Ghana,2032,12,26.23060745254861
Ghana,2033,1,24.93179696115203
Ghana,2033,2,27.401226532333567
Ghana,2033,3,28.740791250126676
Ghana,2033,4,29.399122341213115
Ghana,2033,5,29.679132861573635
Ghana,2033,6,29.760518686370233
Ghana,2033,7,29.722259499853863
Ghana,2033,8,29.56511978524304
Ghana,2033,9,29.23414981467522
Ghana,2033,10,28.64118663904901
Ghana,2033,11,27.68735507794281
Ghana,2033,12,26.28556870949342
Ghana,2034,1,24.966935712710438
Ghana,2034,2,27.445780728424324
Ghana,2034,3,28.79268132085872
Ghana,2034,4,29.456601544327896
Ghana,2034,5,29.74071774546701
Ghana,2034,6,29.824919553067048
Ghana,2034,7,29.788310868077133
Ghana,2034,8,29.631710853435834
Ghana,2034,9,29.300154923986156
Ghana,2034,10,28.705395736365062
Ghana,2034,11,27.748404178896635
Ghana,2034,12,26.34187036149251
Ghana,2035,1,25.002981919898048
Ghana,2035,2,27.49140787266242
Ghana,2035,3,28.84577745419756
Ghana,2035,4,29.515390063906125
Ghana,2035,5,29.80368785644623
Ghana,2035,6,29.890756731788315
Ghana,2035,7,29.85582732497369
Ghana,2035,8,29.699775996073186
Ghana,2035,9,29.367625820105786
Ghana,2035,10,28.771047576866295
Ghana,2035,11,27.81086074088398
Ghana,2035,12,26.399534471323022
Greece,2025,1,10.994263442550618
Greece,2025,2,11.064534982754594
Greece,2025,3,12.817023480613898
Greece,2025,4,15.350468647256093
Greece,2025,5,17.902373581234315
Greece,2025,6,19.87150575848591
Greece,2025,7,20.840398022178306
Greece,2025,8,20.597849572609448
Greece,2025,9,19.16142695715189
Greece,2025,10,16.799965060087743
Greece,2025,11,14.056068092545502
Greece,2025,12,11.768610582422298
Greece,2026,1,11.049981083830971
Greece,2026,2,11.125209144281143
Greece,2026,3,12.880917350817072
Greece,2026,4,15.416312027290587
Greece,2026,5,17.969293348066458
Greece,2026,6,19.93895632784279
Greece,2026,7,20.908091811631493
Greece,2026,8,20.66568746456778
Greece,2026,9,19.229428761865165
Greece,2026,10,16.868199978708617
Greece,2026,11,14.124585180093163
Greece,2026,12,11.837369210822544
Greece,2027,1,11.106715800874554
Greece,2027,2,11.187096761715111
Greece,2027,3,12.946185428399076
Greece,2027,4,15.483657255009348
Greece,2027,5,18.03781200909816
Greece,2027,6,20.008074761660282
Greece,2027,7,20.977496876906116
Greece,2027,8,20.73525700229311
Greece,2027,9,19.29916205829886
Greece,2027,10,16.938148228437967
Greece,2027,11,14.194781949053322
Greece,2027,12,11.907760899311143
Greece,2028,1,11.164485373669777
Greece,2028,2,11.250216303281377
Greece,2028,3,13.012846816161073
Greece,2028,4,15.552524014035043
Greece,2028,5,18.10794977514979
Greece,2028,6,20.07888174412892
Greece,2028,7,21.0486343219427
Greece,2028,8,20.806579655724818
Greece,2028,9,19.370648628723757
Greece,2028,10,17.00983185015957
Greece,2028,11,14.266680645211636
Greece,2028,12,11.9798080447772
Greece,2029,1,11.223307629571536
Greece,2029,2,11.314586285400765
Greece,2029,3,13.080920665893245
Greece,2029,4,15.622932037848841
Greece,2029,5,18.179726907598706
Greece,2029,6,20.15139801093119
Greece,2029,7,21.121525302908594
Greece,2029,8,20.879676947854932
Greece,2029,9,19.443910309201783
Greece,2029,10,17.083272939370545
Greece,2029,11,14.340303569734715
Greece,2029,12,12.053533100447567
Greece,2030,1,11.283200443373971
Greece,2030,2,11.380225272770076
Greece,2030,3,13.150426178436646
Greece,2030,4,15.694901109724924
Greece,2030,5,18.253163718510223
Greece,2030,6,20.225644349128743
Greece,2030,7,21.196191028248904
Greece,2030,8,20.95457045477542
Greece,2030,9,19.518968989757013
Greece,2030,10,17.15849364629048
Greece,2030,11,14.415673079370208
Greece,2030,12,12.12895857584681
Greece,2031,1,11.34418173737231
Greece,2031,2,11.447151878340264
Greece,2031,3,13.221382603755956
Greece,2031,4,15.76845106291239
Greece,2031,5,18.32828057067036
Greece,2031,6,20.30164159739161
Greece,2031,7,21.272652758744698
Greece,2031,8,21.031281805710933
Greece,2031,9,19.595846614364746
Greece,2031,10,17.235516175905104
Greece,2031,11,14.492811586428616
Greece,2031,12,12.206107036884532
Greece,2032,1,11.406269481341042
Greece,2032,2,11.515384763414659
Greece,2032,3,13.29380924090674
Greece,2032,4,15.843601780544304
Greece,2032,5,18.40509787760766
Greece,2032,6,20.379410645892676
Greece,2032,7,21.350931807556663
Greece,2032,8,21.109832683033346
Greece,2032,9,19.674565180944228
Greece,2032,10,17.314362787966274
Greece,2032,11,14.57174155876146
Greece,2032,12,12.285001105851734
Greece,2033,1,11.469481692650334
Greece,2033,2,11.584942637652603
Greece,2033,3,13.367725438177331
Greece,2033,4,15.920373195786851
Greece,2033,5,18.483636103651406
Greece,2033,6,20.45897243644231
Greece,2033,7,21.431049540225104
Greece,2033,8,21.190244822370914
Greece,2033,9,19.755146741456883
Greece,2033,10,17.395055797090208
Greece,2033,11,14.652485519943184
Greece,2033,12,12.365663461519034
Greece,2034,1,11.53383643631696
Greece,2034,2,11.65584425916768
Greece,2034,3,13.443150593056089
Greece,2034,4,15.998785291835702
Greece,2034,5,18.563915763975274
Greece,2034,6,20.54034796250653
Greece,2034,7,21.513027374800913
Greece,2034,8,21.272540012651916
Greece,2034,9,19.837613401949966
Greece,2034,10,17.477617572768395
Greece,2034,11,14.735066049194756
Greece,2034,12,12.448116839151226
Greece,2035,1,11.599351824920632
Greece,2035,2,11.728108434491332
Greece,2035,3,13.520104152293243
Greece,2035,4,16.07885810193784
Greece,2035,5,18.645957424659173
Greece,2035,6,20.623558269207024
Greece,2035,7,21.596886781812827
Greece,2035,8,21.356740096020985
Greece,2035,9,19.921987322600216
Greece,2035,10,17.56207053943308
Greece,2035,11,14.819505781474618
Greece,2035,12,12.532384030547291
Greenland,2025,1,-26.34403781788842
Greenland,2025,2,-30.335836807195847
Greenland,2025,3,-26.61477423426095
Greenland,2025,4,-19.35705235066689
Greenland,2025,5,-11.82602243340716
Greenland,2025,6,-6.349683794977864
Greenland,2025,7,-4.298182793524575
Greenland,2025,8,-6.061311842865507
Greenland,2025,9,-11.026008422696577
Greenland,2025,10,-17.553854088592743
Greenland,2025,11,-22.95857348219124
Greenland,2025,12,-23.483533341240218
Greenland,2026,1,-26.331058937349553
Greenland,2026,2,-30.30335425074645
Greenland,2026,3,-26.567253966749377
Greenland,2026,4,-19.29807406731834
Greenland,2026,5,-11.75834909688183
Greenland,2026,6,-6.275331172287224
Greenland,2026,7,-4.218488993042229
Greenland,2026,8,-5.977006851305305
Greenland,2026,9,-10.937283642072543
Greenland,2026,10,-17.460431873248126
Greenland,2026,11,-22.85977667572206
Greenland,2026,12,-23.37835481352795
Greenland,2027,1,-26.317652344208
Greenland,2027,2,-30.270111058281145
Greenland,2027,3,-26.518685802132495
Greenland,2027,4,-19.237803770741266
Greenland,2027,5,-11.689180258427768
Greenland,2027,6,-6.1993176690184555
Greenland,2027,7,-4.137004525898192
Greenland,2027,8,-5.890814482157111
Greenland,2027,9,-10.846605330664715
Greenland,2027,10,-17.36501801414761
Greenland,2027,11,-22.758975635372735
Greenland,2027,12,-23.271182467170547
Greenland,2028,1,-26.303801928027497
Greenland,2028,2,-30.23609024457528
Greenland,2028,3,-26.469051934155686
Greenland,2028,4,-19.176222887267613
Greenland,2028,5,-11.618496630754635
Greenland,2028,6,-6.121623337919118
Greenland,2028,7,-4.053708838632701
Greenland,2028,8,-5.802713629432219
Greenland,2028,9,-10.753951883601076
Greenland,2028,10,-17.26759046132338
Greenland,2028,11,-22.65614791973985
Greenland,2028,12,-23.161993523065576
Greenland,2029,1,-26.289491532722423
Greenland,2029,2,-30.201274777954495
Greenland,2029,3,-26.418334509252418
Greenland,2029,4,-19.113312795171623
Greenland,2029,5,-11.546278877644909
Greenland,2029,6,-6.042228182009239
Greenland,2029,7,-3.9685813271780717
Greenland,2029,8,-5.7126831357081755
Greenland,2029,9,-10.659301643870094
Greenland,2029,10,-17.168127111827744
Greenland,2029,11,-22.551271033668854
Greenland,2029,12,-23.05076514754819
Greenland,2030,1,-26.274704956383175
Greenland,2030,2,-30.16564758012737
Greenland,2030,3,-26.366515626416913
Greenland,2030,4,-19.04905482446611
Greenland,2030,5,-11.47250761383384
Greenland,2030,6,-5.961112154479451
Greenland,2030,7,-3.8816013368841595
Greenland,2030,8,-5.62070179219063
Greenland,2030,9,-10.562632902222504
Greenland,2030,10,-17.06660580966036
Greenland,2030,11,-22.444322428130363
Greenland,2030,12,-22.937474452278366
Greenland,2031,1,-26.25942595133074
Greenland,2031,2,-30.12919152618906
Greenland,2031,3,-26.313577337255083
Greenland,2031,4,-18.983430256971587
Greenland,2031,5,-11.39716340506402
Greenland,2031,6,-5.8782551586655245
Greenland,2031,7,-3.792748162420139
Greenland,2031,8,-5.526748338589641
Greenland,2031,9,-10.463923897102177
Greenland,2031,10,-16.963004345746413
Greenland,2031,11,-22.3352795001947
Greenland,2031,12,-22.82209849418996
Greenland,2032,1,-26.243638224003917
Greenland,2032,2,-30.091889444555818
Greenland,2032,3,-26.259501645882665
Greenland,2032,4,-18.916420326188927
Greenland,2032,5,-11.320226767958047
Greenland,2032,6,-5.79363704802654
Greenland,2032,7,-3.702001047767226
Greenland,2032,8,-5.4308014631014885
Greenland,2032,9,-10.363152814671594
Greenland,2032,10,-16.857300457871133
Greenland,2032,11,-22.224119593046453
Greenland,2032,12,-22.70461427551254
Greenland,2033,1,-26.227325434933846
Greenland,2033,2,-30.053724116950434
Greenland,2033,3,-26.204270508914306
Greenland,2033,4,-18.848006217328475
Greenland,2033,5,-11.24167817000398
Greenland,2033,6,-5.7072376260612145
Greenland,2033,7,-3.609339186120451
Greenland,2033,8,-5.332839802379567
Greenland,2033,9,-10.260297788680873
Greenland,2033,10,-16.74947183065433
Greenland,2033,11,-22.110819995813472
Greenland,2033,12,-22.584998743654978
Greenland,2034,1,-26.210471198725827
Greenland,2034,2,-30.014678278329484
Greenland,2034,3,-26.147865835365337
Greenland,2034,4,-18.778169067215458
Greenland,2034,5,-11.16149802952259
Greenland,2034,6,-5.619036646271525
Greenland,2034,7,-3.5147417199286792
Greenland,2034,8,-5.232841941450715
Greenland,2034,9,-10.155336900500515
Greenland,2034,10,-16.639496095473987
Greenland,2034,11,-21.995357943625095
Greenland,2034,12,-22.463228791194524
Greenland,2035,1,-26.193059083972003
Greenland,2035,2,-29.97473461687605
Greenland,2035,3,-26.090269486688157
Greenland,2035,4,-18.70688996424269
Greenland,2035,5,-11.079666715605526
Greenland,2035,6,-5.529013812169978
Greenland,2035,7,-3.418187740760004
Greenland,2035,8,-5.130786413718852
Greenland,2035,9,-10.04824817905228
Greenland,2035,10,-16.527350830480827
Greenland,2035,11,-21.877710617575758
Greenland,2035,12,-22.339281255836795
Guatemala,2025,1,20.9625034259343
Guatemala,2025,2,21.765873944842497
Guatemala,2025,3,22.66123071299171
Guatemala,2025,4,23.582889129987052
Guatemala,2025,5,24.425911746345264
Guatemala,2025,6,25.06860925328965
Guatemala,2025,7,25.39504147270509
Guatemala,2025,8,25.317518347049372
Guatemala,2025,9,24.799100929220913
Guatemala,2025,10,23.87610237243007
Guatemala,2025,11,22.68058892017234
Guatemala,2025,12,21.462880896026945
Guatemala,2026,1,21.000510602451868
Guatemala,2026,2,21.810467337561022
Guatemala,2026,3,22.710688001066046
Guatemala,2026,4,23.635858097249184
Guatemala,2026,5,24.481340744267982
Guatemala,2026,6,25.125677664048453
Guatemala,2026,7,25.453090172200064
Guatemala,2026,8,25.375980167905254
Guatemala,2026,9,24.8574311237835
Guatemala,2026,10,23.93370907584631
Guatemala,2026,11,22.736763613335825
Guatemala,2026,12,21.516728868676182
Guatemala,2027,1,21.039405334847288
Guatemala,2027,2,21.856121284957226
Guatemala,2027,3,22.761345521453222
Guatemala,2027,4,23.690136170692313
Guatemala,2027,5,24.53815943592872
Guatemala,2027,6,25.184190587261583
Guatemala,2027,7,25.512614951433534
Guatemala,2027,8,25.435928901774787
Guatemala,2027,9,24.917240848125402
Guatemala,2027,10,23.992772226677516
Guatemala,2027,11,22.794358489919432
Guatemala,2027,12,21.571950096521505
Guatemala,2028,1,21.07920545237812
Guatemala,2028,2,21.90285426167702
Guatemala,2028,3,22.813222340425455
Guatemala,2028,4,23.745742954529305
Guatemala,2028,5,24.596387909817167
Guatemala,2028,6,25.244168541933504
Guatemala,2028,7,25.573636706224534
Guatemala,2028,8,25.49738576762411
Guatemala,2028,9,24.978551590601455
Guatemala,2028,10,24.053313529014304
Guatemala,2028,11,22.853395416009334
Guatemala,2028,12,21.628566553929886
Guatemala,2029,1,21.11992883205039
Guatemala,2029,2,21.95068479089332
Guatemala,2029,3,22.866337573651435
Guatemala,2029,4,23.80269810322443
Guatemala,2029,5,24.656046305405653
Guatemala,2029,6,25.30563209889533
Guatemala,2029,7,25.636176385037288
Guatemala,2029,8,25.56037203784308
Guatemala,2029,9,25.04138489384877
Guatemala,2029,10,24.11535474197899
Guatemala,2029,11,22.91389631353104
Guatemala,2029,12,21.686600271937095
Guatemala,2030,1,21.161593398698642
Guatemala,2030,2,21.999631444415172
Guatemala,2030,3,22.920710386210885
Guatemala,2030,4,23.86102132139513
Guatemala,2030,5,24.717154813229172
Guatemala,2030,6,25.36860188079754
Guatemala,2030,7,25.700254988984852
Guatemala,2030,8,25.624909038288934
Guatemala,2030,9,25.105762354735816
Guatemala,2030,10,24.17891767979836
Guatemala,2030,11,22.97588316029305
Guatemala,2030,12,21.74607333825861
Guatemala,2031,1,21.204217125044124
Guatemala,2031,2,22.04971284277144
Guatemala,2031,3,22.97635999270733
Guatemala,2031,4,23.920732364044852
Guatemala,2031,5,24.779733674892668
Guatemala,2031,6,25.4330985622737
Guatemala,2031,7,25.765893571945526
Guatemala,2031,8,25.691018148362673
Guatemala,2031,9,25.17170562449337
Guatemala,2031,10,24.2440242118073
Guatemala,2031,11,23.039377990088724
Guatemala,2031,12,21.807007897395124
Guatemala,2032,1,21.2478180316657
Guatemala,2032,2,22.100947655134405
Guatemala,2032,3,23.03330565723536
Guatemala,2032,4,23.981851036424814
Guatemala,2032,5,24.843803183172895
Guatemala,2032,6,25.49914286982039
Guatemala,2032,7,25.83311324047918
Guatemala,2032,8,25.758720800990886
Guatemala,2032,9,25.239236408710894
Guatemala,2032,10,24.310696262532474
Guatemala,2032,11,23.10440289265989
Guatemala,2032,12,21.86942615062162
Guatemala,2033,1,21.292414187119903
Guatemala,2033,2,22.153354599479826
Guatemala,2033,3,23.09156669344611
Guatemala,2033,4,24.044397194208614
Guatemala,2033,5,24.909383681996587
Guatemala,2033,6,25.566755581942743
Guatemala,2033,7,25.90193515397641
Guatemala,2033,8,25.82803848272397
Guatemala,2033,9,25.308376467398375
Guatemala,2033,10,24.378955811717788
Guatemala,2033,11,23.170980013795088
Guatemala,2033,12,21.933350356045594
Guatemala,2034,1,21.3380237079773
Guatemala,2034,2,22.206952442579677
Guatemala,2034,3,23.15116246461639
Guatemala,2034,4,24.108390743459495
Guatemala,2034,5,24.976495566556878
Guatemala,2034,6,25.63595752924175
Guatemala,2034,7,25.972380524680375
Guatemala,2034,8,25.898992733768864
Guatemala,2034,9,25.379147615000875
Guatemala,2034,10,24.448824894389872
Guatemala,2034,11,23.239131555358654
Guatemala,2034,12,21.99880282866161
Guatemala,2035,1,21.384664758811596
Guatemala,2035,2,22.261760000045797
Guatemala,2035,3,23.212112383685053
Guatemala,2035,4,24.173851640743123
Guatemala,2035,5,25.04515928326964
Guatemala,2035,6,25.706769594308753
Guatemala,2035,7,26.044470617704974
Guatemala,2035,8,25.97160514802181
Guatemala,2035,9,25.45157172049676
Guatemala,2035,10,24.52032560087264
Guatemala,2035,11,23.30887977534894
Guatemala,2035,12,22.065805940420432
Guinea,2025,1,23.841745740705846
Guinea,2025,2,25.650694086151816
Guinea,2025,3,26.728653671188113
Guinea,2025,4,27.3682826627346
Guinea,2025,5,27.748588799659956
Guinea,2025,6,27.957430382685743
Guinea,2025,7,28.01401726425047
Guinea,2025,8,27.891411838424574
Guinea,2025,9,27.53903003081814
Guinea,2025,10,26.9051422884595
Guinea,2025,11,25.959374569713873
Guinea,2025,12,24.71520933413649
Guinea,2026,1,23.872764836575698
Guinea,2026,2,25.689335102947553
Guinea,2026,3,26.773132411130973
Guinea,2026,4,27.41714469949966
Guinea,2026,5,27.800639941361624
Guinea,2026,6,28.011667134874187
Guinea,2026,7,28.069557292969876
Guinea,2026,8,27.947424433235028
Guinea,2026,9,27.59466656778841
Guinea,2026,10,26.95946669318164
Guinea,2026,11,26.011293780343294
Guinea,2026,12,24.763403764410214
Guinea,2027,1,23.904588137583232
Guinea,2027,2,25.72894444056601
Guinea,2027,3,26.818711230746885
Guinea,2027,4,27.467208735361965
Guinea,2027,5,27.853967679592643
Guinea,2027,6,28.067230276535156
Guinea,2027,7,28.126451217035537
Guinea,2027,8,28.004798659597327
Guinea,2027,9,27.651655220307475
Guinea,2027,10,27.015118962725865
Guinea,2027,11,26.06450438772754
Guinea,2027,12,24.812843423501363
Guinea,2028,1,23.937233456509603
Guinea,2028,2,25.769540539219634
Guinea,2028,3,26.865409143961188
Guinea,2028,4,27.5184943042741
Guinea,2028,5,27.90859201467265
Guinea,2028,6,28.124140220604204
Guinea,2028,7,28.184719808244154
Guinea,2028,8,28.063555594527315
Guinea,2028,9,27.71001731689921
Guinea,2028,10,27.07212062333656
Guinea,2028,11,26.119028062204052
Guinea,2028,12,24.863550072096587
Guinea,2029,1,23.970718654022676
Guinea,2029,2,25.81114188783704
Guinea,2029,3,26.913245214244853
Guinea,2029,4,27.571020990552825
Guinea,2029,5,27.964532998031245
Guinea,2029,6,28.18241743188719
Guinea,2029,7,28.24438389116858
Guinea,2029,8,28.123716368544592
Guinea,2029,9,27.76977424038796
Guinea,2029,10,27.130493256482623
Guinea,2029,11,26.174886530084223
Guinea,2029,12,24.915545527704126
Guinea,2030,1,24.005061638800726
Guinea,2030,2,25.853767024153967
Guinea,2030,3,26.96223855469816
Guinea,2030,4,27.624808428919096
Guinea,2030,5,28.021810732313497
Guinea,2030,6,28.24208242731129
Guinea,2030,7,28.30546434319058
Guinea,2030,8,28.18530216590534
Guinea,2030,9,27.830947428098625
Guinea,2030,10,27.190258498879302
Guinea,2030,11,26.2321015737989
Guinea,2030,12,24.968851664701106
Guinea,2031,1,24.040280367525156
Guinea,2031,2,25.89743453472056
Guinea,2031,3,27.012408328014317
Guinea,2031,4,27.679876304530808
Guinea,2031,5,28.08044537142723
Guinea,2031,6,28.303155775786763
Guinea,2031,7,28.36798209458084
Guinea,2031,8,28.24833422447864
Guinea,2031,9,27.893558371831205
Guinea,2031,10,27.251438042491827
Guinea,2031,11,26.290695031792893
Guinea,2031,12,25.023490414351727
Guinea,2032,1,24.07639284497145
Guinea,2032,2,25.94216305496684
Guinea,2032,3,27.063773746592233
Guinea,2032,4,27.736244353055554
Guinea,2032,5,28.14045712058669
Guinea,2032,6,28.365658098377935
Guinea,2032,7,28.43195812853537
Guinea,2032,8,28.31283383587015
Guinea,2032,9,27.957628617904447
Guinea,2032,10,27.31405363469912
Guinea,2032,11,26.350688798746887
Guinea,2032,12,25.079483764909128
Guinea,2033,1,24.11341712396552
Guinea,2033,2,25.987971269224545
Guinea,2033,3,27.11635407256199
Guinea,2033,4,27.7939323606779
Guinea,2033,5,28.201866236316164
Guinea,2033,6,28.429610068263173
Guinea,2033,7,28.497413481182775
Guinea,2033,8,28.378822345469416
Guinea,2033,9,28.023179767239526
Guinea,2033,10,27.3781270781883
Guinea,2033,11,26.412104825471943
Guinea,2033,12,25.136853761593557
Guinea,2034,1,24.151371305554676
Guinea,2034,2,26.034877910828982
Guinea,2034,3,27.170168617806667
Guinea,2034,4,27.852960164150318
Guinea,2034,5,28.264693026573696
Guinea,2034,6,28.495032410858585
Guinea,2034,7,28.56436924166428
Guinea,2034,8,28.44632115244258
Guinea,2034,9,28.090233475349123
Guinea,2034,10,27.443680231129292
Guinea,2034,11,26.474965119040462
Guinea,2034,12,25.195622506716063
Guinea,2035,1,24.19027353895308
Guinea,2035,2,26.082901762100846
Guinea,2035,3,27.225236744046015
Guinea,2035,4,27.913347650880496
Guinea,2035,5,28.328957850714687
Guinea,2035,6,28.561945903781634
Guinea,2035,7,28.63284655218831
Guinea,2035,8,28.5153517098488
Guinea,2035,9,28.158811452406553
Guinea,2035,10,27.510735007142102
Guinea,2035,11,26.539291742808018
Guinea,2035,12,25.255812159598463
Guinea-Bissau,2025,1,24.78253479106297
Guinea-Bissau,2025,2,27.27937160237434
Guinea-Bissau,2025,3,28.60306987117019
Guinea-Bissau,2025,4,29.22251923492604
Guinea-Bissau,2025,5,29.456774558821962
Guinea-Bissau,2025,6,29.497556925719437
Guinea-Bissau,2025,7,29.43175462603631
Guinea-Bissau,2025,8,29.263924147636317
Guinea-Bissau,2025,9,28.93879116574044
Guinea-Bissau,2025,10,28.363751532790957
Guinea-Bissau,2025,11,27.43137226840281
Guinea-Bissau,2025,12,26.041892549216755
Guinea-Bissau,2026,1,24.810726088214324
Guinea-Bissau,2026,2,27.315752331481235
Guinea-Bissau,2026,3,28.645811264909753
Guinea-Bissau,2026,4,29.270102680730815
Guinea-Bissau,2026,5,29.50792206191636
Guinea-Bissau,2026,6,29.551161572130695
Guinea-Bissau,2026,7,29.48681104562729
Guinea-Bissau,2026,8,29.319458977116483
Guinea-Bissau,2026,9,28.99379351168045
Guinea-Bissau,2026,10,28.41710343465911
Guinea-Bissau,2026,11,27.481779161554186
Guinea-Bissau,2026,12,26.08781372793328
Guinea-Bissau,2027,1,24.83967483414108
Guinea-Bissau,2027,2,27.353050493963565
Guinea-Bissau,2027,3,28.689598188758282
Guinea-Bissau,2027,4,29.318830382996566
Guinea-Bissau,2027,5,29.56028569486898
Guinea-Bissau,2027,6,29.606029886323995
Guinea-Bissau,2027,7,29.54315685284473
Guinea-Bissau,2027,8,29.376289613447625
Guinea-Bissau,2027,9,29.050081300517377
Guinea-Bissau,2027,10,28.471716149729218
Guinea-Bissau,2027,11,27.533410489912967
Guinea-Bissau,2027,12,26.134913733026224
Guinea-Bissau,2028,1,24.86939882571187
Guinea-Bissau,2028,2,27.391284505353724
Guinea-Bissau,2028,3,28.734449623291766
Guinea-Bissau,2028,4,29.36872183359901
Guinea-Bissau,2028,5,29.61388540718417
Guinea-Bissau,2028,6,29.662182221655712
Guinea-Bissau,2028,7,29.60081275124412
Guinea-Bissau,2028,8,29.43443705665868
Guinea-Bissau,2028,9,29.10767577506067
Guinea-Bissau,2028,10,28.527611109861937
Guinea-Bissau,2028,11,27.586287820705365
Guinea-Bissau,2028,12,26.1832142133253
Guinea-Bissau,2029,1,24.899915907754803
Guinea-Bissau,2029,2,27.43047283004944
Guinea-Bissau,2029,3,28.780384598700948
Guinea-Bissau,2029,4,29.419796574868997
Guinea-Bissau,2029,5,29.668741199581746
Guinea-Bissau,2029,6,29.71963898357808
Guinea-Bissau,2029,7,29.659799497233507
Guinea-Bissau,2029,8,29.493922360453325
Guinea-Bissau,2029,9,29.166598232565775
Guinea-Bissau,2029,10,28.584809802197015
Guinea-Bissau,2029,11,27.640432777237038
Guinea-Bissau,2029,12,26.232736874623697
Guinea-Bissau,2030,1,24.931243973173878
Guinea-Bissau,2030,2,27.47063398129194
Guinea-Bissau,2030,3,28.827422194849532
Guinea-Bissau,2030,4,29.472074199585222
Guinea-Bissau,2030,5,29.724873124055193
Guinea-Bissau,2030,6,29.778420629584616
Guinea-Bissau,2030,7,29.720137900142618
Guinea-Bissau,2030,8,29.554766632246356
Guinea-Bissau,2030,9,29.226870024846903
Guinea-Bissau,2030,10,28.643333769226047
Guinea-Bissau,2030,11,27.695867038929464
Guinea-Bissau,2030,12,26.283503479627143
Guinea-Bissau,2031,1,24.96340096297081
Guinea-Bissau,2031,2,27.51178652122053
Guinea-Bissau,2031,3,28.875581541346946
Guinea-Bissau,2031,4,29.525574351068826
Guinea-Bissau,2031,5,29.782301283962624
Guinea-Bissau,2031,6,29.838547669341096
Guinea-Bissau,2031,7,29.781848822222855
Guinea-Bissau,2031,8,29.61699103319279
Guinea-Bissau,2031,9,29.288512558237016
Guinea-Bissau,2031,10,28.70320460876337
Guinea-Bissau,2031,11,27.75261234141817
Guinea-Bissau,2031,12,26.335535847993924
Guinea-Bissau,2032,1,24.9964048662996
Guinea-Bissau,2032,2,27.553949060908963
Guinea-Bissau,2032,3,28.924881817522873
Guinea-Bissau,2032,4,29.58031672323068
Guinea-Bissau,2032,5,29.841045834023134
Guinea-Bissau,2032,6,29.900040664696462
Guinea-Bissau,2032,7,29.84495317875644
Guinea-Bissau,2032,8,29.680616778253352
Guinea-Bissau,2032,9,29.35154729371152
Guinea-Bissau,2032,10,28.76444397407704
Guinea-Bissau,2032,11,27.810690476530908
Guinea-Bissau,2032,12,26.38885585643311
Guinea-Bissau,2033,1,25.030273720459263
Guinea-Bissau,2033,2,27.597140260514607
Guinea-Bissau,2033,3,28.97534225254003
Guinea-Bissau,2033,4,29.63632106053865
Guinea-Bissau,2033,5,29.90112698036046
Guinea-Bissau,2033,6,29.96292022972648
Guinea-Bissau,2033,7,29.90947193802731
Guinea-Bissau,2033,8,29.74566513625996
Guinea-Bissau,2033,9,29.415995746921
Guinea-Bissau,2033,10,28.827073573903363
Guinea-Bissau,2033,11,27.870123292393146
Guinea-Bissau,2033,12,26.443485438780954
Guinea-Bissau,2034,1,25.065025611061174
Guinea-Bissau,2034,2,27.641378829140194
Guinea-Bissau,2034,3,29.026982125423274
Guinea-Bissau,2034,4,29.693607158174018
Guinea-Bissau,2034,5,29.96256498060484
Guinea-Bissau,2034,6,30.027207030773752
Guinea-Bissau,2034,7,29.975426121408418
Guinea-Bissau,2034,8,29.8121574299048
Guinea-Bissau,2034,9,29.48187948814757
Guinea-Bissau,2034,10,28.891115172450554
Guinea-Bissau,2034,11,27.930932693428076
Guinea-Bissau,2034,12,26.49944658592449
Guinea-Bissau,2035,1,25.10067867194175
Guinea-Bissau,2035,2,27.686683525023
Guinea-Bissau,2035,3,29.07982076503413
Guinea-Bissau,2035,4,29.752194861991484
Guinea-Bissau,2035,5,30.02538014386755
Guinea-Bissau,2035,6,30.092921786491388
Guinea-Bissau,2035,7,30.04283680341996
Guinea-Bissau,2035,8,29.88011503584221
Guinea-Bissau,2035,9,29.54922014247586
Guinea-Bissau,2035,10,28.95659058950787
Guinea-Bissau,2035,11,27.993140640425736
Guinea-Bissau,2035,12,26.556761345972518
Guyana,2025,1,23.376417463762664
Guyana,2025,2,24.95040368323407
Guyana,2025,3,25.9609433237938
Guyana,2025,4,26.63111876437779
Guyana,2025,5,27.084719927207516
Guyana,2025,6,27.36874526774136
Guyana,2025,7,27.475902764560487
Guyana,2025,8,27.367110909203802
Guyana,2025,9,26.993999696119317
Guyana,2025,10,26.321411612590055
Guyana,2025,11,25.34990262856536
Guyana,2025,12,24.13824318657589
Guyana,2026,1,23.408682724916616
Guyana,2026,2,24.99007679952865
Guyana,2026,3,26.00625515754018
Guyana,2026,4,26.680637733196818
Guyana,2026,5,27.1372824671098
Guyana,2026,6,27.42338629605456
Guyana,2026,7,27.53178614298031
Guyana,2026,8,27.42345990684862
Guyana,2026,9,27.05002745254842
Guyana,2026,10,26.376251600774594
Guyana,2026,11,25.402539117928427
Guyana,2026,12,24.187441706036225
Guyana,2027,1,23.44176961688663
Guyana,2027,2,25.030737335903723
Guyana,2027,3,26.052687657648676
Guyana,2027,4,26.73138058917266
Guyana,2027,5,27.191144606834314
Guyana,2027,6,27.479377646251123
Guyana,2027,7,27.589048092181656
Guyana,2027,8,27.481195768429643
Guyana,2027,9,27.107432927718946
Guyana,2027,10,26.43244524165584
Guyana,2027,11,25.456492790516677
Guyana,2027,12,24.23791105325745
Guyana,2028,1,23.475695957306925
Guyana,2028,2,25.072403740855407
Guyana,2028,3,26.100259849842587
Guyana,2028,4,26.78336688149375
Guyana,2028,5,27.246326365410823
Guyana,2028,6,27.53673975341826
Guyana,2028,7,27.64770940959079
Guyana,2028,8,27.54033960000106
Guyana,2028,9,27.166237482663746
Guyana,2028,10,26.490014097483254
Guyana,2028,11,25.51178535613235
Guyana,2028,12,24.28967303186164
Guyana,2029,1,23.510479611738447
Guyana,2029,2,25.115094511690586
Guyana,2029,3,26.148990809390853
Guyana,2029,4,26.836616209709064
Guyana,2029,5,27.302847812935397
Guyana,2029,6,27.595493104597153
Guyana,2029,7,27.707790945410125
Guyana,2029,8,27.60091256121177
Guyana,2029,9,27.226462532759797
Guyana,2029,10,26.548979785734446
Guyana,2029,11,25.56843858055163
Guyana,2029,12,24.34274950227791
Guyana,2030,1,23.54613849366524
Guyana,2030,2,25.158828194395937
Guyana,2030,3,26.198899661100768
Guyana,2030,4,26.89114822377178
Guyana,2030,5,27.360729070766865
Guyana,2030,6,27.65565823875386
Guyana,2030,7,27.769313602610964
Guyana,2030,8,27.66293586532356
Guyana,2030,9,27.288129547851895
Guyana,2030,10,26.609363979060618
Guyana,2030,11,25.62647428557557
Guyana,2030,12,24.397162381746057
Guyana,2031,1,23.58269056455265
Guyana,2031,2,25.2036233837689
Guyana,2031,3,26.250005579408935
Guyana,2031,4,26.946982623981057
Guyana,2031,5,27.419990311406764
Guyana,2031,6,27.717255746932096
Guyana,2031,7,27.832298337013526
Guyana,2031,8,27.726430779232942
Guyana,2031,9,27.351260052194448
Guyana,2031,10,26.671188405384783
Guyana,2031,11,25.68591434911741
Guyana,2031,12,24.452933644418408
Guyana,2032,1,23.620153833941913
Guyana,2032,2,25.24949872345769
Guyana,2032,3,26.302327788373987
Guyana,2032,4,27.004139161138482
Guyana,2032,5,27.480651758681233
Guyana,2032,6,27.780306272235066
Guyana,2032,7,27.896766157305137
Guyana,2032,8,27.791418623522077
Guyana,2032,9,27.415875624542423
Guyana,2032,10,26.73447484794906
Guyana,2032,11,25.746780705162564
Guyana,2032,12,24.510085321327097
Guyana,2033,1,23.6585463594065
Guyana,2033,2,25.29647290603407
Guyana,2033,3,26.355885561782088
Guyana,2033,4,27.062637636555337
Guyana,2033,5,27.542733687697364
Guyana,2033,6,27.844830509898202
Guyana,2033,7,27.96273812513118
Guyana,2033,8,27.857920772513353
Guyana,2033,9,27.481997898216832
Guyana,2033,10,26.799245145347413
Guyana,2033,11,25.809095343877743
Guyana,2033,12,24.568639500500467
Guyana,2034,1,23.69788624665398
Guyana,2034,2,25.34456467291693
Guyana,2034,3,26.410698223132385
Guyana,2034,4,27.122497902059877
Guyana,2034,5,27.606256424912317
Guyana,2034,6,27.910849207292813
Guyana,2034,7,28.030235355069635
Guyana,2034,8,27.925958654298483
Guyana,2034,9,27.54964856110837
Guyana,2034,10,26.86552119154021
Guyana,2034,11,25.87288031159278
Guyana,2034,12,24.628618326955802
Guyana,2035,1,23.73819164962788
Guyana,2035,2,25.393792814590597
Guyana,2035,3,26.46678514573523
Guyana,2035,4,27.18373986011011
Guyana,2035,5,27.67124034822791
Guyana,2035,6,27.978383164031584
Guyana,2035,7,28.09927901476567
Guyana,2035,8,27.995553750840372
Guyana,2035,9,27.61884935575381
Guyana,2035,10,26.93332493601065
Guyana,2035,11,25.93815771096797
Guyana,2035,12,24.690044002808463
Haiti,2025,1,23.1774382486592
Haiti,2025,2,24.66337814374947
Haiti,2025,3,25.651536925194705
Haiti,2025,4,26.337282144789242
Haiti,2025,5,26.822419809611347
Haiti,2025,6,27.137695371887276
Haiti,2025,7,27.26529471896083
Haiti,2025,8,27.161345163113765
Haiti,2025,9,26.778416431502592
Haiti,2025,10,26.08802165605539
Haiti,2025,11,25.103118363368594
Haiti,2025,12,23.900609464600166
Haiti,2026,1,23.210217463664776
Haiti,2026,2,24.70348160132653
Haiti,2026,3,25.697201082334686
Haiti,2026,4,26.38708412069991
Haiti,2026,5,26.875207848753234
Haiti,2026,6,27.192519306988288
Haiti,2026,7,27.321336434027216
Haiti,2026,8,27.2178490564811
Haiti,2026,9,26.834619878810372
Haiti,2026,10,26.143085473294377
Haiti,2026,11,25.15605726986996
Haiti,2026,12,23.950222546079203
Haiti,2027,1,23.243825085953176
Haiti,2027,2,24.74457992888074
Haiti,2027,3,25.743993954893995
Haiti,2027,4,26.43811855768672
Haiti,2027,5,26.929304512258568
Haiti,2027,6,27.248702964830045
Haiti,2027,7,27.378766422761146
Haiti,2027,8,27.27574974437539
Haiti,2027,9,26.892211128911185
Haiti,2027,10,26.199513106440463
Haiti,2027,11,25.210323527699984
Haiti,2027,12,24.001116554071814
Haiti,2028,1,23.278278934912123
Haiti,2028,2,24.78669157807326
Haiti,2028,3,25.79193457312158
Haiti,2028,4,26.49040501084619
Haiti,2028,5,26.984729826400326
Haiti,2028,6,27.306266789143592
Haiti,2028,7,27.43760549259332
Haiti,2028,8,27.33506834427044
Haiti,2028,9,26.951211555632653
Haiti,2028,10,26.257326131949412
Haiti,2028,11,25.26593886223509
Haiti,2028,12,24.05331330907302
Haiti,2029,1,23.313596877779673
Haiti,2029,2,24.82983504924141
Haiti,2029,3,25.841042016728352
Haiti,2029,4,26.543963085591713
Haiti,2029,5,27.04150386852507
Haiti,2029,6,27.36523127552664
Haiti,2029,7,27.497874503701496
Haiti,2029,8,27.395826027187468
Haiti,2029,9,27.01164258711742
Haiti,2029,10,26.316546181385092
Haiti,2029,11,25.32292505473106
Haiti,2029,12,24.106834688424897
Haiti,2030,1,23.349796829756997
Haiti,2030,2,24.874028891475064
Haiti,2030,3,25.891335414989044
Haiti,2030,4,26.598812437657216
Haiti,2030,5,27.09964676718755
Haiti,2030,6,27.42561697160727
Haiti,2030,7,27.55959436903595
Haiti,2030,8,27.458044017742395
Haiti,2030,9,27.073525705899556
Haiti,2030,10,26.37719494155772
Haiti,2030,11,25.381303942515842
Haiti,2030,12,24.161702626243823
Haiti,2031,1,23.386896753990186
Haiti,2031,2,24.919291702634837
Haiti,2031,3,25.94283394678223
Haiti,2031,4,26.654972773220834
Haiti,2031,5,27.15917870213252
Haiti,2031,6,27.4874444769639
Haiti,2031,7,27.62278605440315
Haiti,2031,8,27.521743594182226
Haiti,2031,9,27.13688244900277
Haiti,2031,10,26.43929415448747
Haiti,2031,11,25.441097418978643
Haiti,2031,12,24.217939113562352
Haiti,2032,1,23.424914661679395
Haiti,2032,2,24.965642129435764
Haiti,2032,3,25.995556840626705
Haiti,2032,4,26.71246384889764
Haiti,2032,5,27.220119904342027
Haiti,2032,6,27.55073444332902
Haiti,2032,7,27.687470578462126
Haiti,2032,8,27.586946088421428
Haiti,2032,9,27.201734407911317
Haiti,2032,10,26.50286561750636
Haiti,2032,11,25.50232743360266
Haiti,2032,12,24.27556619826737
Haiti,2033,1,23.463868612086117
Haiti,2033,2,25.013098867469125
Haiti,2033,3,26.04952337471059
Haiti,2033,4,26.771305471783307
Haiti,2033,5,27.282490656129994
Haiti,2033,6,27.615507574465482
Haiti,2033,7,27.753669012771752
Haiti,2033,8,27.65367288613288
Haiti,2033,9,27.268103228642758
Haiti,2033,10,26.567931183316432
Haiti,2033,11,25.5650159920051
Haiti,2033,12,24.334605985245616
Haiti,2034,1,23.50377671256956
Haiti,2034,2,25.06168066119517
Haiti,2034,3,26.10475287693862
Haiti,2034,4,26.831517499523216
Haiti,2034,5,27.34631129113859
Haiti,2034,6,27.681784626333865
Haiti,2034,7,27.82140248187443
Haiti,2034,8,27.72194542670786
Haiti,2034,9,27.336010611777056
Haiti,2034,10,26.634512759971585
Haiti,2034,11,25.62918515601359
Haiti,2034,12,24.395080636376406
Haiti,2035,1,23.544657118663054
Haiti,2035,2,25.111406304121374
Haiti,2035,3,26.161264725041292
Haiti,2035,4,26.893119840316103
Haiti,2035,5,27.411602194403713
Haiti,2035,6,27.749586407052448
Haiti,2035,7,27.890692163321546
Haiti,2035,8,27.79178520340156
Haiti,2035,9,27.40547831254389
Haiti,2035,10,26.70263231096851
Haiti,2035,11,25.69485704368799
Haiti,2035,12,24.457012370557095
Heard Island and McDonald Islands,2025,1,-8.760147081668947
Heard Island and McDonald Islands,2025,2,-7.741860665580134
Heard Island and McDonald Islands,2025,3,-2.981041812096919
Heard Island and McDonald Islands,2025,4,3.2614323429015712
Heard Island and McDonald Islands,2025,5,9.16836899937789
Heard Island and McDonald Islands,2025,6,13.388760683054898
Heard Island and McDonald Islands,2025,7,15.060286235334388
Heard Island and McDonald Islands,2025,8,13.83181180316842
Heard Island and McDonald Islands,2025,9,9.885891828967033
Heard Island and McDonald Islands,2025,10,3.9612700404659336
Heard Island and McDonald Islands,2025,11,-2.6246195593221273
Heard Island and McDonald Islands,2025,12,-7.953151702243304
Heard Island and McDonald Islands,2026,1,-8.694239396055309
Heard Island and McDonald Islands,2026,2,-7.670170104996032
Heard Island and McDonald Islands,2026,3,-2.9058627139920645
Heard Island and McDonald Islands,2026,4,3.338437560910279
Heard Island and McDonald Islands,2026,5,9.24610030252461
Heard Island and McDonald Islands,2026,6,13.46661088246492
Heard Island and McDonald Islands,2026,7,15.138071451035103
Heard Island and McDonald Islands,2026,8,13.90970192707482
Heard Island and McDonald Islands,2026,9,9.964340987947253
Heard Island and McDonald Islands,2026,10,4.040947059341306
Heard Island and McDonald Islands,2026,11,-2.5429006947661037
Heard Island and McDonald Islands,2026,12,-7.868501382209615
Heard Island and McDonald Islands,2027,1,-8.627322545452444
Heard Island and McDonald Islands,2027,2,-7.597226982342363
Heard Island and McDonald Islands,2027,3,-2.829227237753912
Heard Island and McDonald Islands,2027,4,3.4170659095334486
Heard Island and McDonald Islands,2027,5,9.325586942640257
Heard Island and McDonald Islands,2027,6,13.546316596509314
Heard Island and McDonald Islands,2027,7,15.217782847758826
Heard Island and McDonald Islands,2027,8,13.989561904608308
Heard Island and McDonald Islands,2027,9,10.044779196779018
Heard Island and McDonald Islands,2027,10,4.122610365372566
Heard Island and McDonald Islands,2027,11,-2.4592177472322874
Heard Island and McDonald Islands,2027,12,-7.781926107446452
Heard Island and McDonald Islands,2028,1,-8.559379125060332
Heard Island and McDonald Islands,2028,2,-7.523013131080916
Heard Island and McDonald Islands,2028,3,-2.7511165088244525
Heard Island and McDonald Islands,2028,4,3.4973369176559572
Heard Island and McDonald Islands,2028,5,9.40684904921818
Heard Island and McDonald Islands,2028,6,13.627898501564232
Heard Island and McDonald Islands,2028,7,15.299441595104327
Heard Island and McDonald Islands,2028,8,14.071413344850043
Heard Island and McDonald Islands,2028,9,10.12722845033295
Heard Island and McDonald Islands,2028,10,4.206282285475936
Heard Island and McDonald Islands,2028,11,-2.3735481114554204
Heard Island and McDonald Islands,2028,12,-7.693403048014261
Heard Island and McDonald Islands,2029,1,-8.490391683349117
Heard Island and McDonald Islands,2029,2,-7.447510337143285
Heard Island and McDonald Islands,2029,3,-2.6715116042969385
Heard Island and McDonald Islands,2029,4,3.579270163308138
Heard Island and McDonald Islands,2029,5,9.489906801719371
Heard Island and McDonald Islands,2029,6,13.711377324817477
Heard Island and McDonald Islands,2029,7,15.383068914249634
Heard Island and McDonald Islands,2029,8,14.155277909260803
Heard Island and McDonald Islands,2029,9,10.211710796645093
Heard Island and McDonald Islands,2029,10,4.291985200613453
Heard Island and McDonald Islands,2029,11,-2.2858691272949727
Heard Island and McDonald Islands,2029,12,-7.602909318316051
Heard Island and McDonald Islands,2030,1,-8.420342721997258
Heard Island and McDonald Islands,2030,2,-7.370700338861752
Heard Island and McDonald Islands,2030,3,-2.5903935528504007
Heard Island and McDonald Islands,2030,4,3.6628852737385387
Heard Island and McDonald Islands,2030,5,9.574780429594284
Heard Island and McDonald Islands,2030,6,13.796773844246673
Heard Island and McDonald Islands,2030,7,15.468686077984785
Heard Island and McDonald Islands,2030,8,14.241177311746469
Heard Island and McDonald Islands,2030,9,10.29824833702969
Heard Island and McDonald Islands,2030,10,4.379741545745674
Heard Island and McDonald Islands,2030,11,-2.1961580798079012
Heard Island and McDonald Islands,2030,12,-7.510421977148326
Heard Island and McDonald Islands,2031,1,-8.349214695873343
Heard Island and McDonald Islands,2031,2,-7.292564826943817
Heard Island and McDonald Islands,2031,3,-2.507743334756924
Heard Island and McDonald Islands,2031,4,3.748201925439389
Heard Island and McDonald Islands,2031,5,9.661490212391982
Heard Island and McDonald Islands,2031,6,13.884108888706578
Heard Island and McDonald Islands,2031,7,15.556314410795494
Heard Island and McDonald Islands,2031,8,14.329133318701679
Heard Island and McDonald Islands,2031,9,10.386863226060996
Heard Island and McDonald Islands,2031,10,4.469573809966278
Heard Island and McDonald Islands,2031,11,-2.104392199139511
Heard Island and McDonald Islands,2031,12,-7.415918027508269
Heard Island and McDonald Islands,2032,1,-8.276990012999704
Heard Island and McDonald Islands,2032,2,-7.213085444424905
Heard Island and McDonald Islands,2032,3,-2.4235418817834216
Heard Island and McDonald Islands,2032,4,3.835239844179341
Heard Island and McDonald Islands,2032,5,9.750056479705563
Heard Island and McDonald Islands,2032,6,13.973403337947275
Heard Island and McDonald Islands,2032,7,15.645975288834052
Heard Island and McDonald Islands,2032,8,14.419167749006192
Heard Island and McDonald Islands,2032,9,10.477577671660583
Heard Island and McDonald Islands,2032,10,4.561504536494795
Heard Island and McDonald Islands,2032,11,-2.010548660432505
Heard Island and McDonald Islands,2032,12,-7.319374416772007
Heard Island and McDonald Islands,2033,1,-8.203651034443283
Heard Island and McDonald Islands,2033,2,-7.132243786628351
Heard Island and McDonald Islands,2033,3,-2.3377700771843593
Heard Island and McDonald Islands,2033,4,3.924018805061678
Heard Island and McDonald Islands,2033,5,9.840499611314044
Heard Island and McDonald Islands,2033,6,14.064678122676014
Heard Island and McDonald Islands,2033,7,15.73769014008667
Heard Island and McDonald Islands,2033,8,14.511302474141303
Heard Island and McDonald Islands,2033,9,10.570413935111901
Heard Island and McDonald Islands,2033,10,4.655556322709344
Heard Island and McDonald Islands,2033,11,-1.914604583925211
Heard Island and McDonald Islands,2033,12,-7.220768036359914
Heard Island and McDonald Islands,2034,1,-8.129180074348369
Heard Island and McDonald Islands,2034,2,-7.050021401092636
Heard Island and McDonald Islands,2034,3,-2.250408755618082
Heard Island and McDonald Islands,2034,4,4.0145586326007106
Heard Island and McDonald Islands,2034,5,9.932840037167807
Heard Island and McDonald Islands,2034,6,14.157954224600871
Heard Island and McDonald Islands,2034,7,15.83148044425343
Heard Island and McDonald Islands,2034,8,14.605559418197117
Heard Island and McDonald Islands,2034,9,10.665394331125754
Heard Island and McDonald Islands,2034,10,4.7517518202812425
Heard Island and McDonald Islands,2034,11,-1.8165370347478529
Heard Island and McDonald Islands,2034,12,-7.120075721965804
Heard Island and McDonald Islands,2035,1,-8.053559399842015
Heard Island and McDonald Islands,2035,2,-6.966399787560476
Heard Island and McDonald Islands,2035,3,-2.161438703165004
Heard Island and McDonald Islands,2035,4,4.10687920069995
Heard Island and McDonald Islands,2035,5,10.027098237450446
Heard Island and McDonald Islands,2035,6,14.25325267646349
Heard Island and McDonald Islands,2035,7,15.92736773296292
Heard Island and McDonald Islands,2035,8,14.701960557901657
Heard Island and McDonald Islands,2035,9,10.762541227894872
Heard Island and McDonald Islands,2035,10,4.850113735065861
Heard Island and McDonald Islands,2035,11,-1.7163230229807596
Heard Island and McDonald Islands,2035,12,-7.017274253349569
Honduras,2025,1,21.714618478145894
Honduras,2025,2,22.703214897174803
Honduras,2025,3,23.605412643400086
Honduras,2025,4,24.43689122156593
Honduras,2025,5,25.15708632314727
Honduras,2025,6,25.691690816235678
Honduras,2025,7,25.955155735436165
Honduras,2025,8,25.873191271774886
Honduras,2025,9,25.40526776258139
Honduras,2025,10,24.567116681396328
Honduras,2025,11,23.453231627860987
Honduras,2025,12,22.259369317614073
Honduras,2026,1,21.750932694581024
Honduras,2026,2,22.74633538588114
Honduras,2026,3,23.65360648053047
Honduras,2026,4,24.488786376609823
Honduras,2026,5,25.211602121938085
Honduras,2026,6,25.74796840397994
Honduras,2026,7,26.012488539702645
Honduras,2026,8,25.930955465541956
Honduras,2026,9,25.462852727255267
Honduras,2026,10,24.623855469807495
Honduras,2026,11,23.508331427307894
Honduras,2026,12,22.3118419128632
Honduras,2027,1,21.788116947530398
Honduras,2027,2,22.79049683502035
Honduras,2027,3,23.70297910107638
Honduras,2027,4,24.541967554520852
Honduras,2027,5,25.267483116997937
Honduras,2027,6,25.80566481273945
Honduras,2027,7,26.07127075855624
Honduras,2027,8,25.990179153731333
Honduras,2027,9,25.521889269876738
Honduras,2027,10,24.682022440841138
Honduras,2027,11,23.564823052624888
Honduras,2027,12,22.365659533236794
Honduras,2028,1,21.826189064392565
Honduras,2028,2,22.83571771327206
Honduras,2028,3,23.75354956125102
Honduras,2028,4,24.5964543454038
Honduras,2028,5,25.3247493785575
Honduras,2028,6,25.86480053921059
Honduras,2028,7,26.13152326144791
Honduras,2028,8,26.050883524833807
Honduras,2028,9,25.582398844236195
Honduras,2028,10,24.741639259865224
Honduras,2028,11,23.622728327068216
Honduras,2028,12,22.420844106211916
Honduras,2029,1,21.865166920380034
Honduras,2029,2,22.882016537922937
Honduras,2029,3,23.80533696677321
Honduras,2029,4,24.652266389603938
Honduras,2029,5,25.383421027931945
Honduras,2029,6,25.925396131956404
Honduras,2029,7,26.193266970459263
Honduras,2029,8,26.11308982070932
Honduras,2029,9,25.644402958377214
Honduras,2029,10,24.8027276473631
Honduras,2029,11,23.68206912984988
Honduras,2029,12,22.477417615992636
Honduras,2030,1,21.905068438577473
Honduras,2030,2,22.929411874972175
Honduras,2030,3,23.858360472743698
Honduras,2030,4,24.70942337773249
Honduras,2030,5,25.443518237520948
Honduras,2030,6,25.98747219143206
Honduras,2030,7,26.25652286040804
Honduras,2030,8,26.17681933687072
Honduras,2030,9,25.707923174680218
Honduras,2030,10,24.86530937898442
Honduras,2030,11,23.742867396108522
Honduras,2030,12,22.535402103502747
Honduras,2031,1,21.945911589945354
Honduras,2031,2,22.97792233904056
Honduras,2031,3,23.91263928387434
Honduras,2031,4,24.767945050728486
Honduras,2031,5,25.50506123080868
Honduras,2031,6,26.051049369992143
Honduras,2031,7,26.321311958800834
Honduras,2031,8,26.24209342226186
Honduras,2031,9,25.772981109884313
Honduras,2031,10,24.92940628542874
Honduras,2031,11,23.80514511691672
Honduras,2031,12,22.594819666454896
Honduras,2032,1,21.987714393381793
Honduras,2032,2,23.02756659358147
Honduras,2032,3,23.96819265432441
Honduras,2032,4,24.82785119991331
Honduras,2032,5,25.568070282509325
Honduras,2032,6,26.1161483720216
Honduras,2032,7,26.387655345989515
Honduras,2032,8,26.308933479515872
Honduras,2032,9,25.8395984351273
Honduras,2032,10,24.995040252703802
Honduras,2032,11,23.868924339393743
Honduras,2032,12,22.655692459401507
Honduras,2033,1,22.030494915795316
Honduras,2033,2,23.078363350782638
Honduras,2033,3,24.02503988792978
Honduras,2033,4,24.88916166699073
Honduras,2033,5,25.6325657185198
Honduras,2033,6,26.18278995388846
Honduras,2033,7,26.45557415512758
Honduras,2033,8,26.377360964820582
Honduras,2033,9,25.90779687601116
Honduras,2033,10,25.062233222096438
Honduras,2033,11,23.934227166745586
Honduras,2033,12,22.718042693774805
Honduras,2034,1,22.074271272119404
Honduras,2034,2,23.130331371700777
Honduras,2034,3,24.08320033817745
Honduras,2034,4,24.95189634412327
Honduras,2034,5,25.698567916014326
Honduras,2034,6,26.250994924089355
Honduras,2034,7,26.525089572282923
Honduras,2034,8,26.447397388122226
Honduras,2034,9,25.97759821260206
Honduras,2034,10,25.131007190099808
Honduras,2034,11,24.001075758254046
Honduras,2034,12,22.781892637897727
Honduras,2035,1,22.119061625348877
Honduras,2035,2,23.18348946628339
Honduras,2035,3,24.14269340822011
Honduras,2035,4,25.016075174019534
Honduras,2035,5,25.76609730347718
Honduras,2035,6,26.320784143184028
Honduras,2035,7,26.596222836423294
Honduras,2035,8,26.519064313089075
Honduras,2035,9,26.049024279564946
Honduras,2035,10,25.20138420864987
Honduras,2035,11,24.069492329411332
Honduras,2035,12,22.847264617103974
Hong Kong,2025,1,21.44362861078571
Hong Kong,2025,2,22.361196278628086
Hong Kong,2025,3,23.258633566428216
Hong Kong,2025,4,24.121647953569664
Hong Kong,2025,5,24.885955233316963
Hong Kong,2025,6,25.45978050265785
Hong Kong,2025,7,25.746359152243713
Hong Kong,2025,8,25.66643785627548
Hong Kong,2025,9,25.180775562356757
Hong Kong,2025,10,24.312644481474308
Hong Kong,2025,11,23.17033107782936
Hong Kong,2025,12,21.969637058759872
Hong Kong,2026,1,21.480560982106
Hong Kong,2026,2,22.404852770771868
Hong Kong,2026,3,23.307285399999273
Hong Kong,2026,4,24.17393063198415
Hong Kong,2026,5,24.940799005774352
Hong Kong,2026,6,25.516340827224667
Hong Kong,2026,7,25.8039471588354
Hong Kong,2026,8,25.724450809652808
Hong Kong,2026,9,25.238627325209563
Hong Kong,2026,10,24.369695977385163
Hong Kong,2026,11,23.225820754299093
Hong Kong,2026,12,22.022611350244006
Hong Kong,2027,1,21.518369940892626
Hong Kong,2027,2,22.449557534630912
Hong Kong,2027,3,23.35712400752982
Hong Kong,2027,4,24.227507922046243
Hong Kong,2027,5,24.99701708047087
Hong Kong,2027,6,25.57432951494502
Hong Kong,2027,7,25.862994477262873
Hong Kong,2027,8,25.78393342879008
Hong Kong,2027,9,25.297941030371476
Hong Kong,2027,10,24.428186132256997
Hong Kong,2027,11,23.282712763936615
Hong Kong,2027,12,22.076941124084442
Hong Kong,2028,1,21.557073315384514
Hong Kong,2028,2,22.495329041205878
Hong Kong,2028,3,23.408168449096593
Hong Kong,2028,4,24.282399419194007
Hong Kong,2028,5,25.05462953451297
Hong Kong,2028,6,25.633767070879003
Hong Kong,2028,7,25.923521986825108
Hong Kong,2028,8,25.844906913488558
Hong Kong,2028,9,25.358738144496783
Hong Kong,2028,10,24.48813662584962
Hong Kong,2028,11,23.34102894591433
Hong Kong,2028,12,22.132648325122318
Hong Kong,2029,1,21.59668898158725
Hong Kong,2029,2,22.54218581010082
Hong Kong,2029,3,23.46043783418736
Hong Kong,2029,4,24.338624769098715
Hong Kong,2029,5,25.11365649601521
Hong Kong,2029,6,25.694674051891525
Hong Kong,2029,7,25.98555061945899
Hong Kong,2029,8,25.907392517042354
Hong Kong,2029,9,25.421040188467487
Hong Kong,2029,10,24.549569193030948
Hong Kong,2029,11,23.40079119525126
Hong Kong,2029,12,22.189754954929413
Hong Kong,2030,1,21.637234863349477
Hong Kong,2030,2,22.59014640955229
Hong Kong,2030,3,23.51395132173002
Hong Kong,2030,4,24.3962036676794
Hong Kong,2030,5,25.174118144162094
Hong Kong,2030,6,25.757071066746903
Hong Kong,2030,7,26.04910135976843
Hong Kong,2030,8,25.971411546202035
Hong Kong,2030,9,25.484868737520628
Hong Kong,2030,10,24.612505623686047
Hong Kong,2030,11,23.462021462958546
Hong Kong,2030,12,22.24828307180087
Hong Kong,2031,1,21.678728932406557
Hong Kong,2031,2,22.639229456527573
Hong Kong,2031,3,23.56872812016536
Hong Kong,2031,4,24.455155861164712
Hong Kong,2031,5,25.236034709273554
Hong Kong,2031,6,25.82097877612341
Hong Kong,2031,7,26.11419524510802
Hong Kong,2031,8,26.036985361269217
Hong Kong,2031,9,25.55024542119736
Hong Kong,2031,10,24.67696776295361
Hong Kong,2031,11,23.52474175593761
Hong Kong,2031,12,22.30825479077339
Hong Kong,2032,1,21.721189208420583
Hong Kong,2032,2,22.689453616673745
Hong Kong,2032,3,23.624787487483445
Hong Kong,2032,4,24.515501146136558
Hong Kong,2032,5,25.29942647281223
Hong Kong,2032,6,25.886417892678764
Hong Kong,2032,7,26.18085336560125
Hong Kong,2032,8,26.10413537614022
Hong Kong,2032,9,25.61719192345572
Hong Kong,2032,10,24.74297751112772
Hong Kong,2032,11,23.58897413714385
Hong Kong,2032,12,22.36969228374892
Hong Kong,2033,1,21.764633759056778
Hong Kong,2033,2,22.74083760447411
Hong Kong,2033,3,23.682148731259986
Hong Kong,2033,4,24.577259369537387
Hong Kong,2033,5,25.36431376748169
Hong Kong,2033,6,25.953409181079223
Hong Kong,2033,7,26.24909686419869
Hong Kong,2033,8,26.17288305833881
Hong Kong,2033,9,25.685729982656085
Hong Kong,2033,10,24.81055682374881
Hong Kong,2033,11,23.65474072557572
Hong Kong,2033,12,22.432617779447355
Hong Kong,2034,1,21.80908069994348
Hong Kong,2034,2,22.793400183208178
Hong Kong,2034,3,23.7408312087
Hong Kong,2034,4,24.64045042885573
Hong Kong,2034,5,25.430716977182783
Hong Kong,2034,6,26.021973458054163
Hong Kong,2034,7,26.318946936710745
Hong Kong,2034,8,26.243249929081685
Hong Kong,2034,9,25.755881391710318
Hong Kong,2034,10,24.879727711640044
Hong Kong,2034,11,23.72206369632204
Hong Kong,2034,12,22.497053563508416
Hong Kong,2035,1,21.85454819480674
Hong Kong,2035,2,22.847160165053538
Hong Kong,2035,3,23.800854326696026
Hong Kong,2035,4,24.705094271966118
Hong Kong,2035,5,25.498656537133684
Hong Kong,2035,6,26.092131592425176
Hong Kong,2035,7,26.390424831884047
Hong Kong,2035,8,26.315257563260275
Hong Kong,2035,9,25.827667997998105
Hong Kong,2035,10,24.950512240994613
Hong Kong,2035,11,23.790965280616547
Hong Kong,2035,12,22.563021978542565
Hungary,2025,1,5.418148133646355
Hungary,2025,2,5.665860931997486
Hungary,2025,3,8.231716630271876
Hungary,2025,4,11.81857129850414
Hungary,2025,5,15.354764964523383
Hungary,2025,6,18.016622603784526
Hungary,2025,7,19.250955129294198
Hungary,2025,8,18.797560381511175
Hungary,2025,9,16.711724118254097
Hungary,2025,10,13.38672100457643
Hungary,2025,11,9.57631560266691
Hungary,2025,12,6.417263361768164
Hungary,2026,1,5.480399116674562
Hungary,2026,2,5.732787471334632
Hungary,2026,3,8.301491804072612
Hungary,2026,4,11.889881811622217
Hungary,2026,5,15.426741611457146
Hungary,2026,6,18.08877073176791
Hungary,2026,7,19.32308510126404
Hungary,2026,8,18.869718039154577
Hungary,2026,9,16.784121245012102
Hungary,2026,10,13.459665788680468
Hungary,2026,11,9.650143100120658
Hungary,2026,12,6.492265959387623
Hungary,2027,1,5.543694487984794
Hungary,2027,2,5.800967255531759
Hungary,2027,3,8.372692326634024
Hungary,2027,4,11.962755542103878
Hungary,2027,5,15.500387626566408
Hungary,2027,6,18.162665178334464
Hungary,2027,7,19.39701165929091
Hungary,2027,8,18.943698384829077
Hungary,2027,9,16.858345513716813
Hungary,2027,10,13.534423038029672
Hungary,2027,11,9.725751772945841
Hungary,2027,12,6.5690043468139265
Hungary,2028,1,5.60805195818557
Hungary,2028,2,5.870418704370422
Hungary,2028,3,8.445337273163204
Hungary,2028,4,12.037212166925201
Hungary,2028,5,15.575723234841462
Hungary,2028,6,18.23832666281396
Hungary,2028,7,19.472755963325653
Hungary,2028,8,19.01952296541367
Hungary,2028,9,16.93441880446062
Hungary,2028,10,13.611014912204155
Hungary,2028,11,9.80316400652464
Hungary,2028,12,6.647501081451082
Hungary,2029,1,5.673489285139112
Hungary,2029,2,5.941160285682599
Hungary,2029,3,8.519445767765319
Hungary,2029,4,12.113271412727954
Hungary,2029,5,15.6527687117823
Hungary,2029,6,18.315775955824392
Hungary,2029,7,19.55033922544044
Hungary,2029,8,19.097213380658104
Hungary,2029,9,17.01236305099974
Hungary,2029,10,13.68946362528095
Hungary,2029,11,9.882402241521959
Hungary,2029,12,6.727778776851665
Hungary,2030,1,5.740024273921335
Hungary,2030,2,6.013210515325227
Hungary,2030,3,8.595036983349019
Hungary,2030,4,12.190953055794125
Hungary,2030,5,15.731544383300388
Hungary,2030,6,18.395033879253788
Hungary,2030,7,19.629782709694155
Hungary,2030,8,19.176791283201055
Hungary,2030,9,17.092200240783313
Hungary,2030,10,13.76979144582674
Hungary,2030,11,9.96348897388907
Hungary,2030,12,6.809860102698622
Hungary,2031,1,5.807674776941894
Hungary,2031,2,6.086587957256597
Hungary,2031,3,8.672130141764683
Hungary,2031,4,12.27027692212232
Hungary,2031,5,15.812070625878732
Hungary,2031,6,18.476121306303867
Hungary,2031,7,19.7111077323907
Hungary,2031,8,19.258278378635623
Hungary,2031,9,17.17395241505892
Hungary,2031,10,13.852020696966974
Hungary,2031,11,10.046446754972749
Hungary,2031,12,6.893767784834381
Hungary,2032,1,5.876458693871427
Hungary,2032,2,6.1613112235800145
Hungary,2032,3,8.750744513797144
Hungary,2032,4,12.351262887485973
Hungary,2032,5,15.89436786652459
Hungary,2032,6,18.5590591615628
Hungary,2032,7,19.794335661933474
Hungary,2032,8,19.341696425552982
Hungary,2032,9,17.25764166881072
Hungary,2032,10,13.936173756469543
Hungary,2032,11,10.131298191577116
Hungary,2032,12,6.979524605329971
Hungary,2033,1,5.946393971845282
Hungary,2033,2,6.2373989746056395
Hungary,2033,3,8.830899419227535
Hungary,2033,4,12.43393087745153
Hungary,2033,5,15.978456582914987
Hungary,2033,6,18.643868421052503
Hungary,2033,7,19.879487919032726
Hungary,2033,8,19.427067235575123
Hungary,2033,9,17.34329015091589
Hungary,2033,10,14.022273056719314
Hungary,2033,11,10.21806594589816
Hungary,2033,12,7.067153402565054
Hungary,2034,1,6.017498605376204
Hungary,2034,2,6.314869918854129
Hungary,2034,3,8.912614226898768
Hungary,2034,4,12.518300867440303
Hungary,2034,5,16.064357303327597
Hungary,2034,6,18.730570112246824
Hungary,2034,7,19.966585976596434
Hungary,2034,8,19.51441267338396
Hungary,2034,9,17.430920064133716
Hungary,2034,10,14.110341084834545
Hungary,2034,11,10.306772735672894
Hungary,2034,12,7.156677071158811
Hungary,2035,1,6.089790636459838
Hungary,2035,2,6.393742813136669
Hungary,2035,3,8.995908354708263
Hungary,2035,4,12.604392882764841
Hungary,2035,5,16.15209060678626
Hungary,2035,6,18.819185314144306
Hungary,2035,7,20.055651359904914
Hungary,2035,8,19.6037546568341
Hungary,2035,9,17.520553665174702
Hungary,2035,10,14.20040038262323
Hungary,2035,11,10.3974413341939
Hungary,2035,12,7.248118562148193
Iceland,2025,1,-9.793756279307672
Iceland,2025,2,-8.742399476307583
Iceland,2025,3,-3.8420841133438444
Iceland,2025,4,2.575207337912616
Iceland,2025,5,8.637703014371255
Iceland,2025,6,12.95634265139688
Iceland,2025,7,14.647278572739197
Iceland,2025,8,13.35437668042232
Iceland,2025,9,9.27171744459065
Iceland,2025,10,3.166096893500253
Iceland,2025,11,-3.600472396693476
Iceland,2025,12,-9.048260311933518
Iceland,2026,1,-9.728437672655673
Iceland,2026,2,-8.67109563151007
Iceland,2026,3,-3.7671388023072723
Iceland,2026,4,2.6520912225432767
Iceland,2026,5,8.715393922205294
Iceland,2026,6,13.034210837330647
Iceland,2026,7,14.725126559981618
Iceland,2026,8,13.432369723469492
Iceland,2026,9,9.350313992298652
Iceland,2026,10,3.24597905207429
Iceland,2026,11,-3.518468400680831
Iceland,2026,12,-8.96321366849861
Iceland,2027,1,-9.662118638606444
Iceland,2027,2,-8.598545162646587
Iceland,2027,3,-3.6907404657531515
Iceland,2027,4,2.7305972563635805
Iceland,2027,5,8.794841342548352
Iceland,2027,6,13.11393765619232
Iceland,2027,7,14.804905575071643
Iceland,2027,8,13.512338981277026
Iceland,2027,9,9.430907251106873
Iceland,2027,10,3.32785624493863
Iceland,2027,11,-3.4344907028598755
Iceland,2027,12,-8.876231794015439
Iceland,2028,1,-9.594781803199112
Iceland,2028,2,-8.524729930016292
Iceland,2028,3,-3.612870251962704
Iceland,2028,4,2.8107449493700187
Iceland,2028,5,8.876065389981704
Iceland,2028,6,13.195543773429563
Iceland,2028,7,14.886636780670415
Iceland,2028,8,13.594306059990231
Iceland,2028,9,9.513519216919121
Iceland,2028,10,3.411750804055373
Iceland,2028,11,-3.3485166889686298
Iceland,2028,12,-8.787291845589607
Iceland,2029,1,-9.526409745746605
Iceland,2029,2,-8.449631746428167
Iceland,2029,3,-3.533509260930259
Iceland,2029,4,2.8925538606936243
Iceland,2029,5,8.959086229046989
Iceland,2029,6,13.279049905276224
Iceland,2029,7,14.970341390985595
Iceland,2029,8,13.67829261809402
Iceland,2029,9,9.598171938782798
Iceland,2029,10,3.4976851153378448
Iceland,2029,11,-3.260523689906222
Iceland,2029,12,-8.696370924676557
Iceland,2030,1,-9.456984998846565
Iceland,2030,2,-8.373232377120985
Iceland,2030,3,-3.452638544283218
Iceland,2030,4,2.976043598632714
Iceland,2030,5,9.043924074228016
Iceland,2030,6,13.36447681874506
Iceland,2030,7,15.056040671815026
Iceland,2030,8,13.764320366452921
Iceland,2030,9,9.684887518939831
Iceland,2030,10,3.5856816186978904
Iceland,2030,11,-3.170488981805647
Iceland,2030,12,-8.603446077143417
Iceland,2031,1,-9.386490048290398
Iceland,2031,2,-8.295513539752392
Iceland,2031,3,-3.3702391052420353
Iceland,2031,4,3.0612338206601635
Iceland,2031,5,9.130599190070825
Iceland,2031,6,13.451845331649565
Iceland,2031,7,15.143755940590381
Iceland,2031,8,13.852411068405672
Iceland,2031,9,9.773688112935815
Iceland,2031,10,3.675762808136824
Iceland,2031,11,-3.0783897858955243
Iceland,2031,12,-8.508494293156218
Iceland,2032,1,-9.314907333041447
Iceland,2032,2,-8.21645690436253
Iceland,2032,3,-3.2862918985911165
Iceland,2032,4,3.14814423356529
Iceland,2032,5,9.219131891125471
Iceland,2032,6,13.54117631270583
Iceland,2032,7,15.23350856640991
Iceland,2032,8,13.942586539754302
Iceland,2032,9,9.864595929532697
Iceland,2032,10,3.767951231763618
Iceland,2032,11,-2.9842032685182858
Iceland,2032,12,-8.41149250721628
Iceland,2033,1,-9.242219245191336
Iceland,2033,2,-8.136044093253986
Iceland,2033,3,-3.2007778306060573
Iceland,2033,4,3.2367945933956435
Iceland,2033,5,9.3095425421061
Iceland,2033,6,13.632490681507079
Iceland,2033,7,15.325319970125747
Iceland,2033,8,14.034868648847805
Iceland,2033,9,9.957633230927058
Iceland,2033,10,3.862269491783991
Iceland,2033,11,-2.8879065410319527
Iceland,2033,12,-8.31241759797831
Iceland,2034,1,-9.168408129923591
Iceland,2034,2,-8.05425668105363
Iceland,2034,3,-3.11367775904273
Iceland,2034,4,3.327204705544318
Iceland,2034,5,9.401851557840018
Iceland,2034,6,13.72580940865464
Iceland,2034,7,15.419211624325726
Iceland,2034,8,14.129279316611246
Iceland,2034,9,10.052822332619144
Iceland,2034,10,3.9587402446422857
Iceland,2034,11,-2.789476659839238
Iceland,2034,12,-8.2112463883268
Iceland,2035,1,-9.093456285426328
Iceland,2035,2,-7.971076194585294
Iceland,2035,3,-3.0249724930426964
Iceland,2035,4,3.4193944248045227
Iceland,2035,5,9.496079403384101
Iceland,2035,6,13.821153515721562
Iceland,2035,7,15.515205053435238
Iceland,2035,8,14.2258405165785
Iceland,2035,9,10.150185603562022
Iceland,2035,10,4.0573862010323865
Iceland,2035,11,-2.6888906262202
Iceland,2035,12,-8.107955645343282
India,2025,1,22.494672072288267
India,2025,2,23.720601672584053
India,2025,3,24.653961188790163
India,2025,4,25.401822614015146
India,2025,5,25.995998519979366
India,2025,6,26.415543046788116
India,2025,7,26.609252892872064
India,2025,8,26.518168304884057
India,2025,9,26.09807406758864
India,2025,10,25.342000493766136
India,2025,11,24.30272441412035
India,2025,12,23.115270167179006
India,2026,1,22.52914799749942
India,2026,2,23.76214198357502
India,2026,3,24.700818618396625
India,2026,4,25.452600479483408
India,2026,5,26.04958118594095
India,2026,6,26.47102638827073
India,2026,7,26.66587475833967
India,2026,8,26.575238979247843
India,2026,9,26.15490673525437
India,2026,10,25.397841701623292
India,2026,11,24.35668453454582
India,2026,12,23.166253861077166
India,2027,1,22.564473287639885
India,2027,2,23.804700293688256
India,2027,3,24.748829826859037
India,2027,4,25.504637566486963
India,2027,5,26.104500696522337
India,2027,6,26.527898895318685
India,2027,7,26.723915325616872
India,2027,8,26.633737624420064
India,2027,9,26.213158892886895
India,2027,10,25.455078686206434
India,2027,11,24.412004003535003
India,2027,12,23.218550277885697
India,2028,1,22.600665766710335
India,2028,2,23.848295063614387
India,2028,3,24.798013857828664
India,2028,4,25.5579534479848
India,2028,5,26.16077710026093
India,2028,6,26.58618103833669
India,2028,7,26.783395433268197
India,2028,8,26.69368539338484
India,2028,9,26.272851954193357
India,2028,10,25.513733068274632
India,2028,11,24.468704595169584
India,2028,12,23.27218129126868
India,2029,1,22.637743306554512
India,2029,2,23.89294480269473
India,2029,3,24.848389804480576
India,2029,4,25.61256774719459
India,2029,5,26.218430496767724
India,2029,6,26.64589333960339
India,2029,7,26.844335972532463
India,2029,8,26.75510349263004
India,2029,9,26.334007387232305
India,2029,10,25.57382652369506
India,2029,11,24.52680813942152
India,2029,12,23.32716883165358
India,2030,1,22.675723826906506
India,2030,2,23.93866806899041
India,2030,3,24.89997680941542
India,2030,4,25.668500137643605
India,2030,5,26.277481036745485
India,2030,6,26.707056373304113
India,2030,7,26.90675788734825
India,2030,8,26.818013182172763
India,2030,9,26.39664671435912
India,2030,10,25.635380783497567
India,2030,11,24.586336522273086
India,2030,12,23.38353488622397
India,2031,1,22.714625295459882
India,2031,2,23.98548346928601
India,2031,3,24.952794064877708
India,2031,4,25.725770343256045
India,2031,5,26.337948922094256
India,2031,6,26.769690765625455
India,2031,7,26.970682174481226
India,2031,8,26.88243577566118
India,2031,9,26.460791512367905
India,2031,10,25.698417633936515
India,2031,11,24.647311685720524
India,2031,12,23.441301499035944
India,2032,1,22.754465727864044
India,2032,2,24.033409659184144
India,2032,3,25.006860812650302
India,2032,4,25.784398138338474
India,2032,5,26.399854405951373
India,2032,6,26.833817194788026
India,2032,7,27.036129883556896
India,2032,8,26.948392640363636
India,2032,9,26.526463412509656
India,2032,10,25.76295891648715
India,2032,11,24.709755627817685
India,2032,12,23.50049077096355
India,2033,1,22.795263187822457
India,2033,2,24.08246534308364
India,2033,3,25.062196344203585
India,2033,4,25.84440334766714
India,2033,5,26.46321779268783
India,2033,6,26.899456391053718
India,2033,7,27.103122117020575
India,2033,8,27.015905197212305
India,2033,9,26.59368410051411
India,2033,10,25.829026527976566
India,2033,11,24.773690402716056
India,2033,12,23.561124859826123
India,2034,1,22.83703578708537
India,2034,2,24.132669274325053
India,2034,3,25.118820000651795
India,2034,4,25.90580584649524
India,2034,5,26.528059437973752
India,2034,6,26.966629136834854
India,2034,7,27.17168003027564
India,2034,8,27.08499492091596
India,2034,9,26.662475316658856
India,2034,10,25.8966424205546
India,2034,11,24.839138120755706
India,2034,12,23.62322598042101
India,2035,1,22.879801685548045
India,2035,2,24.184040255103355
India,2035,3,25.176751172873082
India,2035,4,25.96862556061842
India,2035,5,26.59439974884026
India,2035,6,27.035356266643248
India,2035,7,27.241824831665326
India,2035,8,27.155683339934512
India,2035,9,26.732858855772974
India,2035,10,25.965828601737485
India,2035,11,24.906120948428907
India,2035,12,23.686816404509045
Indonesia,2025,1,23.13197200691593
Indonesia,2025,2,24.598672977977003
Indonesia,2025,3,25.58217589591095
Indonesia,2025,4,26.271658534170456
Indonesia,2025,5,26.76401795612128
Indonesia,2025,6,27.086371504819
Indonesia,2025,7,27.218557793025866
Indonesia,2025,8,27.115637693063945
Indonesia,2025,9,26.730395326671896
Indonesia,2025,10,26.035839055003635
Indonesia,2025,11,25.047702468386888
Indonesia,2025,12,23.84694537632913
Indonesia,2026,1,23.16486728935797
Indonesia,2026,2,24.63887396070004
Indonesia,2026,3,25.627920253807133
Indonesia,2026,4,26.321525298740198
Indonesia,2026,5,26.81685797845512
Indonesia,2026,6,27.141237918703155
Indonesia,2026,7,27.27463647789864
Indonesia,2026,8,27.172177737033962
Indonesia,2026,9,26.78663948956546
Indonesia,2026,10,26.09095423134295
Indonesia,2026,11,25.100710150462874
Indonesia,2026,12,23.896652117216036
Indonesia,2027,1,23.198592479658146
Indonesia,2027,2,24.680071464915272
Indonesia,2027,3,25.674795112973698
Indonesia,2027,4,26.372626427940304
Indonesia,2027,5,26.871008629856988
Indonesia,2027,6,27.1974661445538
Indonesia,2027,7,27.332105593556662
Indonesia,2027,8,27.23011678396597
Indonesia,2027,9,26.84427369842615
Indonesia,2027,10,26.147435484906055
Indonesia,2027,11,25.15504744671216
Indonesia,2027,12,23.94764203230534
Indonesia,2028,1,23.233165397542507
Indonesia,2028,2,24.72228394292779
Indonesia,2028,3,25.722819504587278
Indonesia,2028,4,26.424981478162408
Indonesia,2028,5,26.92648993817511
Indonesia,2028,6,27.25507662799373
Indonesia,2028,7,27.390985949682545
Indonesia,2028,8,27.28947595392765
Indonesia,2028,9,26.90331932992285
Indonesia,2028,10,26.205304395273743
Indonesia,2028,11,25.210736085916324
Indonesia,2028,12,23.999936945937407
Indonesia,2029,1,23.268603910634738
Indonesia,2029,2,24.765529895755208
Indonesia,2029,3,25.772012509402884
Indonesia,2029,4,26.47861005611867
Indonesia,2029,5,26.983321982393136
Indonesia,2029,6,27.314089866545146
Indonesia,2029,7,27.451298408651382
Indonesia,2029,8,27.35027642040677
Indonesia,2029,9,26.963797815043108
Indonesia,2029,10,26.264582597185836
Indonesia,2029,11,25.267797852823605
Indonesia,2029,12,24.053558739146865
Indonesia,2030,1,23.304925934470702
Indonesia,2030,2,24.809827873167706
Indonesia,2030,3,25.8223932576484
Indonesia,2030,4,26.533531818830852
Indonesia,2030,5,27.041524892604684
Indonesia,2030,6,27.37452640972424
Indonesia,2030,7,27.513063885654446
Indonesia,2030,8,27.41253941056584
Indonesia,2030,9,27.025730639154972
Indonesia,2030,10,26.32529178053028
Indonesia,2030,11,25.326254588203483
Indonesia,2030,12,24.10852934986997
Indonesia,2031,1,23.34214943257848
Indonesia,2031,2,24.855196473695287
Indonesia,2031,3,25.87398092917374
Indonesia,2031,4,26.5897664737613
Indonesia,2031,5,27.101118850177045
Indonesia,2031,6,27.436406859048475
Indonesia,2031,7,27.576303348699184
Indonesia,2031,8,27.47628620518026
Indonesia,2031,9,27.089139342108865
Indonesia,2031,10,26.387453690521397
Indonesia,2031,11,25.386128188875773
Indonesia,2031,12,24.164870772860922
Indonesia,2032,1,23.3802924165293
Indonesia,2032,2,24.901654344696908
Indonesia,2032,3,25.926794753472677
Indonesia,2032,4,26.64733377880202
Indonesia,2032,5,27.16212408771844
Indonesia,2032,6,27.49975186809479
Indonesia,2032,7,27.64103781862741
Indonesia,2032,8,27.541538138674696
Indonesia,2032,9,27.15404551818665
Indonesia,2032,10,26.451090127619864
Indonesia,2032,11,25.447440607776116
Indonesia,2032,12,24.22260505975737
Indonesia,2033,1,23.41937294590116
Indonesia,2033,2,24.949220182436875
Indonesia,2033,3,25.98085400968648
Indonesia,2033,4,26.706253542325612
Indonesia,2033,5,27.224560889074382
Indonesia,2033,6,27.564582142568725
Indonesia,2033,7,27.707288369238995
Indonesia,2033,8,27.608316599224963
Indonesia,2033,9,27.220470816276247
Indonesia,2033,10,26.516222947638198
Indonesia,2033,11,25.510213853959613
Indonesia,2033,12,24.281754319196807
Indonesia,2034,1,23.459409128420702
Indonesia,2034,2,24.997912732055738
Indonesia,2034,3,26.03617802672761
Indonesia,2034,4,26.76654562325075
Indonesia,2034,5,27.288449589505944
Indonesia,2034,6,27.630918440286223
Indonesia,2034,7,27.77507612725185
Indonesia,2034,8,27.676643028739818
Indonesia,2034,9,27.288436939740677
Indonesia,2034,10,26.582874061762595
Indonesia,2034,11,25.574469992695413
Indonesia,2034,12,24.342340716791114
Indonesia,2035,1,23.500419119966864
Indonesia,2035,2,25.047750787693985
Indonesia,2035,3,26.09278618324697
Indonesia,2035,4,26.82822993107493
Indonesia,2035,5,27.353810575609714
Indonesia,2035,6,27.698781571311883
Indonesia,2035,7,27.844422272429256
Indonesia,2035,8,27.74653892299193
Indonesia,2035,9,27.357965646643606
Indonesia,2035,10,26.651065436603858
Indonesia,2035,11,25.640231145470352
Indonesia,2035,12,24.40438647522842
Iran,2025,1,15.187252369360976
Iran,2025,2,15.319077484634363
Iran,2025,3,16.571864068338073
Iran,2025,4,18.363799929201377
Iran,2025,5,20.183000251098747
Iran,2025,6,21.610008582939372
Iran,2025,7,22.340297828611256
Iran,2025,8,22.20677123681253
Iran,2025,9,21.202263391006454
Iran,2025,10,19.502041199292762
Iran,2025,11,17.486304884246238
Iran,2025,12,15.762688972969954
Iran,2026,1,15.236464997787152
Iran,2026,2,15.373720818865877
Iran,2026,3,16.630234087574536
Iran,2026,4,18.42462190727838
Iran,2026,5,20.245359219480633
Iran,2026,6,21.673279793784786
Iran,2026,7,22.40407721774045
Iran,2026,8,22.270805886772905
Iran,2026,9,21.26638199406534
Iran,2026,10,19.566084520415643
Iran,2026,11,17.550056224242326
Iran,2026,12,15.825804631368555
Iran,2027,1,15.286656323737589
Iran,2027,2,15.429529833972083
Iran,2027,3,16.689922034654046
Iran,2027,4,18.486881841207833
Iran,2027,5,20.309246470257676
Iran,2027,6,21.73814242948083
Iran,2027,7,22.469486507588044
Iran,2027,8,22.33648676411849
Iran,2027,9,21.33214351942388
Iran,2027,10,19.631750344525244
Iran,2027,11,17.615395050995176
Iran,2027,12,15.890460680912838
Iran,2028,1,15.33784416108847
Iran,2028,2,15.486523015491002
Iran,2028,3,16.750947013079895
Iran,2028,4,18.5505993987872
Iran,2028,5,20.374682181737626
Iran,2028,6,21.804617125207187
Iran,2028,7,22.536546736425407
Iran,2028,8,22.40383525656671
Iran,2028,9,21.39956965055626
Iran,2028,10,19.699060597057723
Iran,2028,11,17.682343478286384
Iran,2028,12,15.95667936996415
Iran,2029,1,15.39004637123162
Iran,2029,2,15.544718897327584
Iran,2029,3,16.81332817553357
Iran,2029,4,18.615794297727007
Iran,2029,5,20.441686583039882
Iran,2029,6,21.87272456770461
Iran,2029,7,22.605278994987202
Iran,2029,8,22.472872805062252
Iran,2029,9,21.468682124935185
Iran,2029,10,19.76803725830632
Iran,2029,11,17.750923675500417
Iran,2029,12,16.024483003334353
Iran,2030,1,15.443280863161817
Iran,2030,2,15.604136061753707
Iran,2030,3,16.877084723863845
Iran,2030,4,18.682486305796374
Iran,2030,5,20.510279954062753
Iran,2030,6,21.942485495340406
Iran,2030,7,22.67570442636952
Iran,2030,8,22.54362090376253
Iran,2030,9,21.539502734050075
Iran,2030,10,19.838702363414086
Iran,2030,11,17.821157867704642
Iran,2030,12,16.093893942293107
Iran,2031,1,15.497565593513173
Iran,2031,2,15.66479313948821
Iran,2031,3,16.942235909195915
Iran,2031,4,18.7506952407648
Iran,2031,5,20.58048262556349
Iran,2031,6,22.013920698170296
Iran,2031,7,22.74784422618268
Iran,2031,8,22.616101100154083
Iran,2031,9,21.61205332350164
Iran,2031,10,19.91107800239206
Iran,2031,11,17.893068335645694
Iran,2031,12,16.164934604633345
Iran,2032,1,15.552918566533663
Iran,2032,2,15.72670880971873
Iran,2032,3,17.008801031913208
Iran,2032,4,18.82044097052585
Iran,2032,5,20.652314979256516
Iran,2032,6,22.087051017938393
Iran,2032,7,22.821719642536664
Iran,2032,8,22.69033499496527
Iran,2032,9,21.686355793012808
Iran,2032,10,19.985186320239336
Iran,2032,11,17.966677415851336
Iran,2032,12,16.237627464656725
Iran,2033,1,15.60935783424884
Iran,2033,2,15.789901800163534
Iran,2033,3,17.07679944173742
Iran,2033,4,18.891743413119002
Iran,2033,5,20.72579744770428
Iran,2033,6,22.16189734812815
Iran,2033,7,22.897351976135724
Iran,2033,8,22.766344242384548
Iran,2033,9,21.76243209651966
Iran,2033,10,20.061049516906678
Iran,2033,11,18.0420075006341
Iran,2033,12,16.31199505334098
Iran,2034,1,15.666901496421815
Iran,2034,2,15.854390887104273
Iran,2034,3,17.14625053778309
Iran,2034,4,18.964622536740535
Iran,2034,5,20.800950514550095
Iran,2034,6,22.238480634071493
Iran,2034,7,22.97476258022016
Iran,2034,8,22.8441505499477
Iran,2034,9,21.84030424212051
Iran,2034,10,20.138689847391106
Iran,2034,11,18.119081038105833
Iran,2034,12,16.38805995826715
Iran,2035,1,15.725567700611464
Iran,2035,2,15.920194895455097
Iran,2035,3,17.217173768564862
Iran,2035,4,19.039098359823583
Iran,2035,5,20.877794714438096
Iran,2035,6,22.316821872894252
Iran,2035,7,23.053972860788235
Iran,2035,8,22.923775678716083
Iran,2035,9,21.919994292246884
Iran,2035,10,20.218129621772277
Iran,2035,11,18.197920532355965
Iran,2035,12,16.465844823754196
Iraq,2025,1,20.910820666228574
Iraq,2025,2,21.702750160290634
Iraq,2025,3,22.598327015862196
Iraq,2025,4,23.526471235360987
Iraq,2025,5,24.377978750305374
Iraq,2025,6,25.02802241124391
Iraq,2025,7,25.35865297771761
Iraq,2025,8,25.28130010804398
Iraq,2025,9,24.759273349275645
Iraq,2025,10,23.830263127126273
Iraq,2025,11,22.62884173578732
Iraq,2025,12,21.408964327912145
Iraq,2026,1,20.948941672560068
Iraq,2026,2,21.747443124896563
Iraq,2026,3,22.64787024834459
Iraq,2026,4,23.57951376186338
Iraq,2026,5,24.433470776640206
Iraq,2026,6,25.08514578583072
Iraq,2026,7,25.41675165463039
Iraq,2026,8,25.339810610033055
Iraq,2026,9,24.81765523082595
Iraq,2026,10,23.887929437366438
Iraq,2026,11,22.685089481609793
Iraq,2026,12,21.462904936969608
Iraq,2027,1,20.987951366828383
Iraq,2027,2,21.793197915071687
Iraq,2027,3,22.698615108177364
Iraq,2027,4,23.63386689916024
Iraq,2027,5,24.490354096230476
Iraq,2027,6,25.14371535266855
Iraq,2027,7,25.47632815673296
Iraq,2027,8,25.399809821549752
Iraq,2027,9,24.87751847501295
Iraq,2027,10,23.947054049677718
Iraq,2027,11,22.7427592726317
Iraq,2027,12,21.51822065549368
Iraq,2028,1,21.02786757838203
Iraq,2028,2,21.840033005811165
Iraq,2028,3,22.750580662302127
Iraq,2028,4,23.689550252381196
Iraq,2028,5,24.548648798755494
Iraq,2028,6,25.203751632231615
Iraq,2028,7,25.53740338159787
Iraq,2028,8,25.461318963535632
Iraq,2028,9,24.938884572519783
Iraq,2028,10,24.007658670657293
Iraq,2028,11,22.80187297773682
Iraq,2028,12,21.574933460943612
Iraq,2029,1,21.068708184328898
Iraq,2029,2,21.887966920622603
Iraq,2029,3,22.803786026987837
Iraq,2029,4,23.74658347683817
Iraq,2029,5,24.6083750248481
Iraq,2029,6,25.265275196769835
Iraq,2029,7,25.599998279388274
Iraq,2029,8,25.524359310341424
Iraq,2029,9,25.001775068162715
Iraq,2029,10,24.069765061995895
Iraq,2029,11,22.862452521648265
Iraq,2029,12,21.63306538738925
Iraq,2030,1,21.110491109561735
Iraq,2030,2,21.93701823169704
Iraq,2030,3,22.85825036795086
Iraq,2030,4,23.804986278109027
Iraq,2030,5,24.669552966207448
Iraq,2030,6,25.32830667041071
Iraq,2030,7,25.664133852916166
Iraq,2030,8,25.58895218982161
Iraq,2030,9,25.066211561102136
Iraq,2030,10,24.133395040394134
Iraq,2030,11,22.924519884986694
Iraq,2030,12,21.692638525663824
Iraq,2031,1,21.153234326867278
Iraq,2031,2,21.98720555989439
Iraq,2031,3,22.913992900402263
Iraq,2031,4,23.864778412023043
Iraq,2031,5,24.732202865613544
Iraq,2031,6,25.392866729170237
Iraq,2031,7,25.729831157751505
Iraq,2031,8,25.655118983348984
Iraq,2031,9,25.132215704828013
Iraq,2031,10,24.19857047773712
Iraq,2031,11,22.988097104313965
Iraq,2031,12,21.753675023302094
Iraq,2032,1,21.196955856922614
Iraq,2032,2,22.038547574717995
Iraq,2032,3,22.97103288902963
Iraq,2032,4,23.925979684759113
Iraq,2032,5,24.796345016974556
Iraq,2032,6,25.458976101011103
Iraq,2032,7,25.797111302182202
Iraq,2032,8,25.722881125840104
Iraq,2032,9,25.199809207163526
Iraq,2032,10,24.265313301072638
Iraq,2032,11,23.05320627218771
Iraq,2032,12,21.816197084642226
Iraq,2033,1,21.241673768346118
Iraq,2033,2,22.091062994485583
Iraq,2033,3,23.02938964815712
Iraq,2033,4,23.98860995285304
Iraq,2033,5,24.861999765410474
Iraq,2033,6,25.52665556584998
Iraq,2033,7,25.865995447290516
Iraq,2033,8,25.792260105802598
Iraq,2033,9,25.269013830341464
Iraq,2033,10,24.33364549266571
Iraq,2033,11,23.11986953717951
Iraq,2033,12,21.880226970862168
Iraq,2034,1,21.287406177744742
Iraq,2034,2,22.144770586336563
Iraq,2034,3,23.08908254162543
Iraq,2034,4,24.05268912325937
Iraq,2034,5,24.929187507227653
Iraq,2034,6,25.595925955721214
Iraq,2034,7,25.9365048070149
Iraq,2034,8,25.86327746542247
Iraq,2034,9,25.339851391102457
Iraq,2034,10,24.403589090034984
Iraq,2034,11,23.18810910392949
Iraq,2034,12,21.9457870000233
Iraq,2035,1,21.33417124980133
Iraq,2035,2,22.19968916619564
Iraq,2035,3,23.15013098298823
Iraq,2035,4,24.11823715340597
Iraq,2035,5,24.997928690031586
Iraq,2035,6,25.666808154653154
Iraq,2035,7,26.008660648179102
Iraq,2035,8,25.935954800549553
Iraq,2035,9,25.412343760622207
Iraq,2035,10,24.475166186054594
Iraq,2035,11,23.257947233226332
Iraq,2035,12,22.012899547110464
Ireland,2025,1,3.698710196143111
Ireland,2025,2,4.035412679379988
Ireland,2025,3,6.8709503706531905
Ireland,2025,4,10.78976169158068
Ireland,2025,5,14.628025142716979
Ireland,2025,6,17.49616029340632
Ireland,2025,7,18.80132877171218
Ireland,2025,8,18.269935254284974
Ireland,2025,9,15.970128456320708
Ireland,2025,10,12.334302121377732
Ireland,2025,11,8.181596011313559
Ireland,2025,12,4.7403968961853025
Ireland,2026,1,3.7624511696494665
Ireland,2026,2,4.103819221862977
Ireland,2026,3,6.942157547179704
Ireland,2026,4,10.86243242814544
Ireland,2026,5,14.701280689220766
Ireland,2026,6,17.569510686743342
Ireland,2026,7,18.87460329874102
Ireland,2026,8,18.34321291487595
Ireland,2026,9,16.04366842633044
Ireland,2026,10,12.408474215718343
Ireland,2026,11,8.256811146930886
Ireland,2026,12,4.817037555109891
Ireland,2027,1,3.8272401708063626
Ireland,2027,2,4.17348656640479
Ireland,2027,3,7.014801207130404
Ireland,2027,4,10.936680753883593
Ireland,2027,5,14.776222872541439
Ireland,2027,6,17.644627223792668
Ireland,2027,7,18.949696453118122
Ireland,2027,8,18.418337180607523
Ireland,2027,9,16.119060990899925
Ireland,2027,10,12.484485423080514
Ireland,2027,11,8.333834960537388
Ireland,2027,12,4.895442020927476
Ireland,2028,1,3.893094883399499
Ireland,2028,2,4.244433112272418
Ireland,2028,3,7.088900411538816
Ireland,2028,4,11.012526337935014
Ireland,2028,5,14.852871916137701
Ireland,2028,6,17.72153062869711
Ireland,2028,7,19.026629405919266
Ireland,2028,8,18.495329615817354
Ireland,2028,9,16.196328053884827
Ireland,2028,10,12.562357933104977
Ireland,2028,11,8.412689873909585
Ireland,2028,12,4.975632893802867
Ireland,2029,1,3.9600330383555047
Ireland,2029,2,4.316677306681413
Ireland,2029,3,7.1644742702419535
Ireland,2029,4,11.089988898985212
Ireland,2029,5,14.931248093887007
Ireland,2029,6,17.800241676749465
Ireland,2029,7,19.105423380214233
Ireland,2029,8,18.574211837571966
Ireland,2029,9,16.275491572706414
Ireland,2029,10,12.642113989940299
Ireland,2029,11,8.493398364030327
Ireland,2029,12,5.057632829958493
Ireland,2030,1,4.028072413821974
Ireland,2030,2,4.390237644872286
Ireland,2030,3,7.241541941843934
Ireland,2030,4,11.169088205348999
Ireland,2030,5,15.011371730056453
Ireland,2030,6,17.880781194527117
Ireland,2030,7,19.186099651125005
Ireland,2030,8,18.655005515895937
Ireland,2030,9,16.356573558497075
Ireland,2030,10,12.72377589208645
Ireland,2030,11,8.575982963205206
Ireland,2030,12,5.141464541681671
Ireland,2031,1,4.097230835134724
Ireland,2031,2,4.46513267012142
Ireland,2031,3,7.320122633806932
Ireland,2031,4,11.249844074974135
Ireland,2031,5,15.093263199419198
Ireland,2031,6,17.96317005985202
Ireland,2031,7,19.268679545843952
Ireland,2031,8,18.737732373630024
Ireland,2031,9,16.439596076096677
Ireland,2031,10,12.807365992620362
Ireland,2031,11,8.660466259033456
Ireland,2031,12,5.227150797430113
Ireland,2032,1,4.167526174941486
Ireland,2032,2,4.541380973770174
Ireland,2032,3,7.400235602531211
Ireland,2032,4,11.332276375550464
Ireland,2032,5,15.176942927221717
Ireland,2032,6,18.04742920188164
Ireland,2032,7,19.353184443684768
Ireland,2032,8,18.822414186547576
Ireland,2032,9,16.524581244019828
Ireland,2032,10,12.89290669915954
Ireland,2032,11,8.746870894455242
Ireland,2032,12,5.314714421773715
Ireland,2033,1,4.238976353209182
Ireland,2033,2,4.619001195315832
Ireland,2033,3,7.481900153286006
Ireland,2033,4,11.416405024466258
Ireland,2033,5,15.26243138927839
Ireland,2033,6,18.133579601094425
Ireland,2033,7,19.439635776158866
Ireland,2033,8,18.90907278344912
Ireland,2033,9,16.611551234634135
Ireland,2033,10,12.980420473887534
Ireland,2033,11,8.835219567853528
Ireland,2033,12,5.40417829553644
Ireland,2034,1,4.31159933728577
Ireland,2034,2,4.698012022433431
Ireland,2034,3,7.565135640395056
Ireland,2034,4,11.502249988961012
Ireland,2034,5,15.349749112022437
Ireland,2034,6,18.221642289449846
Ireland,2034,7,19.528055026971742
Ireland,2034,8,18.997730046136894
Ireland,2034,9,16.700528274120188
Ireland,2034,10,13.06992983366672
Ireland,2034,11,8.925535033017695
Ireland,2034,12,5.495565355763574
Ireland,2035,1,4.38541314188933
Ireland,2035,2,4.7784321910121434
Ireland,2035,3,7.64996146716021
Ireland,2035,4,11.589831286059962
Ireland,2035,5,15.438916672516825
Ireland,2035,6,18.31163835029747
Ireland,2035,7,19.618463732124837
Ireland,2035,8,19.088407909469424
Ireland,2035,9,16.791534642518855
Ireland,2035,10,13.161457350045566
Ireland,2035,11,9.017840099259956
Ireland,2035,12,5.5888985958272315
Isle of Man,2025,1,4.136267346101704
Isle of Man,2025,2,4.44932818572579
Isle of Man,2025,3,7.215736866336556
Isle of Man,2025,4,11.04995641498408
Isle of Man,2025,5,14.811518649207756
Isle of Man,2025,6,17.627525166878513
Isle of Man,2025,7,18.915148336186576
Isle of Man,2025,8,18.404132285421838
Isle of Man,2025,9,16.159293893012546
Isle of Man,2025,10,12.603023777298404
Isle of Man,2025,11,8.537787286481944
Isle of Man,2025,12,5.168625488539874
Isle of Man,2026,1,4.199653847675108
Isle of Man,2026,2,4.517379345271365
Isle of Man,2026,3,7.2865978801355595
Isle of Man,2026,4,11.12229672351259
Isle of Man,2026,5,14.884462400173106
Isle of Man,2026,6,17.70058167825937
Isle of Man,2026,7,18.988142559174776
Isle of Man,2026,8,18.47713526755342
Isle of Man,2026,9,16.232553241095047
Isle of Man,2026,10,12.676894120465477
Isle of Man,2026,11,8.612660739197054
Isle of Man,2026,12,5.244862113632735
Isle of Man,2027,1,4.264087656230004
Isle of Man,2027,2,4.586689584558371
Isle of Man,2027,3,7.358892739860494
Isle of Man,2027,4,11.196211155064702
Isle of Man,2027,5,14.959088579559648
Isle of Man,2027,6,17.775399469189324
Isle of Man,2027,7,19.062949976095297
Isle of Man,2027,8,18.551978938620778
Isle of Man,2027,9,16.307658871189233
Isle of Man,2027,10,12.752596954244837
Isle of Man,2027,11,8.689336024101976
Isle of Man,2027,12,5.32285556291481
Isle of Man,2028,1,4.329586462609768
Isle of Man,2028,2,4.65727730832532
Isle of Man,2028,3,7.432640510444799
Isle of Man,2028,4,11.271719380984905
Isle of Man,2028,5,15.035417411473645
Isle of Man,2028,6,17.851999262872596
Isle of Man,2028,7,19.13959175546279
Isle of Man,2028,8,18.628684858745146
Isle of Man,2028,9,16.38463268135547
Isle of Man,2028,10,12.83015446092486
Isle of Man,2028,11,8.767835554009253
Isle of Man,2028,12,5.402628425960756
Isle of Man,2029,1,4.39616800487147
Isle of Man,2029,2,4.729160969292025
Isle of Man,2029,3,7.507860305578106
Isle of Man,2029,4,11.348841122276099
Isle of Man,2029,5,15.113469170465578
Isle of Man,2029,6,17.930401833677934
Isle of Man,2029,7,19.218089117800446
Isle of Man,2029,8,18.707274640918513
Isle of Man,2029,9,16.463496623296123
Isle of Man,2029,10,12.909588877214446
Isle of Man,2029,11,8.848181796912286
Isle of Man,2029,12,5.484203348431947
Isle of Man,2030,1,4.463850068238571
Isle of Man,2030,2,4.802359068181431
Isle of Man,2030,3,7.584571287764447
Isle of Man,2030,4,11.427596149508645
Isle of Man,2030,5,15.193264181486484
Isle of Man,2030,6,18.010628007236846
Isle of Man,2030,7,19.298463335658198
Isle of Man,2030,8,18.78776995093449
Isle of Man,2030,9,16.544272702359194
Isle of Man,2030,10,12.99092249433761
Isle of Man,2030,11,8.930397276149051
Isle of Man,2030,12,5.567603032003717
Isle of Man,2031,1,4.53265048519188
Isle of Man,2031,2,4.876890153788736
Isle of Man,2031,3,7.66279266840229
Isle of Man,2031,4,11.508004282962247
Isle of Man,2031,5,15.274822819989822
Isle of Man,2031,6,18.092698660454516
Isle of Man,2031,7,19.380735733761867
Isle of Man,2031,8,18.87019250755202
Isle of Man,2031,9,16.626982977654734
Isle of Man,2031,10,13.074177657960718
Isle of Man,2031,11,9.014504570369354
Isle of Man,2031,12,5.652850234594553
Isle of Man,2032,1,4.602587135509566
Isle of Man,2032,2,4.952772822992301
Isle of Man,2032,3,7.742543707762707
Isle of Man,2032,4,11.590085392600486
Isle of Man,2032,5,15.358165511916923
Isle of Man,2032,6,18.17663472158256
Isle of Man,2032,7,19.46492768890039
Isle of Man,2032,8,18.95456408242262
Isle of Man,2032,9,16.711649561978447
Isle of Man,2032,10,13.159376768392576
Isle of Man,2032,11,9.100526313556657
Isle of Man,2032,12,5.7399677702314875
Isle of Man,2033,1,4.673677946314456
Isle of Man,2033,2,5.030025720826416
Isle of Man,2033,3,7.823843715091243
Isle of Man,2033,4,11.673859398198147
Isle of Man,2033,5,15.443312733835228
Isle of Man,2033,6,18.26245717024085
Isle of Man,2033,7,19.55106063005678
Isle of Man,2033,8,19.040906500239544
Isle of Man,2033,9,16.798294621968125
Isle of Man,2033,10,13.246542280526228
Isle of Man,2033,11,9.18848519520634
Isle of Man,2033,12,5.82897850918107
Isle of Man,2034,1,4.745940892103135
Isle of Man,2034,2,5.108667540514034
Isle of Man,2034,3,7.906712048640657
Isle of Man,2034,4,11.759346269275738
Isle of Man,2034,5,15.530285012887362
Isle of Man,2034,6,18.35018703748301
Isle of Man,2034,7,19.639156038499095
Isle of Man,2034,8,19.1292416387123
Isle of Man,2034,9,16.88694037813275
Isle of Man,2034,10,13.33569670390807
Isle of Man,2034,11,9.278403960161995
Isle of Man,2034,12,5.91990537800757
Isle of Man,2035,1,4.819393994804159
Isle of Man,2035,2,5.188717023554091
Isle of Man,2035,3,7.991168115710934
Isle of Man,2035,4,11.846566025277752
Isle of Man,2035,5,15.619102926903906
Isle of Man,2035,6,18.439845405847336
Isle of Man,2035,7,19.72923544774767
Isle of Man,2035,8,19.219591428650347
Isle of Man,2035,9,16.977609104841576
Isle of Man,2035,10,13.426862602763322
Isle of Man,2035,11,9.370305408862805
Isle of Man,2035,12,6.012771359569342
Israel,2025,1,17.977013451190032
Israel,2025,2,18.311644941984014
Israel,2025,3,19.324289528199188
Israel,2025,4,20.665693963809645
Israel,2025,5,22.007033532708192
Israel,2025,6,23.062413038617706
Israel,2025,7,23.611367794951548
Israel,2025,8,23.521364614761296
Israel,2025,9,22.770302800600803
Israel,2025,10,21.469015134466645
Israel,2025,11,19.883768867589424
Israel,2025,12,18.458766710461532
Israel,2026,1,18.021162422462112
Israel,2026,2,18.36169074006557
Israel,2026,3,19.37853052232549
Israel,2026,4,20.72283098297794
Israel,2026,5,22.066100328699576
Israel,2026,6,23.12270674903357
Israel,2026,7,23.67237940621726
Israel,2026,8,23.5827094251772
Israel,2026,9,22.831650883320435
Israel,2026,10,21.530021800518625
Israel,2026,11,19.944005128917524
Israel,2026,12,18.517649742957474
Israel,2027,1,18.066253368812795
Israel,2027,2,18.41285901666288
Israel,2027,3,19.434040403602012
Israel,2027,4,20.78135172059865
Israel,2027,5,22.12663661455099
Israel,2027,6,23.184529178278353
Israel,2027,7,23.73495494027975
Israel,2027,8,23.645631854743442
Israel,2027,9,22.894571291425564
Israel,2027,10,21.592579025521445
Israel,2027,11,20.005756227522397
Israel,2027,12,18.578000453221648
Israel,2028,1,18.112304116920313
Israel,2028,2,18.4651682581798
Israel,2028,3,19.490838264494414
Israel,2028,4,20.841275821473573
Israel,2028,5,22.188662533711067
Israel,2028,6,23.2479009146964
Israel,2028,7,23.799115376664304
Israel,2028,8,23.710153220538814
Israel,2028,9,22.95908562580098
Israel,2028,10,21.65670864040021
Israel,2028,11,20.069044170691086
Israel,2028,12,18.63984097120283
Israel,2029,1,18.15933254110223
Israel,2029,2,18.518636999518094
Israel,2029,3,19.548943246744784
Israel,2029,4,20.902622980492197
Israel,2029,5,22.252198280483753
Israel,2029,6,23.312842598338648
Israel,2029,7,23.864881747435902
Israel,2029,8,23.776294892880287
Israel,2029,9,23.025215541359103
Israel,2029,10,21.722432531042614
Israel,2029,11,20.133891021469935
Israel,2029,12,18.703193483453106
Israel,2030,1,18.207356563362737
Israel,2030,2,18.573283824026475
Israel,2030,3,19.60837454135708
Israel,2030,4,20.96541294261715
Israel,2030,5,22.31726410007559
Israel,2030,6,23.379374920918963
Israel,2030,7,23.93227513716647
Israel,2030,8,23.844078295490363
Israel,2030,9,23.09298274723278
Israel,2030,10,21.789772638215254
Israel,2030,11,20.200318898642763
Israel,2030,12,18.768080233036926
Israel,2031,1,18.256394153447218
Israel,2031,2,18.629127363635234
Israel,2031,3,19.669151388728096
Israel,2031,4,21.0296655029897
Israel,2031,5,22.38388028868303
Israel,2031,6,23.447518626006968
Israel,2031,7,24.001316683011282
Israel,2031,8,23.91352490544614
Israel,2031,9,23.162409006735288
Israel,2031,10,21.85875095774918
Israel,2031,11,20.26834997685819
Israel,2031,12,18.834523519691174
Israel,2032,1,18.306463328864083
Israel,2032,2,18.686186298819848
Israel,2032,3,19.731293078629278
Israel,2032,4,21.095400506947954
Israel,2032,5,22.452067193477887
Israel,2032,6,23.517294508922532
Israel,2032,7,24.072027574759886
Israel,2032,8,23.984656253281173
Israel,2032,9,23.233516137374863
Israel,2032,10,21.929389540510783
Israel,2032,11,20.338006486567792
Israel,2032,12,18.90254569975241
Israel,2033,1,18.357582154957527
Israel,2033,2,18.744479358728313
Israel,2033,3,19.794818950264926
Israel,2033,4,21.16263785006322
Israel,2033,5,22.5218452127383
Israel,2033,6,23.588723416863104
Israel,2033,7,24.144429054879765
Israel,2033,8,24.057493922970934
Israel,2033,9,23.306326011018427
Israel,2033,10,22.00171049245273
Israel,2033,11,20.409310714157073
Israel,2033,12,18.972169186353312
Israel,2034,1,18.409768744943904
Israel,2034,2,18.804025321159315
Israel,2034,3,19.859748392326765
Israel,2034,4,21.231397478234612
Israel,2034,5,22.593234795801436
Israel,2034,6,23.661826248976467
Israel,2034,7,24.218542418530888
Israel,2034,8,24.132059552063765
Israel,2034,9,23.38086055383701
Israel,2034,10,22.075735974683084
Israel,2034,11,20.48228500195637
Israel,2034,12,19.043416449313554
Israel,2035,1,18.46304125991901
Israel,2035,2,18.864843012653182
Israel,2035,3,19.926100843037602
Israel,2035,4,21.301699387645385
Israel,2035,5,22.66625644315809
Israel,2035,6,23.736623956306175
Israel,2035,7,24.294389013653017
Israel,2035,8,24.208374831622677
Israel,2035,9,23.457141746331217
Israel,2035,10,22.15148820349441
Israel,2035,11,20.55695174826269
Israel,2035,12,19.116310015252566
Italy,2025,1,7.877939348688415
Italy,2025,2,8.021707272332605
Italy,2025,3,10.214256672487863
Italy,2025,4,13.330348323889666
Italy,2025,5,16.432373158929295
Italy,2025,6,18.792853257612478
Italy,2025,7,19.91694283744164
Italy,2025,8,19.564929243309052
Italy,2025,9,17.77473393739001
Italy,2025,10,14.884413489003236
Italy,2025,11,11.554660564631376
Italy,2025,12,8.791304917654088
Italy,2026,1,7.937619033208648
Italy,2026,2,8.086139545187507
Italy,2026,3,10.281660636891502
Italy,2026,4,13.399436187971332
Italy,2026,5,16.50228069881723
Italy,2026,6,18.86307028041574
Italy,2026,7,19.987243644257433
Italy,2026,8,19.635303092270078
Italy,2026,9,17.845315506671795
Italy,2026,10,14.955413339867846
Italy,2026,11,11.626295604372899
Italy,2026,12,8.863728862704193
Italy,2027,1,7.998334070330202
Italy,2027,2,8.151810493703124
Italy,2027,3,10.350470337944898
Italy,2027,4,13.470063105117333
Italy,2027,5,16.57382938099272
Italy,2027,6,18.935001825019754
Italy,2027,7,20.059306160122105
Italy,2027,8,19.707462162693446
Italy,2027,9,17.91768465241421
Italy,2027,10,15.028184482228426
Italy,2027,11,11.699669528160484
Italy,2027,12,8.937845679273778
Italy,2028,1,8.06010220459666
Italy,2028,2,8.21873856244656
Italy,2028,3,10.420704866563938
Italy,2028,4,13.542248758837559
Italy,2028,5,16.64703942791766
Italy,2028,6,19.0086685990982
Italy,2028,7,20.13315152418818
Italy,2028,8,19.781427971503035
Italy,2028,9,17.991863215663216
Italy,2028,10,15.102749027509162
Italy,2028,11,11.774804664067233
Italy,2028,12,9.01367785835555
Italy,2029,1,8.122941227859883
Italy,2029,2,8.28694224411538
Italy,2029,3,10.492383362588043
Italy,2029,4,13.616012882431278
Italy,2029,5,16.721931112581842
Italy,2029,6,19.084091361642095
Italy,2029,7,20.208800927773154
Italy,2029,8,19.857222088617164
Italy,2029,9,18.06787309117226
Italy,2029,10,15.179129141660269
Italy,2029,11,11.85172339552173
Italy,2029,12,9.091247947199918
Italy,2030,1,8.186868979283645
Italy,2030,2,8.356440079526692
Italy,2030,3,10.565525014772902
Italy,2030,4,13.691375258863445
Italy,2030,5,16.798524758499298
Italy,2030,6,19.161290922999797
Italy,2030,7,20.286275614330407
Italy,2030,8,19.93486613690129
Italy,2030,9,18.145736227518682
Italy,2030,10,15.257347045263487
Italy,2030,11,11.93044816138081
Italy,2030,12,9.170578549194943
Italy,2031,1,8.25190334540548
Italy,2031,2,8.427250657704462
Italy,2031,3,10.640149060892327
Italy,2031,4,13.768355720979343
Italy,2031,5,16.876840739828367
Italy,2031,6,19.240288144967963
Italy,2031,7,20.365596879580153
Italy,2031,8,20.014381792288077
Italy,2031,9,18.22547462715829
Italy,2031,10,15.337425013524808
Italy,2031,11,12.011001455940459
Italy,2031,12,9.251692324051874
Italy,2032,1,8.318062260187617
Italy,2032,2,8.499392615857687
Italy,2032,3,10.71627478771643
Italy,2032,4,13.846974151391805
Italy,2032,5,16.956899481346227
Italy,2032,6,19.32110394076608
Italy,2032,7,20.446786071447605
Italy,2032,8,20.09579078371553
Italy,2032,9,18.307110346330774
Italy,2032,10,15.419385376350874
Italy,2032,11,12.093405829015865
Italy,2032,12,9.334611987736025
Italy,2033,1,8.385363705078817
Italy,2033,2,8.572884639504082
Italy,2033,3,10.793921531138949
Italy,2033,4,13.92725048264856
Italy,2033,5,17.038721458550754
Italy,2033,6,19.403759275105585
Italy,2033,7,20.529864590219404
Italy,2033,8,20.179114893323458
Italy,2033,9,18.390665495307076
Italy,2033,10,15.503250518367167
Italy,2033,11,12.17768388593413
Italy,2033,12,9.419360312601384
Italy,2034,1,8.453825708967088
Italy,2034,2,8.647745462430066
Italy,2034,3,10.87310867612996
Italy,2034,4,14.009204697199493
Italy,2034,5,17.122327197664163
Italy,2034,6,19.488275164291736
Italy,2034,7,20.614853888521793
Italy,2034,8,20.264375956355252
Italy,2034,9,18.47616223823661
Italy,2034,10,15.589042878990767
Italy,2034,11,12.263858287632502
Italy,2034,12,9.50596012736878
Italy,2035,1,8.523466348368856
Italy,2035,2,8.723993866854471
Italy,2035,3,10.95385565687775
Italy,2035,4,14.09285682751306
Italy,2035,5,17.207737275705767
Italy,2035,6,19.574672676176306
Italy,2035,7,20.701775471393375
Italy,2035,8,20.35159586129612
Italy,2035,9,18.563622793372815
Italy,2035,10,15.676784952459457
Italy,2035,11,12.351951750665648
Italy,2035,12,9.594434317238665
Jamaica,2025,1,23.622381348931413
Jamaica,2025,2,25.314908329965874
Jamaica,2025,3,26.358155921160687
Jamaica,2025,4,27.0110518865049
Jamaica,2025,5,27.425829150900427
Jamaica,2025,6,27.670526789993346
Jamaica,2025,7,27.751491020121648
Jamaica,2025,8,27.63587618819747
Jamaica,2025,9,27.274145761545697
Jamaica,2025,10,26.622573317891693
Jamaica,2025,11,25.66574353519991
Jamaica,2025,12,24.439053181621603
Jamaica,2026,1,23.653996414698668
Jamaica,2026,2,25.354040802602867
Jamaica,2026,3,26.40302908486501
Jamaica,2026,4,27.060222567736673
Jamaica,2026,5,27.47811818144055
Jamaica,2026,6,27.72494946990355
Jamaica,2026,7,27.807187580766367
Jamaica,2026,8,27.69204225528756
Jamaica,2026,9,27.329962818171225
Jamaica,2026,10,26.67713916750745
Jamaica,2026,11,25.718002764654557
Jamaica,2026,12,24.487727624157742
Jamaica,2027,1,23.686424207328855
Jamaica,2027,2,25.394150926070324
Jamaica,2027,3,26.44901237637987
Jamaica,2027,4,27.11060592423837
Jamaica,2027,5,27.531695022514214
Jamaica,2027,6,27.780710200951034
Jamaica,2027,7,27.864250055926277
Jamaica,2027,8,27.749582240478958
Jamaica,2027,9,27.387144454097324
Jamaica,2027,10,26.73304543271024
Jamaica,2027,11,25.77156593851487
Jamaica,2027,12,24.537659749924387
Jamaica,2028,1,23.719682542033297
Jamaica,2028,2,25.435257144742536
Jamaica,2028,3,26.496124815473195
Jamaica,2028,4,27.162221497413157
Jamaica,2028,5,27.58657968357602
Jamaica,2028,6,27.837829406887067
Jamaica,2028,7,27.92269922992
Jamaica,2028,8,27.80851723493197
Jamaica,2028,9,27.445712013673074
Jamaica,2028,10,26.79031365731589
Jamaica,2028,11,25.826454746334093
Jamaica,2028,12,24.58887134043198
Jamaica,2029,1,23.753789281960962
Jamaica,2029,2,25.477377951648123
Jamaica,2029,3,26.544385471454916
Jamaica,2029,4,27.21508887910113
Jamaica,2029,5,27.64279222523419
Jamaica,2029,6,27.89632756339506
Jamaica,2029,7,27.982555939820486
Jamaica,2029,8,27.86886838343071
Jamaica,2029,9,27.50568689562806
Jamaica,2029,10,26.84896544030289
Jamaica,2029,11,25.882690933672166
Jamaica,2029,12,24.64138423415443
Jamaica,2030,1,23.78876233821302
Jamaica,2030,2,25.520531888659207
Jamaica,2030,3,26.593813463158767
Jamaica,2030,4,27.269227711448366
Jamaica,2030,5,27.700352759279667
Jamaica,2030,6,27.956225198185166
Jamaica,2030,7,28.043841075520504
Jamaica,2030,8,27.93065688432125
Jamaica,2030,9,27.567090553112394
Jamaica,2030,10,26.909022435921543
Jamaica,2030,11,25.94029630212117
Jamaica,2030,12,24.695220326278104
Jamaica,2031,1,23.824619669893764
Jamaica,2031,2,25.56473754641138
Jamaica,2031,3,26.64442795908053
Jamaica,2031,4,27.32465768711063
Jamaica,2031,5,27.759281448718866
Jamaica,2031,6,28.017542890990626
Jamaica,2031,7,28.10657557979812
Jamaica,2031,8,27.993903989675346
Jamaica,2031,9,27.62994449376947
Jamaica,2031,10,26.970506353668497
Jamaica,2031,11,25.99929270931989
Jamaica,2031,12,24.750401568996494
Jamaica,2032,1,23.86137928417247
Jamaica,2032,2,25.610013564434666
Jamaica,2032,3,26.69624817737804
Jamaica,2032,4,27.38139854916244
Jamaica,2032,5,27.81959850790463
Jamaica,2032,6,28.08030127366237
Jamaica,2032,7,28.170780448254845
Jamaica,2032,8,28.0586310052322
Jamaica,2032,9,27.694270279735974
Jamaica,2032,10,27.033438958352235
Jamaica,2032,11,26.059702069128434
Jamaica,2032,12,24.806949971339236
Jamaica,2033,1,23.899059236337962
Jamaica,2033,2,25.6563786311317
Jamaica,2033,3,26.749293385933015
Jamaica,2033,4,27.43947009120984
Jamaica,2033,5,27.881324202478027
Jamaica,2033,6,28.14452103016174
Jamaica,2033,7,28.236476729526657
Jamaica,2033,8,28.124859290514905
Jamaica,2033,9,27.760089527721902
Jamaica,2033,10,27.09784207021312
Jamaica,2033,11,26.121546351515462
Jamaica,2033,12,24.864887599404938
Jamaica,2034,1,23.937677629736754
Jamaica,2034,2,25.703851483868675
Jamaica,2034,3,26.803582902340167
Jamaica,2034,4,27.49889215742678
Jamaica,2034,5,27.944478849430197
Jamaica,2034,6,28.21022289663688
Jamaica,2034,7,28.303685525134824
Jamaica,2034,8,28.19261025877222
Jamaica,2034,9,27.82742390900694
Jamaica,2034,10,27.163737564828807
Jamaica,2034,11,26.184847582674593
Jamaica,2034,12,24.924236576288422
Jamaica,2035,1,23.97725261598771
Jamaica,2035,2,25.75245090901899
Jamaica,2035,3,26.859136094041787
Jamaica,2035,4,27.559684642587854
Jamaica,2035,5,28.00908281721513
Jamaica,2035,6,28.277427661473666
Jamaica,2035,7,28.372427989740572
Jamaica,2035,8,28.26190537718594
Jamaica,2035,9,27.896295149585967
Jamaica,2035,10,27.231147373292515
Jamaica,2035,11,26.249627845093528
Jamaica,2035,12,24.98501908212802
Japan,2025,1,6.231160765427376
Japan,2025,2,6.441013005744935
Japan,2025,3,8.881558996851709
Japan,2025,4,12.312102378772579
Japan,2025,5,15.704966973750743
Japan,2025,6,18.26799777611177
Japan,2025,7,19.467061942207692
Japan,2025,8,19.04854978023741
Japan,2025,9,17.061875740241703
Japan,2025,10,13.881979403941841
Japan,2025,11,10.23182647458907
Japan,2025,12,7.204909767003301
Japan,2026,1,6.292618040807611
Japan,2026,2,6.507163158677031
Japan,2026,3,8.950591404508486
Japan,2026,4,12.382713288011473
Japan,2026,5,15.77628996412841
Japan,2026,6,18.339534222855036
Japan,2026,7,19.538611479300926
Japan,2026,8,19.120140763393465
Japan,2026,9,17.133695709934727
Japan,2026,10,13.954305548410957
Japan,2026,11,10.30495609290756
Japan,2026,12,7.279090732031364
Japan,2027,1,6.355117223328307
Japan,2027,2,6.574562238362887
Japan,2027,3,9.02104316742134
Japan,2027,4,12.454879907291797
Japan,2027,5,15.849273463046302
Japan,2027,6,18.412806937846653
Japan,2027,7,19.611946522935796
Japan,2027,8,19.19354248745458
Japan,2027,9,17.2073301683713
Japan,2027,10,14.028430960436708
Japan,2027,11,10.379853305949837
Japan,2027,12,7.354993684796682
Japan,2028,1,6.418676035403223
Japan,2028,2,6.643228673409794
Japan,2028,3,9.092933366621764
Japan,2028,4,12.5286219163836
Japan,2028,5,15.923937695316454
Japan,2028,6,18.48783663719678
Japan,2028,7,19.68708822685312
Japan,2028,8,19.268776490055643
Japan,2028,9,17.282800983427478
Japan,2028,10,14.104377784352437
Japan,2028,11,10.456540480842705
Japan,2028,12,7.432641161461106
Japan,2029,1,6.483312246696187
Japan,2029,2,6.713180940446364
Japan,2029,3,9.166281132006588
Japan,2029,4,12.603959044726253
Japan,2029,5,16.000302936224216
Japan,2029,6,18.564644088318346
Japan,2029,7,19.76405779687866
Japan,2029,8,19.34586436173504
Japan,2029,9,17.36013007663587
Japan,2029,10,14.18216821902115
Japan,2029,11,10.535040040042986
Japan,2029,12,7.512055754393259
Japan,2030,1,6.549043674157474
Japan,2030,2,6.784437564169821
Japan,2030,3,9.241105642330695
Japan,2030,4,12.680911071424816
Japan,2030,5,16.078389511528258
Japan,2030,6,18.64325010991979
Japan,2030,7,19.842876490944946
Japan,2030,8,19.424827745985567
Japan,2030,9,17.439339423280217
Japan,2030,10,14.261824517820969
Japan,2030,11,10.615374461319334
Japan,2030,12,7.593260112059397
Japan,2031,1,6.615888182034723
Japan,2031,2,6.857017117411488
Japan,2031,3,9.317426125305246
Japan,2031,4,12.759497825362814
Japan,2031,5,16.158217797551515
Japan,2031,6,18.723675572070533
Japan,2031,7,19.923565619204055
Japan,2031,8,19.50568833925081
Japan,2031,9,17.520451052420867
Japan,2031,10,14.343368988714246
Japan,2031,11,10.697566277865008
Japan,2031,12,7.676276939150739
Japan,2032,1,6.683863681942057
Japan,2032,2,6.9309382211804405
Japan,2032,3,9.39526185761224
Japan,2032,4,12.83973918519132
Japan,2032,5,16.23980822122121
Japan,2032,6,18.805941396244634
Japan,2032,7,20.006146543936666
Japan,2032,8,19.588467890968786
Japan,2032,9,17.60348704696389
Japan,2032,10,14.426823994382175
Japan,2032,11,10.781638078316064
Japan,2032,12,7.761128996608932
Japan,2033,1,6.7529881329001
Japan,2033,2,7.0062195447035265
Japan,2033,3,9.474632164962713
Japan,2033,4,12.921655079401717
Japan,2033,5,16.323181260097954
Japan,2033,6,18.89006855538264
Japan,2033,7,20.09064067973759
Japan,2033,8,19.673188203681093
Japan,2033,9,17.688469543693827
Japan,2033,10,14.512211952050166
Japan,2033,11,10.867612506827754
Japan,2033,12,7.847839101684258
Japan,2034,1,6.823279541397824
Japan,2034,2,7.082879805454468
Japan,2034,3,9.555556422133122
Japan,2034,4,13.00526548635844
Japan,2034,5,16.408357442415763
Japan,2034,6,18.97607807388067
Japan,2034,7,20.177069493479394
Japan,2034,8,19.759871133014713
Japan,2034,9,17.77542073324821
Japan,2034,10,14.599555333793433
Japan,2034,11,10.955512263012679
Japan,2034,12,7.936430127931999
Japan,2035,1,6.894755961392548
Japan,2035,2,7.160937769222983
Japan,2035,3,9.638054053016276
Japan,2035,4,13.090590434346268
Japan,2035,5,16.49535734715846
Japan,2035,6,19.063991027688644
Japan,2035,7,20.265454504410627
Japan,2035,8,19.848538587772964
Japan,2035,9,17.86436286031403
Japan,2035,10,14.688876666384203
Japan,2035,11,11.04536010211541
Japan,2035,12,8.026925005339763
Jordan,2025,1,16.79841332894739
Jordan,2025,2,17.02659931479593
Jordan,2025,3,18.12898430055884
Jordan,2025,4,19.65535762501986
Jordan,2025,5,21.19736309619566
Jordan,2025,6,22.41099998118534
Jordan,2025,7,23.039123996107264
Jordan,2025,8,22.933948295977643
Jordan,2025,9,22.079544464618266
Jordan,2025,10,20.61434350454965
Jordan,2025,11,18.8536368268733
Jordan,2025,12,17.31207724122305
Jordan,2026,1,16.844775095124533
Jordan,2026,2,17.07864388782491
Jordan,2026,3,18.185011191014382
Jordan,2026,4,19.71408041893028
Jordan,2026,5,21.2578399180029
Jordan,2026,6,22.472563956835984
Jordan,2026,7,23.101313716030745
Jordan,2026,8,22.99643827813361
Jordan,2026,9,22.142075617503906
Jordan,2026,10,20.67665359018156
Jordan,2026,11,18.915390923885752
Jordan,2026,12,17.37279820779895
Jordan,2027,1,16.89209566856971
Jordan,2027,2,17.131830547977188
Jordan,2027,3,18.242329075947964
Jordan,2027,4,19.774211259577896
Jordan,2027,5,21.319812501228625
Jordan,2027,6,22.535684588391632
Jordan,2027,7,23.16509668362869
Jordan,2027,8,23.060536314432284
Jordan,2027,9,22.206210363115133
Jordan,2027,10,20.74054605676156
Jordan,2027,11,18.9786919570588
Jordan,2027,12,17.435018950233825
Jordan,2028,1,16.940392871602853
Jordan,2028,2,17.186177782486084
Jordan,2028,3,18.300957053776983
Jordan,2028,4,19.835769802911273
Jordan,2028,5,21.38330100559051
Jordan,2028,6,22.600382485660703
Jordan,2028,7,23.230493905063668
Jordan,2028,8,23.126263753690182
Jordan,2028,9,22.2719703392695
Jordan,2028,10,20.806042777306175
Jordan,2028,11,19.043561980962295
Jordan,2028,12,17.498761650907
Jordan,2029,1,16.9896845741614
Jordan,2029,2,17.241704126988225
Jordan,2029,3,18.360914272169794
Jordan,2029,4,19.89877575490482
Jordan,2029,5,21.448325641654264
Jordan,2029,6,22.666678310099996
Jordan,2029,7,23.297526438972454
Jordan,2029,8,23.193641998002022
Jordan,2029,9,22.33937723780491
Jordan,2029,10,20.873165679729027
Jordan,2029,11,19.110023105852633
Jordan,2029,12,17.564048548757455
Jordan,2030,1,17.039988693771193
Jordan,2030,2,17.298428165574478
Jordan,2030,3,18.42221992802388
Jordan,2030,4,19.96324887155515
Jordan,2030,5,21.514906670833625
Jordan,2030,6,22.734592774792873
Jordan,2030,7,23.366215396429652
Jordan,2030,8,23.26269250275891
Jordan,2030,9,22.408452804674198
Jordan,2030,10,20.941936746866304
Jordan,2030,11,19.178097497723684
Jordan,2030,12,17.630901939185605
Jordan,2031,1,17.09132319572109
Jordan,2031,2,17.356368530819054
Jordan,2031,3,18.484893267560437
Jordan,2031,4,20.029208958993877
Jordan,2031,5,21.58306440548131
Jordan,2031,6,22.804146644620232
Jordan,2031,7,23.436581941118675
Jordan,2031,8,23.33343677670655
Jordan,2031,9,22.47921884000698
Jordan,2031,10,21.012378016498587
Jordan,2031,11,19.247807378314064
Jordan,2031,12,17.69934417424247
Jordan,2032,1,17.143706092950197
Jordan,2032,2,17.415543903837715
Jordan,2032,3,18.54895358632075
Jordan,2032,4,20.096675873516688
Jordan,2032,5,21.652819208899928
Jordan,2032,6,22.87536073618776
Jordan,2032,7,23.50864728923716
Jordan,2032,8,23.405896381937964
Jordan,2032,9,22.551697198106012
Jordan,2032,10,21.08451158139451
Jordan,2032,11,19.31917502520173
Jordan,2032,12,17.769397662502342
Jordan,2033,1,17.19715544622977
Jordan,2033,2,17.475973014364172
Jordan,2033,3,18.61442022925712
Jordan,2033,4,20.16566952159792
Jordan,2033,5,21.724191495396553
Jordan,2033,6,22.94825591792778
Jordan,2033,7,23.58243270963885
Jordan,2033,8,23.48009293402083
Jordan,2033,9,22.62590978751632
Jordan,2033,10,21.15835958943444
Jordan,2033,11,19.392222771793058
Jordan,2033,12,17.8410848692738
Jordan,2034,1,17.25168936413411
Jordan,2034,2,17.53767464069915
Jordan,2034,3,18.681312590772905
Jordan,2034,4,20.2362098599815
Jordan,2034,5,21.797201730333654
Jordan,2034,6,23.02285311013202
Jordan,2034,7,23.65795952382996
Jordan,2034,8,23.556048101979286
Jordan,2034,9,22.701878571072484
Jordan,2034,10,21.233944243504993
Jordan,2034,11,19.466973007402885
Jordan,2034,12,17.91442831657423
Jordan,2035,1,17.30732600309875
Jordan,2035,2,17.600667609874108
Jordan,2035,3,18.74965011471886
Jordan,2035,4,20.30831689567367
Jordan,2035,5,21.871870430198214
Jordan,2035,6,23.099173285020697
Jordan,2035,7,23.735249106063748
Jordan,2035,8,23.633783608366684
Jordan,2035,9,22.77962556595321
Jordan,2035,10,21.31128780169911
Jordan,2035,11,19.54344817731635
Jordan,2035,12,17.989450583133475
Kazakhstan,2025,1,-1.2863413413206217
Kazakhstan,2025,2,-0.6545855963513532
Kazakhstan,2025,3,2.9778330464259852
Kazakhstan,2025,4,7.856717793963071
Kazakhstan,2025,5,12.555532335573844
Kazakhstan,2025,6,15.997901832856769
Kazakhstan,2025,7,17.480113909631655
Kazakhstan,2025,8,16.693619641738223
Kazakhstan,2025,9,13.747534547027499
Kazakhstan,2025,10,9.191139575214947
Kazakhstan,2025,11,4.0363820977881915
Kazakhstan,2025,12,-0.219623102128935
Kazakhstan,2026,1,-1.219817032156243
Kazakhstan,2026,2,-0.5832133105677713
Kazakhstan,2026,3,3.0520503958114205
Kazakhstan,2026,4,7.932346313654307
Kazakhstan,2026,5,12.631637615018008
Kazakhstan,2026,6,16.07397940726969
Kazakhstan,2026,7,17.55601972297245
Kazakhstan,2026,8,16.76950050979667
Kazakhstan,2026,9,13.823758620380431
Kazakhstan,2026,10,9.268226802284516
Kazakhstan,2026,11,4.114934687838286
Kazakhstan,2026,12,-0.13899021592351346
Kazakhstan,2027,1,-1.1522462909078968
Kazakhstan,2027,2,-0.510570122779427
Kazakhstan,2027,3,3.1277250400135017
Kazakhstan,2027,4,8.009582961295564
Kazakhstan,2027,5,12.7094688133011
Kazakhstan,2027,6,16.151870166621848
Kazakhstan,2027,7,17.633797979998235
Kazakhstan,2027,8,16.847287590372616
Kazakhstan,2027,9,13.901899702633273
Kazakhstan,2027,10,9.34722137962035
Kazakhstan,2027,11,4.195367031917158
Kazakhstan,2027,12,-0.05652059210024163
Kazakhstan,2028,1,-1.083611526732966
Kazakhstan,2028,2,-0.4366377083633779
Kazakhstan,2028,3,3.204875983717102
Kazakhstan,2028,4,8.088447367918889
Kazakhstan,2028,5,12.789046134134878
Kazakhstan,2028,6,16.23159483355721
Kazakhstan,2028,7,17.713469868628636
Kazakhstan,2028,8,16.9270024829284
Kazakhstan,2028,9,13.981979751054496
Kazakhstan,2028,10,9.428145568538639
Kazakhstan,2028,11,4.2777016417758205
Kazakhstan,2028,12,0.027808477819235122
Kazakhstan,2029,1,-1.013895101833441
Kazakhstan,2029,2,-0.3613976949300195
Kazakhstan,2029,3,3.283522280188663
Kazakhstan,2029,4,8.16895921399282
Kazakhstan,2029,5,12.870389831417015
Kazakhstan,2029,6,16.31317418175695
Kazakhstan,2029,7,17.795056628544444
Kazakhstan,2029,8,17.00866683948061
Kazakhstan,2029,9,14.06402077630355
Kazakhstan,2029,10,9.511021684710613
Kazakhstan,2029,11,4.361961084240647
Kazakhstan,2029,12,0.1140197581562461
Kazakhstan,2030,1,-0.9430793313431423
Kazakhstan,2030,2,-0.28483166223941225
Kazakhstan,2030,3,3.3636830313635073
Kazakhstan,2030,4,8.251138229411481
Kazakhstan,2030,5,12.953520209343878
Kazakhstan,2030,6,16.39662903596127
Kazakhstan,2030,7,17.87857955135496
Kazakhstan,2030,8,17.09230236478561
Kazakhstan,2030,9,14.148044842558193
Kazakhstan,2030,10,9.59587209799156
Kazakhstan,2030,11,4.448167981227925
Kazakhstan,2030,12,0.20213606916604476
Kazakhstan,2031,1,-0.8711464833677383
Kazakhstan,2031,2,-0.20692114215762558
Kazakhstan,2031,3,3.4453773878567517
Kazakhstan,2031,4,8.335004193567329
Kazakhstan,2031,5,13.038457622366877
Kazakhstan,2031,6,16.481980272009423
Kazakhstan,2031,7,17.964059980561615
Kazakhstan,2031,8,17.177930816299522
Kazakhstan,2031,9,14.23407406755814
Kazakhstan,2031,10,9.682719232657291
Kazakhstan,2031,11,4.536345009827528
Kazakhstan,2031,12,0.29218028705599863
Kazakhstan,2032,1,-0.7980787788756061
Kazakhstan,2032,2,-0.12764761867856578
Kazakhstan,2032,3,3.528624549010601
Kazakhstan,2032,4,8.420576935423924
Kazakhstan,2032,5,13.125222475323426
Kazakhstan,2032,6,16.569248816901563
Kazakhstan,2032,7,18.051519311656193
Kazakhstan,2032,8,17.265574004261907
Kazakhstan,2032,9,14.322130622561417
Kazakhstan,2032,10,9.771585567349575
Kazakhstan,2032,11,4.626514902335657
Kazakhstan,2032,12,0.38417534402196907
Kazakhstan,2033,1,-0.7238583916578136
Kazakhstan,2033,2,-0.04699252775299101
Kazakhstan,2033,3,3.6134437629343665
Kazakhstan,2033,4,8.50787633346863
Kazakhstan,2033,5,13.213835223426031
Kazakhstan,2033,6,16.658455648849667
Kazakhstan,2033,7,18.140978992091732
Kazakhstan,2033,8,17.35525379173214
Kazakhstan,2033,9,14.412236732511701
Kazakhstan,2033,10,9.862493635123428
Kazakhstan,2033,11,4.718700446254843
Kazakhstan,2033,12,0.47814422833926074
Kazakhstan,2034,1,-0.6484674483317576
Kazakhstan,2034,2,0.03506274262781517
Kazakhstan,2034,3,3.699854326595414
Kazakhstan,2034,4,8.596922315887241
Kazakhstan,2034,5,13.304316372345966
Kazakhstan,2034,6,16.74962179731392
Kazakhstan,2034,7,18.232460521428038
Kazakhstan,2034,8,17.446992094654888
Kazakhstan,2034,9,14.504414676001943
Kazakhstan,2034,10,9.955466023567169
Kazakhstan,2034,11,4.812924484403084
Kazakhstan,2034,12,0.5741099843771735
Kazakhstan,2035,1,-0.5718880282356622
Kazakhstan,2035,2,0.11853685254845914
Kazakhstan,2035,3,3.7878755857973374
Kazakhstan,2035,4,8.687734860491219
Kazakhstan,2035,5,13.396686478231459
Kazakhstan,2035,6,16.842768343039097
Kazakhstan,2035,7,18.325985451353517
Kazakhstan,2035,8,17.54081088181647
Kazakhstan,2035,9,14.598686785328937
Kazakhstan,2035,10,10.05052537474785
Kazakhstan,2035,11,4.909209914932035
Kazakhstan,2035,12,0.6720957126135545
Kenya,2025,1,23.204286085409876
Kenya,2025,2,24.701734459315958
Kenya,2025,3,25.692719633037086
Kenya,2025,4,26.37628822449642
Kenya,2025,5,26.857164163932794
Kenya,2025,6,27.16824968360106
Kenya,2025,7,27.293126307803504
Kenya,2025,8,27.188555842677488
Kenya,2025,9,26.80698136619776
Kenya,2025,10,26.119028218004132
Kenya,2025,11,25.136004989327375
Kenya,2025,12,23.93240451288966
Kenya,2026,1,23.236996530919896
Kenya,2026,2,24.741780191391626
Kenya,2026,3,25.738336379276916
Kenya,2026,4,26.426051962153906
Kenya,2026,5,26.909921582796414
Kenya,2026,6,27.223048649125303
Kenya,2026,7,27.349146324072535
Kenya,2026,8,27.24503851544523
Kenya,2026,9,26.863160865917052
Kenya,2026,10,26.174061742819504
Kenya,2026,11,25.188903228096933
Kenya,2026,12,23.981962108232437
Kenya,2027,1,23.270534489581223
Kenya,2027,2,24.782819809694956
Kenya,2027,3,25.785080777456642
Kenya,2027,4,26.47704702748615
Kenya,2027,5,26.96398643260636
Kenya,2027,6,27.27920609380908
Kenya,2027,7,27.40655333010818
Kenya,2027,8,27.302916668447324
Kenya,2027,9,26.920726833574918
Kenya,2027,10,26.230457738013683
Kenya,2027,11,25.24312747183012
Kenya,2027,12,24.03279929272412
Kenya,2028,1,23.304917780556025
Kenya,2028,2,24.824871765465105
Kenya,2028,3,25.832971857195844
Kenya,2028,4,26.529292974818418
Kenya,2028,5,27.019378738656997
Kenya,2028,6,27.336742460233836
Kenya,2028,7,27.46536813207149
Kenya,2028,8,27.362211417658727
Kenya,2028,9,26.979700641307318
Kenya,2028,10,26.28823777811067
Kenya,2028,11,25.29869944382608
Kenya,2028,12,24.084937884662395
Kenya,2029,1,23.34016427088227
Kenya,2029,2,24.867954558664678
Kenya,2029,3,25.882028697637907
Kenya,2029,4,26.58280940880377
Kenya,2029,5,27.076118577407215
Kenya,2029,6,27.39567824290225
Kenya,2029,7,27.525611588790525
Kenya,2029,8,27.42294393256543
Kenya,2029,9,27.0401037155616
Kenya,2029,10,26.347423492880807
Kenya,2029,11,25.355640923303326
Kenya,2029,12,24.138399759130152
Kenya,2030,1,23.37629187551738
Kenya,2030,2,24.912086737965183
Kenya,2030,3,25.932270427479125
Kenya,2030,4,26.6376159843976
Kenya,2030,5,27.13422607637858
Kenya,2030,6,27.456033988238232
Kenya,2030,7,27.587304611916807
Kenya,2030,8,27.485135436306336
Kenya,2030,9,27.10195753721655
Kenya,2030,10,26.408036567202544
Kenya,2030,11,25.41397374553435
Kenya,2030,12,24.193206848020964
Kenya,2031,1,23.413318557421917
Kenya,2031,2,24.95728690084161
Kenya,2031,3,25.983716225005082
Kenya,2031,4,26.69373240704317
Kenya,2031,5,27.193721414406355
Kenya,2031,6,27.51783029478338
Kenya,2031,7,27.650468165939856
Kenya,2031,8,27.54880720564779
Kenya,2031,9,27.16528364160058
Kenya,2031,10,26.470098741266156
Kenya,2031,11,25.47371980184198
Kenya,2031,12,24.249381140111836
Kenya,2032,1,23.45126232754501
Kenya,2032,2,25.00357369360154
Kenya,2032,3,26.03638531813067
Kenya,2032,4,26.75117843253338
Kenya,2032,5,27.254624821530342
Kenya,2032,6,27.581087813055092
Kenya,2032,7,27.71512326816901
Kenya,2032,8,27.61398057097631
Kenya,2032,9,27.2301036184881
Kenya,2032,10,26.533631810544648
Kenya,2032,11,25.534901039693978
Kenya,2032,12,24.306944681095956
Kenya,2033,1,23.490141244948063
Kenya,2033,2,25.050965811410606
Kenya,2033,3,26.09029698449467
Kenya,2033,4,26.809973867254485
Kenya,2033,5,27.316956579100406
Kenya,2033,6,27.645827245713917
Kenya,2033,7,27.78129098888985
Kenya,2033,8,27.68067691646229
Kenya,2033,9,27.29643911223775
Kenya,2033,10,26.598657625851956
Kenya,2033,11,25.597539462637542
Kenya,2033,12,24.365919573604515
Kenya,2034,1,23.52997341680475
Kenya,2034,2,25.099481998394367
Kenya,2034,3,26.145470551423386
Kenya,2034,4,26.870138568051516
Kenya,2034,5,27.38073701983103
Kenya,2034,6,27.712069347596298
Kenya,2034,7,27.848992451302365
Kenya,2034,8,27.748917680034538
Kenya,2034,9,27.36431182177421
Kenya,2034,10,26.665198093372055
Kenya,2034,11,25.66165713045939
Kenya,2034,12,24.426327977290384
Kenya,2035,1,23.570776998382826
Kenya,2035,2,25.149141047620105
Kenya,2035,3,26.201925396032493
Kenya,2035,4,26.93169244238834
Kenya,2035,5,27.445986527801324
Kenya,2035,6,27.77983492569274
Kenya,2035,7,27.918248831673736
Kenya,2035,8,27.818724353420293
Kenya,2035,9,27.43374350060276
Kenya,2035,10,26.733275174753544
Kenya,2035,11,25.727276159156645
Kenya,2035,12,24.488192108813564
Kiribati,2025,1,24.307295092145978
Kiribati,2025,2,26.407645485284775
Kiribati,2025,3,27.58211569487048
Kiribati,2025,4,28.20231975805018
Kiribati,2025,5,28.509977492548387
Kiribati,2025,6,28.63941548650928
Kiribati,2025,7,28.6400680884517
Kiribati,2025,8,28.49897839710775
Kiribati,2025,9,28.163299251395983
Kiribati,2025,10,27.562794220234537
Kiribati,2025,11,26.632338592485212
Kiribati,2025,12,25.33442036685392
Kiribati,2026,1,24.336984474925885
Kiribati,2026,2,26.445206691064413
Kiribati,2026,3,27.625745689570067
Kiribati,2026,4,28.250536472748536
Kiribati,2026,5,28.561550286490274
Kiribati,2026,6,28.693295610156383
Kiribati,2026,7,28.695319146471775
Kiribati,2026,8,28.554706811436517
Kiribati,2026,9,28.218584724186258
Kiribati,2026,10,27.616620196943586
Kiribati,2026,11,26.683522724834802
Kiribati,2026,12,25.38154497589221
Kiribati,2027,1,24.367457576177003
Kiribati,2027,2,26.483713861155593
Kiribati,2027,3,27.67045174811301
Kiribati,2027,4,28.299929721958506
Kiribati,2027,5,28.61437297420798
Kiribati,2027,6,28.748474392873504
Kiribati,2027,7,28.75189555232737
Kiribati,2027,8,28.6117677032571
Kiribati,2027,9,28.275192762496772
Kiribati,2027,10,27.671744302963816
Kiribati,2027,11,26.735968543541276
Kiribati,2027,12,25.429885339040084
Kiribati,2028,1,24.398732202179417
Kiribati,2028,2,26.52318542534431
Kiribati,2028,3,27.716252870087374
Kiribati,2028,4,28.35051902138821
Kiribati,2028,5,28.668465533818562
Kiribati,2028,6,28.80497222147187
Kiribati,2028,7,28.809818047816407
Kiribati,2028,8,28.670182115653915
Kiribati,2028,9,28.333144656965487
Kiribati,2028,10,27.728188022822906
Kiribati,2028,11,26.78969767331455
Kiribati,2028,12,25.47946316739126
Kiribati,2029,1,24.430826207107202
Kiribati,2029,2,26.56363986215456
Kiribati,2029,3,27.763168104681426
Kiribati,2029,4,28.402323937142683
Kiribati,2029,5,28.723847994629068
Kiribati,2029,6,28.86280953474943
Kiribati,2029,7,28.869107427523886
Kiribati,2029,8,28.729971145313357
Kiribati,2029,9,28.392461752669078
Kiribati,2029,10,27.785972896269413
Kiribati,2029,11,26.84473179482393
Kiribati,2029,12,25.53030022893381
Kiribati,2030,1,24.463757493228513
Kiribati,2030,2,26.60509569898295
Kiribati,2030,3,27.81121655069819
Kiribati,2030,4,28.455364085767542
Kiribati,2030,5,28.780540437205673
Kiribati,2030,6,28.922006823596348
Kiribati,2030,7,28.92978453894557
Kiribati,2030,8,28.79115594261475
Kiribati,2030,9,28.453165449181142
Kiribati,2030,10,27.845120518367366
Kiribati,2030,11,26.901092644945493
Kiribati,2030,12,25.582418348550164
Kiribati,2031,1,24.497544010818274
Kiribati,2031,2,26.64757151206595
Kiribati,2031,3,27.86041735663548
Kiribati,2031,4,28.509659134267167
Kiribati,2031,5,28.83856299339186
Kiribati,2031,6,28.982584630976817
Kiribati,2031,7,28.991870282458876
Kiribati,2031,8,28.85375771165218
Kiribati,2031,9,28.515277200594028
Kiribati,2031,10,27.905652539485345
Kiribati,2031,11,26.958802016576556
Kiribati,2031,12,25.635839408068023
Kiribati,2032,1,24.532203758249125
Kiribati,2032,2,26.69108592655266
Kiribati,2032,3,27.910789720678622
Kiribati,2032,4,28.56522880020293
Kiribati,2032,5,28.897935846370274
Kiribati,2032,6,29.04456355199818
Kiribati,2032,7,29.055385611402926
Kiribati,2032,8,28.917797710267223
Kiribati,2032,9,28.578818515533385
Kiribati,2032,10,27.96759066535469
Kiribati,2032,11,27.017881758886688
Kiribati,2032,12,25.69058534631131
Kiribati,2033,1,24.567754782060547
Kiribati,2033,2,26.73565761653026
Kiribati,2033,3,27.962352890791408
Kiribati,2033,4,28.622092851678644
Kiribati,2033,5,28.958679230691814
Kiribati,2033,6,29.107964233950952
Kiribati,2033,7,29.120351532089444
Kiribati,2033,8,28.98329725008898
Kiribati,2033,9,28.643810957289134
Kiribati,2033,10,28.03095665712408
Kiribati,2033,11,27.078353777208577
Kiribati,2033,12,25.74667815909288
Kiribati,2034,1,24.604215176987964
Kiribati,2034,2,26.78130530510407
Kiribati,2034,3,28.015126164752473
Kiribati,2034,4,28.680271107420594
Kiribati,2034,5,29.020813432344767
Kiribati,2034,6,29.17280737638157
Kiribati,2034,7,29.186789103882802
Kiribati,2034,8,29.05027769663957
Kiribati,2034,9,28.71027614373179
Kiribati,2034,10,28.095772331446824
Kiribati,2034,11,27.140240033198097
Kiribati,2034,12,25.804139899389156
Kiribati,2035,1,24.641603085959105
Kiribati,2035,2,26.828047764415714
Kiribati,2035,3,28.06912889016985
Kiribati,2035,4,28.73978343681756
Kiribati,2035,5,29.084358788772988
Kiribati,2035,6,29.2391137310633
Kiribati,2035,7,29.25471943922912
Kiribati,2035,8,29.118760469265
Kiribati,2035,9,28.778235747494364
Kiribati,2035,10,28.16205956043359
Kiribati,2035,11,27.203562544772467
Kiribati,2035,12,25.862992677194597
Kosovo,2025,1,4.133890215133761
Kosovo,2025,2,4.4470778261611486
Kosovo,2025,3,7.213861253022515
Kosovo,2025,4,11.048540219487222
Kosovo,2025,5,14.810519498821122
Kosovo,2025,6,17.626809903697904
Kosovo,2025,7,18.91452927602677
Kosovo,2025,8,18.40340347693291
Kosovo,2025,9,16.158267376599724
Kosovo,2025,10,12.60156584417291
Kosovo,2025,11,8.535854737693626
Kosovo,2025,12,5.166301893944365
Kosovo,2026,1,4.197278688477127
Kosovo,2026,2,4.51513095602877
Kosovo,2026,3,7.284724181489764
Kosovo,2026,4,11.120882352513036
Kosovo,2026,5,14.883464969229863
Kosovo,2026,6,17.69986803422671
Kosovo,2026,7,18.987525042340167
Kosovo,2026,8,18.47640797062286
Kosovo,2026,9,16.23152826822934
Kosovo,2026,10,12.675437846305613
Kosovo,2026,11,8.610730067842269
Kosovo,2026,12,5.242540737673153
Kosovo,2027,1,4.261714473069333
Kosovo,2027,2,4.584443175340311
Kosovo,2027,3,7.357020970569465
Kosovo,2027,4,11.194798627720047
Kosovo,2027,5,14.958092891255546
Kosovo,2027,6,17.77468747106559
Kosovo,2027,7,19.06233403242095
Kosovo,2027,8,18.55125318570299
Kosovo,2027,9,16.306635476478732
Kosovo,2027,10,12.7511423753067
Kosovo,2027,11,8.68740726764463
Kosovo,2027,12,5.3205364437717435
Kosovo,2028,1,4.327215259764671
Kosovo,2028,2,4.655032888845199
Kosovo,2028,3,7.430770685184143
Kosovo,2028,4,11.270308716492764
Kosovo,2028,5,15.034423489015353
Kosovo,2028,6,17.851288937440586
Kosovo,2028,7,19.138977414787405
Kosovo,2028,8,18.627960682323646
Kosovo,2028,9,16.383610899433734
Kosovo,2028,10,12.82870161353003
Kosovo,2028,11,8.765908749960545
Kosovo,2028,12,5.400311601898466
Kosovo,2029,1,4.39379878654745
Kosovo,2029,2,4.726918549208676
Kosovo,2029,3,7.50599243898705
Kosovo,2029,4,11.34743233979043
Kosovo,2029,5,15.112477037048848
Kosovo,2029,6,17.92969320769498
Kosovo,2029,7,19.21747640999547
Kosovo,2029,8,18.70655207346954
Kosovo,2029,9,16.462476488807624
Kosovo,2029,10,12.908137797706331
Kosovo,2029,11,8.846256982870727
Kosovo,2029,12,5.481888857751073
Kosovo,2030,1,4.461482838604752
Kosovo,2030,2,4.800118657131861
Kosovo,2030,3,7.58270539447858
Kosovo,2030,4,11.426189268168855
Kosovo,2030,5,15.192273860292516
Kosovo,2030,6,18.009921107463924
Kosovo,2030,7,19.297852290616902
Kosovo,2030,8,18.78704902499976
Kosovo,2030,9,16.54325425001025
Kosovo,2030,10,12.989473219099636
Kosovo,2030,11,8.928474489698601
Kosovo,2030,12,5.5652909131140404
Kosovo,2031,1,4.5302852484064715
Kosovo,2031,2,4.874651761388122
Kosovo,2031,3,7.660928763017182
Kosovo,2031,4,11.50659932189319
Kosovo,2031,5,15.273834334207095
Kosovo,2031,6,18.091993513670786
Kosovo,2031,7,19.38012638136661
Kosovo,2031,8,18.869473255655066
Kosovo,2031,9,16.62596624214075
Kosovo,2031,10,13.072730223427243
Kosovo,2031,11,9.012583849181283
Kosovo,2031,12,5.650540525916767
Kosovo,2032,1,4.6002238956652945
Kosovo,2032,2,4.9505364588085286
Kosovo,2032,3,7.740681804870292
Kosovo,2032,4,11.588682370934293
Kosovo,2032,5,15.357178884763016
Kosovo,2032,6,18.17593135457082
Kosovo,2032,7,19.46432005905899
Kosovo,2032,8,18.953846537159734
Kosovo,2032,9,16.710634578063946
Kosovo,2032,10,13.157931211034338
Kosovo,2032,11,9.098607695374994
Kosovo,2032,12,5.7376605102444955
Kosovo,2033,1,4.6713167074785815
Kosovo,2033,2,5.02779139442373
Kosovo,2033,3,7.821983829247074
Kosovo,2033,4,11.67245833503057
Kosovo,2033,5,15.442327988473153
Kosovo,2033,6,18.261755609802094
Kosovo,2033,7,19.55045475270981
Kosovo,2033,8,19.04019069417427
Kosovo,2033,9,16.7972814244431
Kosovo,2033,10,13.245098636846706
Kosovo,2033,11,9.186568717756927
Kosovo,2033,12,5.8266737364547225
Kosovo,2034,1,4.743581658299263
Kosovo,2034,2,5.106435261420302
Kosovo,2034,3,7.904854194400286
Kosovo,2034,4,11.75794718373163
Kosovo,2034,5,15.529302172509233
Kosovo,2034,6,18.349487310414588
Kosovo,2034,7,19.63855194357984
Kosovo,2034,8,19.12852760448095
Kosovo,2034,9,16.885929001816294
Kosovo,2034,10,13.334255010454399
Kosovo,2034,11,9.276489661279811
Kosovo,2034,12,5.917603131140822
Kosovo,2035,1,4.817036770012237
Kosovo,2035,2,5.186486801224419
Kosovo,2035,3,7.9893123075826225
Kosovo,2035,4,11.845168936401933
Kosovo,2035,5,15.61812201466546
Kosovo,2035,6,18.43914753892477
Kosovo,2035,7,19.728633165200335
Kosovo,2035,8,19.218879198856484
Kosovo,2035,9,16.97659958456734
Kosovo,2035,10,13.425422896137206
Kosovo,2035,11,9.368393326411933
Kosovo,2035,12,6.010471677219357
Kuwait,2025,1,23.853161318574166
Kuwait,2025,2,25.668482371239406
Kuwait,2025,3,26.748410689823686
Kuwait,2025,4,27.387411727356266
Kuwait,2025,5,27.76592809977683
Kuwait,2025,6,27.97288057586138
Kuwait,2025,7,28.028169067064482
Kuwait,2025,8,27.905173617474247
Kuwait,2025,9,27.5532553936946
Kuwait,2025,10,26.920257674702043
Kuwait,2025,11,25.975006841826143
Kuwait,2025,12,24.72981336855173
Kuwait,2026,1,23.88414893424215
Kuwait,2026,2,25.707097546231125
Kuwait,2026,3,26.79286881590906
Kuwait,2026,4,27.43625776585486
Kuwait,2026,5,27.817967044539728
Kuwait,2026,6,28.027107916282148
Kuwait,2026,7,28.08370125116653
Kuwait,2026,8,27.961178514867242
Kuwait,2026,9,27.608882758599975
Kuwait,2026,10,26.974569609033097
Kuwait,2026,11,26.02690825807167
Kuwait,2026,12,24.77798245295071
Kuwait,2027,1,23.915940294559732
Kuwait,2027,2,25.746680538411056
Kuwait,2027,3,26.83842647970323
Kuwait,2027,4,27.486305227977027
Kuwait,2027,5,27.871281981698303
Kuwait,2027,6,28.082661018223916
Kuwait,2027,7,28.14058668362577
Kuwait,2027,8,28.018544382642176
Kuwait,2027,9,27.665861568560103
Kuwait,2027,10,27.030208733097425
Kuwait,2027,11,26.080100396328817
Kuwait,2027,12,24.827396096538905
Kuwait,2028,1,23.948553212140723
Kuwait,2028,2,25.78724978774426
Kuwait,2028,3,26.88510269480048
Kuwait,2028,4,27.53757364728608
Kuwait,2028,5,27.925892911077426
Kuwait,2028,6,28.139560293989234
Kuwait,2028,7,28.19884613557315
Kuwait,2028,8,28.077292297040003
Kuwait,2028,9,27.724213151185722
Kuwait,2028,10,27.08719657225174
Kuwait,2028,11,26.134604925854546
Kuwait,2028,12,24.878076058871557
Kuwait,2029,1,23.98200554754385
Kuwait,2029,2,25.828823782941072
Kuwait,2029,3,26.932916524380744
Kuwait,2029,4,27.590082607680415
Kuwait,2029,5,27.981819883611934
Kuwait,2029,6,28.19782620786009
Kuwait,2029,7,28.258500430872118
Kuwait,2029,8,28.137443387834537
Kuwait,2029,9,27.78395888846444
Kuwait,2029,10,27.14555470698633
Kuwait,2029,11,26.190443571977994
Kuwait,2029,12,24.93004415631094
Kuwait,2030,1,24.01631520930914
Kuwait,2030,2,25.871421061511683
Kuwait,2030,3,26.981887081191417
Kuwait,2030,4,27.643851743469895
Kuwait,2030,5,28.03908300144849
Kuwait,2030,6,28.257479276112463
Kuwait,2030,7,28.319570446293255
Kuwait,2030,8,28.19901883851071
Kuwait,2030,9,27.84512021689534
Kuwait,2030,10,27.205304773070566
Kuwait,2030,11,26.24763811604589
Kuwait,2030,12,24.983322262135516
Kuwait,2031,1,24.051500153965208
Kuwait,2031,2,25.915060209769763
Kuwait,2031,3,27.032033527641943
Kuwait,2031,4,27.698900739448618
Kuwait,2031,5,28.097702418000154
Kuwait,2031,6,28.318540067118192
Kuwait,2031,7,28.382077111397848
Kuwait,2031,8,28.26203988616271
Kuwait,2031,9,27.907718627394388
Kuwait,2031,10,27.266468461538352
Kuwait,2031,11,26.30621039550988
Kuwait,2031,12,25.037932306499897
Kuwait,2032,1,24.087578386156565
Kuwait,2032,2,25.959759862930696
Kuwait,2032,3,27.08337507581473
Kuwait,2032,4,27.755249330814877
Kuwait,2032,5,28.15769833799368
Kuwait,2032,6,28.381029201341335
Kuwait,2032,7,28.446041408701603
Kuwait,2032,8,28.32652782166133
Kuwait,2032,9,27.9717756654436
Kuwait,2032,10,27.329067518833654
Kuwait,2032,11,26.366182304006543
Kuwait,2032,12,25.09389627650762
Kuwait,2033,1,24.12456795858907
Kuwait,2033,2,26.005538705115214
Kuwait,2033,3,27.135930987512438
Kuwait,2033,4,27.812917303400354
Kuwait,2033,5,28.219091017462233
Kuwait,2033,6,28.44496735138182
Kuwait,2033,7,28.511484373667372
Kuwait,2033,8,28.392503989588477
Kuwait,2033,9,28.037312931109227
Kuwait,2033,10,27.393123746686797
Kuwait,2033,11,26.42757579130648
Kuwait,2033,12,25.151236216265715
Kuwait,2034,1,24.162486972186343
Kuwait,2034,2,26.052415469433072
Kuwait,2034,3,27.189720574319836
Kuwait,2034,4,27.871924493557344
Kuwait,2034,5,28.281900763890917
Kuwait,2034,6,28.51037524208823
Kuwait,2034,7,28.57842709478882
Kuwait,2034,8,28.459989788408166
Kuwait,2034,9,28.104352079045384
Kuwait,2034,10,27.45865900235094
Kuwait,2034,11,26.49041286348165
Kuwait,2034,12,25.209974226957456
Kuwait,2035,1,24.2013535759952
Kuwait,2035,2,26.10040893794303
Kuwait,2035,3,27.24476319761834
Kuwait,2035,4,27.932290788256978
Kuwait,2035,5,28.34614793610035
Kuwait,2035,6,28.577273650474126
Kuwait,2035,7,28.64689071356497
Kuwait,2035,8,28.529006670375566
Kuwait,2035,9,28.1729148185741
Kuwait,2035,10,27.525695198471112
Kuwait,2035,11,26.554715582825338
Kuwait,2035,12,25.27013246680599
Kyrgyzstan,2025,1,-10.598304504986118
Kyrgyzstan,2025,2,-9.526653374031412
Kyrgyzstan,2025,3,-4.521889429480325
Kyrgyzstan,2025,4,2.028317106313807
Kyrgyzstan,2025,5,8.209492870494614
Kyrgyzstan,2025,6,12.602862349515817
Kyrgyzstan,2025,7,14.307848869132613
Kyrgyzstan,2025,8,12.964575584236627
Kyrgyzstan,2025,9,8.776366468759988
Kyrgyzstan,2025,10,2.5322473055903174
Kyrgyzstan,2025,11,-4.370553323503373
Kyrgyzstan,2025,12,-9.904103048072102
Kyrgyzstan,2026,1,-10.53353643146238
Kyrgyzstan,2026,2,-9.455728370946417
Kyrgyzstan,2026,3,-4.4471915004533
Kyrgyzstan,2026,4,2.1050518771562565
Kyrgyzstan,2026,5,8.287106781522198
Kyrgyzstan,2026,6,12.680706544645545
Kyrgyzstan,2026,7,14.385713800807025
Kyrgyzstan,2026,8,13.042621476482054
Kyrgyzstan,2026,9,8.855053780197522
Kyrgyzstan,2026,10,2.6122671924213137
Kyrgyzstan,2026,11,-4.288348544453584
Kyrgyzstan,2026,12,-9.81876943629959
Kyrgyzstan,2027,1,-10.467775396918114
Kyrgyzstan,2027,2,-9.383561992107389
Kyrgyzstan,2027,3,-4.37104374449973
Kyrgyzstan,2027,4,2.1834074799744485
Kyrgyzstan,2027,5,8.366477600899998
Kyrgyzstan,2027,6,12.76041131326292
Kyrgyzstan,2027,7,14.465513077332616
Kyrgyzstan,2027,8,13.122648108584144
Kyrgyzstan,2027,9,8.93574336756592
Kyrgyzstan,2027,10,2.6942885498037867
Kyrgyzstan,2027,11,-4.204162924247612
Kyrgyzstan,2027,12,-9.731492919380798
Kyrgyzstan,2028,1,-10.401004052363533
Kyrgyzstan,2028,2,-9.310136119685012
Kyrgyzstan,2028,3,-4.293427328654616
Kyrgyzstan,2028,4,2.263403409172497
Kyrgyzstan,2028,5,8.447625430767403
Kyrgyzstan,2028,6,12.841997311520572
Kyrgyzstan,2028,7,14.547267855153223
Kyrgyzstan,2028,8,13.20467708357046
Kyrgyzstan,2028,9,9.01845722680173
Kyrgyzstan,2028,10,2.778333712868516
Kyrgyzstan,2028,11,-4.117973842293395
Kyrgyzstan,2028,12,-9.642250644937121
Kyrgyzstan,2029,1,-10.33320500213722
Kyrgyzstan,2029,2,-9.235432588334334
Kyrgyzstan,2029,3,-4.214323371629689
Kyrgyzstan,2029,4,2.345059208263592
Kyrgyzstan,2029,5,8.530570423147765
Kyrgyzstan,2029,6,12.925485246291828
Kyrgyzstan,2029,7,14.630999342248288
Kyrgyzstan,2029,8,13.288730056844543
Kyrgyzstan,2029,9,9.103217406999647
Kyrgyzstan,2029,10,2.8644250706902312
Kyrgyzstan,2029,11,-4.029758623221824
Kyrgyzstan,2029,12,-9.551019705045292
Kyrgyzstan,2030,1,-10.264360803826094
Kyrgyzstan,2030,2,-9.159433185238413
Kyrgyzstan,2030,3,-4.133712943853425
Kyrgyzstan,2030,4,2.4283944698809137
Kyrgyzstan,2030,5,8.61533278004299
Kyrgyzstan,2030,6,13.010895875170718
Kyrgyzstan,2030,7,14.716728798158329
Kyrgyzstan,2030,8,13.374828736138625
Kyrgyzstan,2030,9,9.190046010419792
Kyrgyzstan,2030,10,2.952585066294887
Kyrgyzstan,2030,11,-3.939494536930397
Kyrgyzstan,2030,12,-9.457777136157347
Kyrgyzstan,2031,1,-10.194453968319976
Kyrgyzstan,2031,2,-9.082119649980996
Kyrgyzstan,2031,3,-4.051577067321887
Kyrgyzstan,2031,4,2.5134288358758567
Kyrgyzstan,2031,5,8.701932753418987
Kyrgyzstan,2031,6,13.098250006577473
Kyrgyzstan,2031,7,14.804477534010402
Kyrgyzstan,2031,8,13.462994881633676
Kyrgyzstan,2031,9,9.278965192527721
Kyrgyzstan,2031,10,3.042836196808821
Kyrgyzstan,2031,11,-3.847158798397686
Kyrgyzstan,2031,12,-9.362499919126094
Kyrgyzstan,2032,1,-10.1234669596588
Kyrgyzstan,2032,2,-9.003473674521047
Kyrgyzstan,2032,3,-3.967896715667848
Kyrgyzstan,2032,4,2.600181997278014
Kyrgyzstan,2032,5,8.790390645274783
Kyrgyzstan,2032,6,13.187568499773079
Kyrgyzstan,2032,7,14.894266912623607
Kyrgyzstan,2032,8,13.553250305955771
Kyrgyzstan,2032,9,9.369997162078107
Kyrgyzstan,2032,10,3.135201013389633
Kyrgyzstan,2032,11,-3.752728567741542
Kyrgyzstan,2032,12,-9.265164979066867
Kyrgyzstan,2033,1,-10.051382195065344
Kyrgyzstan,2033,2,-8.923476903207302
Kyrgyzstan,2033,3,-3.882652814018911
Kyrgyzstan,2033,4,2.688673694426143
Kyrgyzstan,2033,5,8.880726807711653
Kyrgyzstan,2033,6,13.27887226490293
Kyrgyzstan,2033,7,14.9861183484727
Kyrgyzstan,2033,8,13.645616874227017
Kyrgyzstan,2033,9,9.463164181143839
Kyrgyzstan,2033,10,3.229702121309856
Kyrgyzstan,2033,11,-3.6561809501936295
Kyrgyzstan,2033,12,-9.165749185372079
Kyrgyzstan,2034,1,-9.978182044850655
Kyrgyzstan,2034,2,-8.842110932640026
Kyrgyzstan,2034,3,-3.795826239030248
Kyrgyzstan,2034,4,2.7789237169608896
Kyrgyzstan,2034,5,8.972961642936752
Kyrgyzstan,2034,6,13.372182263018658
Kyrgyzstan,2034,7,15.080053307797243
Kyrgyzstan,2034,8,13.7401165041274
Kyrgyzstan,2034,9,9.558488565126936
Kyrgyzstan,2034,10,3.326362180018805
Kyrgyzstan,2034,11,-3.5574929959684596
Kyrgyzstan,2034,12,-9.064229351660288
Kyrgyzstan,2035,1,-9.903848832392214
Kyrgyzstan,2035,2,-8.75935731170739
Kyrgyzstan,2035,3,-3.707397818764548
Kyrgyzstan,2035,4,2.8709519038975486
Kyrgyzstan,2035,5,9.067115603343154
Kyrgyzstan,2035,6,13.467519506223653
Kyrgyzstan,2035,7,15.17609330860887
Kyrgyzstan,2035,8,13.836771165938444
Kyrgyzstan,2035,9,9.6559926828495
Kyrgyzstan,2035,10,3.4252039031825916
Kyrgyzstan,2035,11,-3.4566417002670278
Kyrgyzstan,2035,12,-8.960582235714355
Laos,2025,1,21.323633732358758
Laos,2025,2,22.21135902361584
Laos,2025,3,23.10754793922115
Laos,2025,4,23.98488334371814
Laos,2025,5,24.76877580933524
Laos,2025,6,25.35986460580989
Laos,2025,7,25.656518690449047
Laos,2025,8,25.57733769781862
Laos,2025,9,25.08365292984763
Laos,2025,10,24.202028345561303
Laos,2025,11,23.04676155107245
Laos,2025,12,21.842384789434618
Laos,2026,1,21.360836800428842
Laos,2026,2,22.2552509063471
Laos,2026,3,23.156401571625793
Laos,2026,4,24.03733741785709
Laos,2026,5,24.823765237340012
Laos,2026,6,25.416550982922672
Laos,2026,7,25.714220758040938
Laos,2026,8,25.63546180641515
Laos,2026,9,25.141623502103357
Laos,2026,10,24.25921833933262
Laos,2026,11,23.102422922384903
Laos,2026,12,21.895578955552082
Laos,2027,1,21.39891926742439
Laos,2027,2,22.3001942041019
Laos,2027,3,23.206445417906252
Laos,2027,4,24.09108980489782
Laos,2027,5,24.88013289493847
Laos,2027,6,25.47466984143921
Laos,2027,7,25.773386411340653
Laos,2027,8,25.69505997498436
Laos,2027,9,25.201060496005994
Laos,2027,10,24.317851521253942
Laos,2027,11,23.159491170667934
Laos,2027,12,21.95013312719766
Laos,2028,1,21.437898961838982
Laos,2028,2,22.34620738882313
Laos,2028,3,23.25769853971451
Laos,2028,4,24.146160102581234
Laos,2028,5,24.937898862191105
Laos,2028,6,25.53424168997026
Laos,2028,7,25.834036533856306
Laos,2028,8,25.756153408209684
Laos,2028,9,25.26198538373228
Laos,2028,10,24.377949577302388
Laos,2028,11,23.217988141958813
Laos,2028,12,22.00606925673219
Laos,2029,1,21.4777937600129
Laos,2029,2,22.393308981082555
Laos,2029,3,23.31018004818634
Laos,2029,4,24.202567958797772
Laos,2029,5,24.99708327011922
Laos,2029,6,25.595287088978694
Laos,2029,7,25.89619206174848
Laos,2029,8,25.81876336428195
Laos,2029,9,25.32441969172669
Laos,2029,10,24.439534248515884
Laos,2029,11,23.277935738152337
Laos,2029,12,22.063409353225325
Laos,2030,1,21.518621586096742
Laos,2030,2,22.44151755004077
Laos,2030,3,23.36390910384671
Laos,2030,4,24.26033307175112
Laos,2030,5,25.057706300828613
Laos,2030,6,25.657826650768584
Laos,2030,7,25.959873983855687
Laos,2030,8,25.882911154812064
Laos,2030,9,25.38838500075599
Laos,2030,10,24.502627330993164
Laos,2030,11,23.339355917062676
Laos,2030,12,22.122175482499188
Laos,2031,1,21.5604004120878
Laos,2031,2,22.490851713629127
Laos,2031,3,23.418904916726206
Laos,2031,4,24.31947518992183
Laos,2031,5,25.119788187545964
Laos,2031,6,25.721881039616164
Laos,2031,7,26.02510334175622
Laos,2031,8,25.94861814502019
Laos,2031,9,25.453902945880145
Laos,2031,10,24.567250676057483
Laos,2031,11,23.402270692456113
Laos,2031,12,22.1823897670738
Laos,2032,1,21.60314825794285
Laos,2032,2,22.541330138433295
Laos,2032,3,23.47518674640105
Laos,2032,4,24.380014112114623
Laos,2032,5,25.18334921463338
Laos,2032,6,25.78747097172618
Laos,2032,7,26.091901229771793
Laos,2032,8,26.015905753637526
Laos,2032,9,25.52099521657601
Laos,2032,10,24.633426190147475
Laos,2032,11,23.466702134109255
Laos,2032,12,22.244074386312604
Laos,2033,1,21.646883191581765
Laos,2033,2,22.592971539849714
Laos,2033,3,23.532773902033114
Laos,2033,4,24.44196968756023
Laos,2033,5,25.2484097176648
Laos,2033,6,25.854617215301005
Laos,2033,7,26.16028879506939
Laos,2033,8,26.08479545303726
Laos,2033,9,25.589683556759155
Laos,2033,10,24.701175835002687
Laos,2033,11,23.532672367863597
Laos,2033,12,22.307251576444287
Laos,2034,1,21.691623328927562
Laos,2034,2,22.64579468208558
Laos,2034,3,23.591685742424488
Laos,2034,4,24.50536181593361
Laos,2034,5,25.314990083469638
Laos,2034,6,25.923340590631597
Laos,2034,7,26.23028723765401
Laos,2034,8,26.155308769310977
Laos,2034,9,25.65998976478386
Laos,2034,10,24.770521627623566
Laos,2034,11,23.600203575596424
Laos,2034,12,22.371943630580972
Laos,2035,1,21.73738683396823
Laos,2035,2,22.69981837823525
Laos,2035,3,23.65194167601021
Laos,2035,4,24.57021044735393
Laos,2035,5,25.38311075013644
Laos,2035,6,25.993661970068388
Laos,2035,7,26.301917810466875
Laos,2035,8,26.22746728219954
Laos,2035,9,25.731935693592277
Laos,2035,10,24.841485640347855
Laos,2035,11,23.669317995391793
Laos,2035,12,22.438172898801895
Latvia,2025,1,-1.8956571850421824
Latvia,2025,2,-1.2270482200392507
Latvia,2025,3,2.502283446520778
Latvia,2025,4,7.4969935930976135
Latvia,2025,5,12.298710084495724
Latvia,2025,6,15.808533861757496
Latvia,2025,7,17.30953993210369
Latvia,2025,8,16.489278358753836
Latvia,2025,9,13.462275250863058
Latvia,2025,10,8.79253375342978
Latvia,2025,11,3.5160350371888853
Latvia,2025,12,-0.8367607115278588
Latvia,2026,1,-1.8289586035634784
Latvia,2026,2,-1.1554567705670706
Latvia,2026,3,2.5767450569919674
Latvia,2026,4,7.572876725412243
Latvia,2026,5,12.375070630355367
Latvia,2026,6,15.884862706724562
Latvia,2026,7,17.38569341861603
Latvia,2026,8,16.56540874915754
Latvia,2026,9,13.538761190419791
Latvia,2026,10,8.869910733375036
Latvia,2026,11,3.594925857662929
Latvia,2026,12,-0.755715478341699
Latvia,2027,1,-1.7612150262530122
Latvia,2027,2,-1.0825943833433485
Latvia,2027,3,2.6526653493247068
Latvia,2027,4,7.650370603333613
Latvia,2027,5,12.453160822621612
Latvia,2027,6,15.963009453423183
Latvia,2027,7,17.463724934122183
Latvia,2027,8,16.643451685221407
Latvia,2027,9,13.617171099152074
Latvia,2027,10,8.949202530239745
Latvia,2027,11,3.6757042845829346
Latvia,2027,12,-0.672825390064645
Latvia,2028,1,-1.692408875248475
Latvia,2028,2,-1.008442744480817
Latvia,2028,3,2.7300633197273783
Latvia,2028,4,7.7294948516728255
Latvia,2028,5,12.533000861015353
Latvia,2028,6,16.042994822736546
Latvia,2028,7,17.543655667007442
Latvia,2028,8,16.723428769092607
Latvia,2028,9,13.697526939254203
Latvia,2028,10,9.03043141262333
Latvia,2028,11,3.7583928391441077
Latvia,2028,12,-0.5880677265804479
Latvia,2029,1,-1.6225225257139755
Latvia,2029,2,-0.9329834923146336
Latvia,2029,3,2.8089580129826572
Latvia,2029,4,7.810269144619269
Latvia,2029,5,12.614610995428848
Latvia,2029,6,16.124839586581402
Latvia,2029,7,17.62550685746919
Latvia,2029,8,16.805361655552588
Latvia,2029,9,13.779850726380573
Latvia,2029,10,9.11361970332382
Latvia,2029,11,3.843014097627929
Latvia,2029,12,-0.5014197118352968
Latvia,2030,1,-1.5515383058218504
Latvia,2030,2,-0.8561982173805518
Latvia,2030,3,2.889368522491168
Latvia,2030,4,7.892713205798827
Latvia,2030,5,12.698011526005757
Latvia,2030,6,16.208564567900794
Latvia,2030,7,17.709299797531457
Latvia,2030,8,16.88927205204618
Latvia,2030,9,13.864164529649315
Latvia,2030,10,9.198789779454273
Latvia,2030,11,3.9295906913803265
Latvia,2030,12,-0.4128585139033021
Latvia,2031,1,-1.4794384966799043
Latvia,2031,2,-0.7780684623203342
Latvia,2031,3,2.9713139903333285
Latvia,2031,4,7.976846808313894
Latvia,2031,5,12.783222803162971
Latvia,2031,6,16.294190640736815
Latvia,2031,7,17.795055831161335
Latvia,2031,8,16.97518171871434
Latvia,2031,9,13.950490471704143
Latvia,2031,10,9.285964072395473
Latvia,2031,11,4.018145306906263
Latvia,2031,12,-0.3223612449100983
Latvia,2032,1,-1.4062053323132204
Latvia,2032,2,-0.6985757219254083
Latvia,2032,3,3.0548136072693524
Latvia,2032,4,8.06268977479067
Latvia,2032,5,12.870265227652453
Latvia,2032,6,16.3817387302488
Latvia,2032,7,17.882796354239872
Latvia,2032,8,17.063112468434156
Latvia,2032,9,14.03885072871799
Latvia,2032,10,9.375165067952366
Latvia,2032,11,4.108700685877011
Latvia,2032,12,-0.2299049610764996
Latvia,2033,1,-1.3318209995914003
Latvia,2033,2,-0.617701442994985
Latvia,2033,3,3.139886612855662
Latvia,2033,4,8.150261977411901
Latvia,2033,5,12.959159250612174
Latvia,2033,6,16.471229812811544
Latvia,2033,7,17.972542814631197
Latvia,2033,8,17.153086166909816
Latvia,2033,9,14.129267530505786
Latvia,2033,10,9.466415306350427
Latvia,2033,11,4.201279625181087
Latvia,2033,12,-0.13546666246020322
Latvia,2034,1,-1.2562676382067366
Latvia,2034,2,-0.5354270243542487
Latvia,2034,3,3.226552295437614
Latvia,2034,4,8.239583337971453
Latvia,2034,5,13.049925373591577
Latvia,2034,6,16.562684916011676
Latvia,2034,7,18.06431671228438
Latvia,2034,8,17.24512473267623
Latvia,2034,9,14.22176316054265
Latvia,2034,10,9.559737382213825
Latvia,2034,11,4.29590497697518
Latvia,2034,12,-0.0390232931376886
Latvia,2035,1,-1.179527340616005
Latvia,2035,2,-0.4517338167779599
Latvia,2035,3,3.314829992193154
Latvia,2035,4,8.330673827928877
Latvia,2035,5,13.142584148569767
Latvia,2035,6,16.656125118676755
Latvia,2035,7,18.15813959917523
Latvia,2035,8,17.339250137164527
Latvia,2035,9,14.316359955938424
Latvia,2035,10,9.655153944714584
Latvia,2035,11,4.392599648724172
Latvia,2035,12,0.05944825894493988
Lebanon,2025,1,11.62565703547898
Lebanon,2025,2,11.691496250595264
Lebanon,2025,3,13.360840819897021
Lebanon,2025,4,15.778951306941053
Lebanon,2025,5,18.219765045171698
Lebanon,2025,6,20.10839712780671
Lebanon,2025,7,21.043641397748615
Lebanon,2025,8,20.820471437441483
Lebanon,2025,9,19.45254155884777
Lebanon,2025,10,17.194687793246885
Lebanon,2025,11,14.56542888122658
Lebanon,2025,12,12.369467262517901
Lebanon,2026,1,11.680479854469922
Lebanon,2026,2,11.751331758213382
Lebanon,2026,3,13.423959153090436
Lebanon,2026,4,15.844083747158038
Lebanon,2026,5,18.286034481364368
Lebanon,2026,6,20.17524851946746
Lebanon,2026,7,21.110772237899255
Lebanon,2026,8,20.8877622157097
Lebanon,2026,9,19.519986224398053
Lebanon,2026,10,17.26232421791883
Lebanon,2026,11,14.633269322429442
Lebanon,2026,12,12.437428826321593
Lebanon,2027,1,11.736315049297446
Lebanon,2027,2,11.812374616835768
Lebanon,2027,3,13.488444314561093
Lebanon,2027,4,15.91070951247184
Lebanon,2027,5,18.353893276468625
Lebanon,2027,6,20.2437573582838
Lebanon,2027,7,21.179603185323685
Lebanon,2027,8,20.956772850674497
Lebanon,2027,9,19.589150102875465
Lebanon,2027,10,17.33166133588111
Lebanon,2027,11,14.7027765789544
Lebanon,2027,12,12.507010486552645
Lebanon,2028,1,11.793180406058127
Lebanon,2028,2,11.874643298394403
Lebanon,2028,3,13.554315408368893
Lebanon,2028,4,15.978848285362801
Lebanon,2028,5,18.423361637670496
Lebanon,2028,6,20.313944322439966
Lebanon,2028,7,21.2501553355296
Lebanon,2028,8,21.027524801434083
Lebanon,2028,9,19.660054963195762
Lebanon,2028,10,17.40272117225777
Lebanon,2028,11,14.773972878375389
Lebanon,2028,12,12.578234619563773
Lebanon,2029,1,11.851093758280513
Lebanon,2029,2,11.938156323049952
Lebanon,2029,3,13.621591587610055
Lebanon,2029,4,16.04851979815885
Lebanon,2029,5,18.494459822829413
Lebanon,2029,6,20.385830141586666
Lebanon,2029,7,21.322449836233318
Lebanon,2029,8,21.100039580113844
Lebanon,2029,9,19.732722628200463
Lebanon,2029,10,17.475525806848054
Lebanon,2029,11,14.84688050378918
Lebanon,2029,12,12.651123657969038
Lebanon,2030,1,11.910072986957857
Lebanon,2030,2,12.002932259242698
Lebanon,2030,3,13.690292054457132
Lebanon,2030,4,16.119743833042776
Lebanon,2030,5,18.56720814043456
Lebanon,2030,6,20.459435596888397
Lebanon,2030,7,21.396507887501684
Lebanon,2030,8,21.17433875198276
Lebanon,2030,9,19.807174974620466
Lebanon,2030,10,17.550097374177312
Lebanon,2030,11,14.921521793771717
Lebanon,2030,12,12.72570009075298
Lebanon,2031,1,11.970136020562677
Lebanon,2031,2,12.068989723699815
Lebanon,2031,3,13.760436060188113
Lebanon,2031,4,16.19254022216137
Lebanon,2031,5,18.641626949754027
Lebanon,2031,6,20.53478152100888
Lebanon,2031,7,21.472350741726586
Lebanon,2031,8,21.25044393540975
Lebanon,2031,9,19.88343393318155
Lebanon,2031,10,17.626458063558857
Lebanon,2031,11,14.997919142520004
Lebanon,2031,12,12.801986463270623
Lebanon,2032,1,12.031300835097682
Lebanon,2032,2,12.13634738150813
Lebanon,2032,3,13.83204290525191
Lebanon,2032,4,16.266928847581767
Lebanon,2032,5,18.717736660834817
Lebanon,2032,6,20.611888798202017
Lebanon,2032,7,21.54999970370136
Lebanon,2032,8,21.32837680204193
Lebanon,2032,9,19.961521488571634
Lebanon,2032,10,17.704630119086687
Lebanon,2032,11,15.076094999833913
Lebanon,2032,12,12.880005377312955
Lebanon,2033,1,12.093585454197637
Lebanon,2033,2,12.205023946165056
Lebanon,2033,3,13.905131939286548
Lebanon,2033,4,16.342929641444243
Lebanon,2033,5,18.795557734524664
Lebanon,2033,6,20.69077836437009
Lebanon,2033,7,21.629476130642615
Lebanon,2033,8,21.408159076710035
Lebanon,2033,9,20.04145967958266
Lebanon,2033,10,17.784635839773728
Lebanon,2033,11,15.156071871214408
Lebanon,2033,12,12.959779491154222
Lebanon,2034,1,12.157007949107538
Lebanon,2034,2,12.275038179589501
Lebanon,2034,3,13.979722561202834
Lebanon,2034,4,16.420562585889456
Lebanon,2034,5,18.8751106825448
Lebanon,2034,6,20.771471207107425
Lebanon,2034,7,21.710801432281187
Lebanon,2034,8,21.489812537570288
Lebanon,2034,9,20.123270599085117
Lebanon,2034,10,17.86649757948635
Lebanon,2034,11,15.237872317852634
Lebanon,2034,12,13.041331519617415
Lebanon,2035,1,12.221586438737177
Lebanon,2035,2,12.346408892176441
Lebanon,2035,3,14.055834219191638
Lebanon,2035,4,16.499847713167583
Lebanon,2035,5,18.95641606753361
Lebanon,2035,6,20.85398836566401
Lebanon,2035,7,21.79399707084758
Lebanon,2035,8,21.573359016104405
Lebanon,2035,9,20.206976394093545
Lebanon,2035,10,17.95023774706442
Lebanon,2035,11,15.321518956680848
Lebanon,2035,12,13.124684234023334
Lesotho,2025,1,5.465627699913057
Lesotho,2025,2,5.711046532361252
Lesotho,2025,3,8.26953976051027
Lesotho,2025,4,11.847251129173856
Lesotho,2025,5,15.375081497296378
Lesotho,2025,6,18.031189827787784
Lesotho,2025,7,19.26349417746769
Lesotho,2025,8,18.81217268691489
Lesotho,2025,9,16.732164570444183
Lesotho,2025,10,13.415671105926776
Lesotho,2025,11,9.614656624701638
Lesotho,2025,12,6.46334950151595
Lesotho,2026,1,5.5278338836369585
Lesotho,2026,2,5.777929062464864
Lesotho,2026,3,8.33927269652213
Lesotho,2026,4,11.918521763263016
Lesotho,2026,5,15.447020817239718
Lesotho,2026,6,18.103302980031913
Lesotho,2026,7,19.335590930139915
Lesotho,2026,8,18.88429789285965
Lesotho,2026,9,16.804528630194
Lesotho,2026,10,13.488580430731417
Lesotho,2026,11,9.688444099597291
Lesotho,2026,12,6.538304948288896
Lesotho,2027,1,5.591084324253643
Lesotho,2027,2,5.846064598529665
Lesotho,2027,3,8.410430644283224
Lesotho,2027,4,11.991355189017668
Lesotho,2027,5,15.52062900038527
Lesotho,2027,6,18.177161876058562
Lesotho,2027,7,19.40948363364896
Lesotho,2027,8,18.95824510061084
Lesotho,2027,9,16.878719104072843
Lesotho,2027,10,13.56330146084747
Lesotho,2027,11,9.76401196720417
Lesotho,2027,12,6.614995388857096
Lesotho,2028,1,5.6553967331174135
Lesotho,2028,2,5.9154715608792685
Lesotho,2028,3,8.483032679375356
Lesotho,2028,4,12.065771083610343
Lesotho,2028,5,15.59592627175607
Lesotho,2028,6,18.25278723504107
Lesotho,2028,7,19.48519344763281
Lesotho,2028,8,19.03403585653814
Lesotho,2028,9,16.954757871507354
Lesotho,2028,10,13.63985635494555
Lesotho,2028,11,9.84138261179487
Lesotho,2028,12,6.693443379413111
Lesotho,2029,1,5.7207888687526065
Lesotho,2029,2,5.9861684178440555
Lesotho,2029,3,8.55709792622747
Lesotho,2029,4,12.141789173839243
Lesotho,2029,5,15.67293290683756
Lesotho,2029,6,18.33019982740825
Lesotho,2029,7,19.562741583730713
Lesotho,2029,8,19.111691759838322
Lesotho,2029,9,17.032666865526153
Lesotho,2029,10,13.718267326236855
Lesotho,2029,11,9.920578473012029
Lesotho,2029,12,6.773671532272601
Lesotho,2030,1,5.787278536977283
Lesotho,2030,2,6.0581736858302975
Lesotho,2030,3,8.632645558115655
Lesotho,2030,4,12.219429236182805
Lesotho,2030,5,15.751669231552114
Lesotho,2030,6,18.409420474869876
Lesotho,2030,7,19.642149305754174
Lesotho,2030,8,19.191234462662578
Lesotho,2030,9,17.11246807291991
Lesotho,2030,10,13.798556642436779
Lesotho,2030,11,10.001622045773729
Lesotho,2030,12,6.855702515907069
Lesotho,2031,1,5.854883590877762
Lesotho,2031,2,6.1315059293456216
Lesotho,2031,3,8.70969479726864
Lesotho,2031,4,12.298711096817897
Lesotho,2031,5,15.832155622400933
Lesotho,2031,6,18.49047005049306
Lesotho,2031,7,19.723437929596003
Lesotho,2031,8,19.27268567009469
Lesotho,2031,9,17.19418353419769
Lesotho,2031,10,13.880746625804932
Lesotho,2031,11,10.084535880397198
Lesotho,2031,12,6.939559054947495
Lesotho,2032,1,5.923621930874106
Lesotho,2032,2,6.206183761006287
Lesotho,2032,3,8.788264914802312
Lesotho,2032,4,12.379654631721678
Lesotho,2032,5,15.9144125064131
Lesotho,2032,6,18.573369478680434
Lesotho,2032,7,19.806628823364917
Lesotho,2032,8,19.356067140187406
Lesotho,2032,9,17.277835343714287
Lesotho,2032,10,13.964859653225176
Lesotho,2032,11,10.169342582609715
Lesotho,2032,12,7.025263930242545
Lesotho,2033,1,5.993511504778326
Lesotho,2033,2,6.282225841668151
Lesotho,2033,3,8.86837523090162
Lesotho,2033,4,12.462279766620668
Lesotho,2033,5,15.998460361240177
Lesotho,2033,6,18.658139735293844
Lesotho,2033,7,19.8917434074001
Lesotho,2033,8,19.44140068404613
Lesotho,2033,9,17.36344564963747
Lesotho,2033,10,14.050918156242005
Lesotho,2033,11,10.256064813603189
Lesotho,2033,12,7.112839978971351
Lesotho,2034,1,6.064570307838039
Lesotho,2034,2,6.359650880393929
Lesotho,2034,3,8.950045114725981
Lesotho,2034,4,12.546606477139903
Lesotho,2034,5,16.084319715199854
Lesotho,2034,6,18.74480184766162
Lesotho,2034,7,19.978803154296656
Lesotho,2034,8,19.528708165876196
Lesotho,2034,9,17.451036654020754
Lesotho,2034,10,14.13894462107146
Lesotho,2034,11,10.344725290052338
Lesotho,2034,12,7.202310094519817
Lesotho,2035,1,6.136816382740108
Lesotho,2035,2,6.43847763452959
Lesotho,2035,3,9.033293984565717
Lesotho,2035,4,12.63265478878111
Lesotho,2035,5,16.172011147312332
Lesotho,2035,6,18.83337689457494
Lesotho,2035,7,20.067829588996574
Lesotho,2035,8,19.618011502997433
Lesotho,2035,9,17.540630612876157
Lesotho,2035,10,14.228961588699349
Lesotho,2035,11,10.4353467842202
Lesotho,2035,12,7.293697226720724
Liberia,2025,1,23.27449836670803
Liberia,2025,2,24.802578937339604
Liberia,2025,3,25.801234563416983
Liberia,2025,4,26.479220335259924
Liberia,2025,5,26.94896067904574
Liberia,2025,6,27.24905034666608
Liberia,2025,7,27.366755405609183
Liberia,2025,8,27.26051422895125
Liberia,2025,9,26.88243848510774
Liberia,2025,10,26.200814127857484
Liberia,2025,11,25.222602386188555
Liberia,2025,12,24.01594075416233
Liberia,2026,1,23.307028132113373
Liberia,2026,2,24.84247321420935
Liberia,2026,3,25.846727135115543
Liberia,2026,4,26.528884146156088
Liberia,2026,5,27.001638297530917
Liberia,2026,6,27.303784428157996
Liberia,2026,7,27.422719155621053
Liberia,2026,8,27.316941866022717
Liberia,2026,9,26.938555703921338
Liberia,2026,10,26.25576856220232
Liberia,2026,11,25.275394071971277
Liberia,2026,12,24.065352592465388
Liberia,2027,1,23.340383043218935
Liberia,2027,2,24.88335877369991
Liberia,2027,3,25.893344544984757
Liberia,2027,4,26.579776286872402
Liberia,2027,5,27.055620191012167
Liberia,2027,6,27.35987370080784
Liberia,2027,7,27.480066501350848
Liberia,2027,8,27.374761509273412
Liberia,2027,9,26.996055862667163
Liberia,2027,10,26.31208191094356
Liberia,2027,11,25.32950820482165
Liberia,2027,12,24.116040486137535
Liberia,2028,1,23.37458091860117
Liberia,2028,2,24.92525406596269
Liberia,2028,3,25.941105821076235
Liberia,2028,4,26.63191630966776
Liberia,2028,5,27.110926382244543
Liberia,2028,6,27.417338604170254
Liberia,2028,7,27.538818245448965
Liberia,2028,8,27.433994270701987
Liberia,2028,9,27.054960328962807
Liberia,2028,10,26.36977574368302
Liberia,2028,11,25.38496650259276
Liberia,2028,12,24.16802624754655
Liberia,2029,1,23.409639624675947
Liberia,2029,2,24.968177589857987
Liberia,2029,3,25.99003004100905
Liberia,2029,4,26.685323817136123
Liberia,2029,5,27.167576945133078
Liberia,2029,6,27.47619962970657
Liberia,2029,7,27.598995243280115
Liberia,2029,8,27.494661315825397
Liberia,2029,9,27.11529052484275
Liberia,2029,10,26.428871685207014
Liberia,2029,11,25.44179073909345
Liberia,2029,12,24.221331745852694
Liberia,2030,1,23.445577075840447
Liberia,2030,2,25.01214789302776
Liberia,2030,3,26.0401363318897
Liberia,2030,4,26.740018462242915
Liberia,2030,5,27.225592004736427
Liberia,2030,6,27.536477320912127
Liberia,2030,7,27.660618402981527
Liberia,2030,8,27.556783863798955
Liberia,2030,9,27.1770679267147
Liberia,2030,10,26.4893914154718
Liberia,2030,11,25.500002744182893
Liberia,2030,12,24.27597890708148
Liberia,2031,1,23.48241123448406
Liberia,2031,2,25.05718357185924
Liberia,2031,3,26.091443870490366
Liberia,2031,4,26.7960199483432
Liberia,2031,5,27.284991737339624
Liberia,2031,6,27.59819227326534
Liberia,2031,7,27.723708685572092
Liberia,2031,8,27.620383187416337
Liberia,2031,9,27.240314065457824
Liberia,2031,10,26.55135666975275
Liberia,2031,11,25.55962440375606
Liberia,2031,12,24.33198971408001
Liberia,2032,1,23.520160110959296
Liberia,2032,2,25.103303271608638
Liberia,2032,3,26.143971883172526
Liberia,2032,4,26.853348029254448
Liberia,2032,5,27.345796370486823
Liberia,2032,6,27.661365134289554
Liberia,2032,7,27.78828710488324
Liberia,2032,8,27.68548061312049
Liberia,2032,9,27.305050526393643
Liberia,2032,10,26.6147892385643
Liberia,2032,11,25.620677659838293
Liberia,2032,12,24.38938620662975
Liberia,2033,1,23.558841763763667
Liberia,2033,2,25.150525686397486
Liberia,2033,3,26.197739646003356
Liberia,2033,4,26.91202250929655
Liberia,2033,5,27.408026182995854
Liberia,2033,6,27.726016603694916
Liberia,2033,7,27.85437472771173
Liberia,2033,8,27.75209752110186
Liberia,2033,9,27.3712989494461
Liberia,2033,10,26.679710967809115
Liberia,2033,11,25.683184510592582
Liberia,2033,12,24.448190481486563
Liberia,2034,1,23.598474299477857
Liberia,2034,2,25.198869559263585
Liberia,2034,3,26.25276648478848
Liberia,2034,4,26.97206324331364
Liberia,2034,5,27.471701505096462
Liberia,2034,6,27.792167433283794
Liberia,2034,7,27.921992673808745
Liberia,2034,8,27.820255345342048
Liberia,2034,9,27.43908102907244
Liberia,2034,10,26.746143758734434
Liberia,2034,11,25.747167010385056
Liberia,2034,12,24.5084246923916
Liberia,2035,1,23.639075872853027
Liberia,2035,2,25.24835368224103
Liberia,2035,3,26.309071775137454
Liberia,2035,4,27.033490136750515
Liberia,2035,5,27.536842718339358
Liberia,2035,6,27.85983842708174
Liberia,2035,7,27.991162115941734
Liberia,2035,8,27.889975573610172
Liberia,2035,9,27.508418514401455
Liberia,2035,10,26.81410956806667
Liberia,2035,11,25.812647269824993
Liberia,2035,12,24.570111050165906
Libya,2025,1,20.263495036259883
Libya,2025,2,20.924119288055408
Libya,2025,3,21.828926289273113
Libya,2025,4,22.8410519255458
Libya,2025,5,23.799291711654405
Libya,2025,6,24.540601781417536
Libya,2025,7,24.922599877610082
Libya,2025,8,24.84606634183092
Libya,2025,9,24.27744510442153
Libya,2025,10,23.27134467435917
Libya,2025,11,21.993039129146382
Libya,2025,12,20.740969104718715
Libya,2026,1,20.303016968185148
Libya,2026,2,20.970042770427426
Libya,2026,3,21.879536586141512
Libya,2026,4,22.895012490132103
Libya,2026,5,23.855574649370283
Libya,2026,6,24.598418312872127
Libya,2026,7,24.98133080163916
Libya,2026,8,24.905192498511497
Libya,2026,9,24.336477838111932
Libya,2026,10,23.329756296691812
Libya,2026,11,22.050193382038742
Libya,2026,12,20.796051623427957
Libya,2027,1,20.343441092297326
Libya,2027,2,21.017043287386514
Libya,2027,3,21.93136524551028
Libya,2027,4,22.950301748064703
Libya,2027,5,23.91326813168871
Libya,2027,6,24.657701278015338
Libya,2027,7,25.041560603743164
Libya,2027,8,24.965829050383945
Libya,2027,9,24.397014074254002
Libya,2027,10,23.389648636327365
Libya,2027,11,22.108792192154397
Libya,2027,12,20.852531681747678
Libya,2028,1,20.384785238552467
Libya,2028,2,21.065139317820467
Libya,2028,3,21.984431341491472
Libya,2028,4,23.006939315037926
Libya,2028,5,23.972392262131507
Libya,2028,6,24.718471214529018
Libya,2028,7,25.103310202009197
Libya,2028,8,25.027997242229503
Libya,2028,9,24.459075330626547
Libya,2028,10,23.451043430363825
Libya,2028,11,22.168857462177584
Libya,2028,12,20.91043129425543
Libya,2029,1,20.427067284582336
Libya,2029,2,21.114349389158633
Libya,2029,3,22.038753997604545
Libya,2029,4,23.064944856891998
Libya,2029,5,24.032967195192214
Libya,2029,6,24.78074871181616
Libya,2029,7,25.16660056708224
Libya,2029,8,25.09171837220947
Libya,2029,9,24.522683179228807
Libya,2029,10,23.513962470901788
Libya,2029,11,22.230411150591863
Libya,2029,12,20.969772532150273
Libya,2030,1,20.47030515586539
Libya,2030,2,21.164692077422842
Libya,2030,3,22.094352386739956
Libya,2030,4,23.12433808967853
Libya,2030,5,24.095013136408852
Libya,2030,6,24.844554411168247
Libya,2030,7,25.23145272227066
Libya,2030,8,25.15701379197435
Libya,2030,9,24.58785924631684
Libya,2030,10,23.578427605117213
Libya,2030,11,22.293475271800162
Libya,2030,12,21.030577523292777
Libya,2031,1,20.514516825654027
Libya,2031,2,21.216186007300166
Libya,2031,3,22.151245731224662
Libya,2031,4,23.18513877973328
Libya,2031,5,24.158550342323906
Libya,2031,6,24.909909005677946
Libya,2031,7,25.297887743557112
Libya,2031,8,25.22390490662383
Libya,2031,9,24.654625212439896
Libya,2031,10,23.644460735268694
Libya,2031,11,22.3580718960593
Libya,2031,12,21.092868452281436
Libya,2032,1,20.559720315101913
Libya,2032,2,21.26884985209199
Libya,2032,3,22.209453302905786
Libya,2032,4,23.247366743632483
Libya,2032,5,24.223599120611652
Libya,2032,6,24.976833240413725
Libya,2032,7,25.365926759605827
Libya,2032,8,25.292413174808644
Libya,2032,9,24.72300281245498
Libya,2032,10,23.712083818773863
Libya,2032,11,22.42422314961459
Libya,2032,12,21.15666756043811
Libya,2033,1,20.605933693289444
Libya,2033,2,21.322702333925008
Libya,2033,3,22.26899442316153
Libya,2033,4,23.31104184836022
Libya,2033,5,24.290179830143643
Libya,2033,6,25.04534791236165
Libya,2033,7,25.435590951922677
Libya,2033,8,25.36256010875968
Libya,2033,9,24.793013835668717
Libya,2033,10,23.781318868223934
Libya,2033,11,22.491951214707115
Libya,2033,12,21.22199714596809
Libya,2034,1,20.653175077249216
Libya,2034,2,21.377762223587524
Libya,2034,3,22.329888462915733
Libya,2034,4,23.376184011239275
Libya,2034,5,24.358312880915946
Libya,2034,6,25.115473870530877
Libya,2034,7,25.50690155475695
Libya,2034,8,25.434367274295255
Libya,2034,9,24.864680125731866
Libya,2034,10,23.85218795147466
Libya,2034,11,22.561278329606466
Libya,2034,12,21.288879563840055
Libya,2035,1,20.701462632002404
Libya,2035,2,21.43404834078774
Libya,2035,3,22.39215484273609
Libya,2035,4,23.442813200033015
Libya,2035,5,24.428018734191028
Libya,2035,6,25.187232015964582
Libya,2035,7,25.57987985523596
Libya,2035,8,25.507856290922973
Libya,2035,9,24.938023580824847
Libya,2035,10,23.924713191624505
Libya,2035,11,22.632226788676235
Libya,2035,12,21.357337225975243
Lithuania,2025,1,-1.019680914257151
Lithuania,2025,2,-0.4041298192232716
Lithuania,2025,3,3.185753395192478
Lithuania,2025,4,8.013786718974188
Lithuania,2025,5,12.667377901177133
Lithuania,2025,6,16.080025439904603
Lithuania,2025,7,17.553819572179236
Lithuania,2025,8,16.781943263814355
Lithuania,2025,9,13.871173199325312
Lithuania,2025,10,9.364380771869946
Lithuania,2025,11,4.26303307307262
Lithuania,2025,12,0.049693882975589077
Lithuania,2026,1,-0.9532446649345729
Lithuania,2026,2,-0.33286363267234265
Lithuania,2026,3,3.2598550621705726
Lithuania,2026,4,8.089296222410667
Lithuania,2026,5,12.743364872986604
Lithuania,2026,6,16.15598725088512
Lithuania,2026,7,17.629611795059645
Lithuania,2026,8,16.85771013622525
Lithuania,2026,9,13.9472780868864
Lithuania,2026,10,9.441336631146442
Lithuania,2026,11,4.341432914589859
Lithuania,2026,12,0.13014123429911706
Lithuania,2027,1,-0.8857614408507288
Lithuania,2027,2,-0.2603266423457171
Lithuania,2027,3,3.335413337551472
Lithuania,2027,4,8.16641263197107
Lithuania,2027,5,12.821076059180086
Lithuania,2027,6,16.233760112497293
Lithuania,2027,7,17.707273950200943
Lithuania,2027,8,16.935380385414646
Lithuania,2027,9,14.025296876000539
Lithuania,2027,10,9.520196514496092
Lithuania,2027,11,4.42170901791269
Lithuania,2027,12,0.2124217177670289
Lithuania,2028,1,-0.8172136455605141
Lithuania,2028,2,-0.18650051905115106
Lithuania,2028,3,3.412447229639838
Lithuania,2028,4,8.245155581354084
Lithuania,2028,5,12.900531665124618
Lithuania,2028,6,16.313364748047206
Lithuania,2028,7,17.786827225184425
Lithuania,2028,8,17.014975609491557
Lithuania,2028,9,14.105251521651553
Lithuania,2028,10,9.60098268002639
Lithuania,2028,11,4.503883890542966
Lithuania,2028,12,0.2965580365898859
Lithuania,2029,1,-0.7475836357143635
Lithuania,2029,2,-0.11136688579335896
Lithuania,2029,3,3.4909757953000735
Lithuania,2029,4,8.32554475361485
Lithuania,2029,5,12.981751946362238
Lithuania,2029,6,16.39482193185995
Lithuania,2029,7,17.86829285940712
Lithuania,2029,8,17.09651745919564
Lithuania,2029,9,14.187164032210603
Lithuania,2029,10,9.683717440101645
Lithuania,2029,11,4.587980095097919
Lithuania,2029,12,0.38257294988670765
Lithuania,2030,1,-0.6768537208799899
Lithuania,2030,2,-0.034907317737634
Lithuania,2030,3,3.5710181401054797
Lithuania,2030,4,8.407599881299575
Lithuania,2030,5,13.064757208722767
Lithuania,2030,6,16.478152489352397
Lithuania,2030,7,17.95169214413636
Lithuania,2030,8,17.180027638002684
Lithuania,2030,9,14.271056469621726
Lithuania,2030,10,9.768423161357532
Lithuania,2030,11,4.674020249219211
Lithuania,2030,12,0.4704892726849721
Lithuania,2031,1,-0.6050061635351085
Lithuania,2031,2,0.04289665784108365
Lithuania,2031,3,3.6525934182727724
Lithuania,2031,4,8.491340746467358
Lithuania,2031,5,13.149567808367465
Lithuania,2031,6,16.56337729706229
Lithuania,2031,7,18.037046422629828
Lithuania,2031,8,17.26552790209189
Lithuania,2031,9,14.356950949310885
Lithuania,2031,10,9.855122264828424
Lithuania,2031,11,4.762027025838506
Lithuania,2031,12,0.5603298760188409
Lithuania,2032,1,-0.5320231790965408
Lithuania,2032,2,0.12206356159094867
Lithuania,2032,3,3.7357208327784974
Lithuania,2032,4,8.576787180693827
Lithuania,2032,5,13.236204151785387
Lithuania,2032,6,16.65051728267008
Lithuania,2032,7,18.12437709002279
Lithuania,2032,8,17.35304006042952
Lithuania,2032,9,14.44486964033149
Lithuania,2032,10,9.943837225918287
Lithuania,2032,11,4.852023152984657
Lithuania,2032,12,0.6521176868818657
Lithuania,2033,1,-0.4578869357274016
Lithuania,2033,2,0.20261196216688404
Lithuania,2033,3,3.8204196354063242
Lithuania,2033,4,8.663959065165727
Lithuania,2033,5,13.32468669586251
Lithuania,2033,6,16.73959342510443
Lithuania,2033,7,18.21370559353909
Lithuania,2033,8,17.44258597479802
Lithuania,2033,9,14.534834765368032
Lithuania,2033,10,10.034590574466165
Lithuania,2033,11,4.944031413976518
Lithuania,2033,12,0.7458756883579554
Lithuania,2034,1,-0.3825795544207722
Lithuania,2034,2,0.2845604762160292
Lithuania,2034,3,3.90670912673977
Lithuania,2034,4,8.7528763307173
Lithuania,2034,5,13.415035947969045
Lithuania,2034,6,16.83062675452402
Lithuania,2034,7,18.305053432462046
Lithuania,2034,8,17.53418755990515
Lithuania,2034,9,14.626868600772468
Lithuania,2034,10,10.127404894822575
Lithuania,2034,11,5.038074647452049
Lithuania,2034,12,0.841626919639566
Lithuania,2035,1,-0.3060831089160274
Lithuania,2035,2,0.3679277684614135
Lithuania,2035,3,3.994608656256787
Lithuania,2035,4,8.843558957859386
Lithuania,2035,5,13.507272465933966
Lithuania,2035,6,16.923638352375747
Lithuania,2035,7,18.398442158178113
Lithuania,2035,8,17.627866783296668
Lithuania,2035,9,14.720993476644253
Lithuania,2035,10,10.2223028258677
Lithuania,2035,11,5.1341757473574035
Lithuania,2035,12,0.9393944760313389
Luxembourg,2025,1,2.6465431430488024
Luxembourg,2025,2,3.042331246889262
Luxembourg,2025,3,6.0451390950156565
Luxembourg,2025,4,10.167466028674426
Luxembourg,2025,5,14.189575205736219
Luxembourg,2025,6,17.181994590552677
Luxembourg,2025,7,18.52801794397692
Luxembourg,2025,8,17.946205813125744
Luxembourg,2025,9,15.512886521360087
Luxembourg,2025,10,11.684657158160007
Luxembourg,2025,11,7.320884569014197
Luxembourg,2025,12,3.7062063453095107
Luxembourg,2026,1,2.711065959731968
Luxembourg,2026,2,3.1115315761971942
Luxembourg,2026,3,6.117126352383821
Luxembourg,2026,4,10.240886177399261
Luxembourg,2026,5,14.263541220000661
Luxembourg,2026,6,17.256016918509886
Luxembourg,2026,7,18.601934970677576
Luxembourg,2026,8,18.02011432360905
Luxembourg,2026,9,15.587072163632001
Luxembourg,2026,10,11.75952490623331
Luxembourg,2026,11,7.396889185879445
Luxembourg,2026,12,3.7837828460369565
Luxembourg,2027,1,2.7766379670256356
Luxembourg,2027,2,3.1819962935778676
Luxembourg,2027,3,6.190555894515455
Luxembourg,2027,4,10.315891724288122
Luxembourg,2027,5,14.339203480009928
Luxembourg,2027,6,17.33181659134516
Luxembourg,2027,7,18.677683210437863
Luxembourg,2027,8,18.095883201797733
Luxembourg,2027,9,15.663125132156893
Luxembourg,2027,10,11.836247260450364
Luxembourg,2027,11,7.474718527625555
Luxembourg,2027,12,3.8631395465972673
Luxembourg,2028,1,2.8432768309876337
Luxembourg,2028,2,3.2537437844048327
Luxembourg,2028,3,6.265446772446921
Luxembourg,2028,4,10.392502332329059
Luxembourg,2028,5,14.416582206941712
Luxembourg,2028,6,17.409414334776557
Luxembourg,2028,7,18.755283839775984
Luxembourg,2028,8,18.173534021302657
Luxembourg,2028,9,15.741067343959912
Luxembourg,2028,10,11.914846427550401
Luxembourg,2028,11,7.554395036907408
Luxembourg,2028,12,3.9442990718898727
Luxembourg,2029,1,2.911000264802169
Luxembourg,2029,2,3.3267924820365806
Luxembourg,2029,3,6.341818085967134
Luxembourg,2029,4,10.470737714048482
Luxembourg,2029,5,14.495697672366987
Luxembourg,2029,6,17.488830925675757
Luxembourg,2029,7,18.83475808718231
Luxembourg,2029,8,18.253088408518124
Luxembourg,2029,9,15.82092076961726
Luxembourg,2029,10,11.995344668569487
Luxembourg,2029,11,7.635941211597128
Luxembourg,2029,12,4.027284102857266
Luxembourg,2030,1,2.9798260287907397
Luxembourg,2030,2,3.4011608677510594
Luxembourg,2030,3,6.419688983639389
Luxembourg,2030,4,10.550617631522073
Luxembourg,2030,5,14.576570198206355
Luxembourg,2030,6,17.570087192104438
Luxembourg,2030,7,18.916127233130283
Luxembourg,2030,8,18.334568042647334
Luxembourg,2030,9,15.902707433336218
Luxembourg,2030,10,12.077764299044247
Luxembourg,2030,11,7.719379604765891
Luxembourg,2030,12,4.112117376492279
Luxembourg,2031,1,3.04977193051036
Luxembourg,2031,2,3.4768674708657272
Luxembourg,2031,3,6.4990786628086425
Luxembourg,2031,4,10.632161896494836
Luxembourg,2031,5,14.659220156831907
Luxembourg,2031,6,17.653204013361574
Luxembourg,2031,7,18.99941261017102
Luxembourg,2031,8,18.41799465577151
Luxembourg,2031,9,15.986449413002447
Luxembourg,2031,10,12.162127688942746
Luxembourg,2031,11,7.8047328248112535
Luxembourg,2031,12,4.19882168586355
Luxembourg,2032,1,3.1208558247135443
Luxembourg,2032,2,3.5539308687302764
Luxembourg,2032,3,6.580006369710645
Luxembourg,2032,4,10.715390370341083
Luxembourg,2032,5,14.743667971085415
Luxembourg,2032,6,17.73820232005619
Luxembourg,2032,7,19.08463560292239
Luxembourg,2032,8,18.50339003279896
Luxembourg,2032,9,16.072168840176346
Luxembourg,2032,10,12.248457262769989
Luxembourg,2032,11,7.892023535457156
Luxembourg,2032,12,4.287419880162815
Luxembourg,2033,1,3.1930956134792723
Luxembourg,2033,2,3.632369686799393
Luxembourg,2033,3,6.662491399475584
Luxembourg,2033,4,10.800322964173574
Luxembourg,2033,5,14.829934114336538
Luxembourg,2033,6,17.825103094089172
Luxembourg,2033,7,19.171817648149045
Luxembourg,2033,8,18.590776011679736
Luxembourg,2033,9,16.159887900216745
Luxembourg,2033,10,12.336775499582473
Luxembourg,2033,11,7.981274455750281
Luxembourg,2033,12,4.3779348647667575
Luxembourg,2034,1,3.2665092462202665
Luxembourg,2034,2,3.712202598669137
Luxembourg,2034,3,6.74655309618629
Luxembourg,2034,4,10.8869796388326
Luxembourg,2034,5,14.918039110504651
Luxembourg,2034,6,17.913927368780605
Luxembourg,2034,7,19.26098023481336
Luxembourg,2034,8,18.680174483289193
Luxembourg,2034,9,16.24962883225544
Luxembourg,2034,10,12.427104933050032
Luxembourg,2034,11,8.07250836019466
Luxembourg,2034,12,4.47038960129521
Luxembourg,2035,1,3.3411147196975435
Luxembourg,2035,2,3.7934483261424248
Luxembourg,2035,3,6.832210852932803
Luxembourg,2035,4,10.97538040501695
Luxembourg,2035,5,15.008003534146155
Luxembourg,2035,6,18.00469622881519
Luxembourg,2035,7,19.352144904082706
Luxembourg,2035,8,18.771607391555335
Luxembourg,2035,9,16.34141392924812
Luxembourg,2035,10,12.51946815147403
Luxembourg,2035,11,8.165748078729848
Luxembourg,2035,12,4.564807107618435
Madagascar,2025,1,20.814902205086582
Madagascar,2025,2,21.58599464235249
Madagascar,2025,3,22.48219344172776
Madagascar,2025,4,23.422464873413446
Madagascar,2025,5,24.289734251226946
Madagascar,2025,6,24.95338692257519
Madagascar,2025,7,25.29176925822412
Madagascar,2025,8,25.214689642330086
Madagascar,2025,9,24.685919462238417
Madagascar,2025,10,23.745694098456624
Madagascar,2025,11,22.533213914503904
Madagascar,2025,12,21.309145246793378
Madagascar,2026,1,20.853233667753557
Madagascar,2026,2,21.630871870483134
Madagascar,2026,3,22.531895884091682
Madagascar,2026,4,23.475643824699546
Madagascar,2026,5,24.34534331506893
Madagascar,2026,6,25.010612474533445
Madagascar,2026,7,25.34996090885852
Madagascar,2026,8,25.27329070020005
Madagascar,2026,9,24.74439739691752
Madagascar,2026,10,23.80347100356539
Madagascar,2026,11,22.58959697066257
Madagascar,2026,12,21.36325718471653
Madagascar,2027,1,20.892455897171203
Madagascar,2027,2,21.67681325947433
Madagascar,2027,3,22.582802518599237
Madagascar,2027,4,23.5301361540196
Madagascar,2027,5,24.402346614905582
Madagascar,2027,6,25.069287309966057
Madagascar,2027,7,25.409633597389075
Madagascar,2027,8,25.333383774767753
Madagascar,2027,9,24.804360068909773
Madagascar,2027,10,23.86270962584331
Madagascar,2027,11,22.647405500593777
Madagascar,2027,12,21.41874764717886
Madagascar,2028,1,20.932586722808082
Madagascar,2028,2,21.723837284928777
Madagascar,2028,3,22.63493241328706
Madagascar,2028,4,23.585961468169444
Madagascar,2028,5,24.460764242537152
Madagascar,2028,6,25.129431951959305
Madagascar,2028,7,25.470808224506072
Madagascar,2028,8,25.394990090612737
Madagascar,2028,9,24.865828972994677
Madagascar,2028,10,23.923431676584187
Madagascar,2028,11,22.706661378365425
Madagascar,2028,12,21.47563861727849
Madagascar,2029,1,20.973644021903056
Madagascar,2029,2,21.771962471030747
Madagascar,2029,3,22.68830468559554
Madagascar,2029,4,23.64313942407989
Madagascar,2029,5,24.520616340750166
Madagascar,2029,6,25.191066975451577
Madagascar,2029,7,25.53350574353408
Madagascar,2029,8,25.45813092575645
Madagascar,2029,9,24.92882565817945
Madagascar,2029,10,23.985658922095354
Madagascar,2029,11,22.76738653384473
Madagascar,2029,12,21.53395213478234
Madagascar,2030,1,21.015645719465283
Madagascar,2030,2,21.82120739057882
Madagascar,2030,3,22.742938502336074
Madagascar,2030,4,23.70168972895135
Madagascar,2030,5,24.581923103379268
Madagascar,2030,6,25.25421300716789
Madagascar,2030,7,25.597747160421022
Madagascar,2030,8,25.52282761166225
Madagascar,2030,9,24.993371727749945
Madagascar,2030,10,24.04941318373767
Madagascar,2030,11,22.829602952800087
Madagascar,2030,12,21.59371029612248
Madagascar,2031,1,21.05860978841247
Madagascar,2031,2,21.87159066503318
Madagascar,2031,3,22.798853079880246
Madagascar,2031,4,23.76163214027929
Madagascar,2031,5,24.644704775336322
Madagascar,2031,6,25.318890725776328
Madagascar,2031,7,25.663553533880076
Madagascar,2031,8,25.589101533380926
Madagascar,2031,9,25.05948883932888
Madagascar,2031,10,24.114716338038306
Madagascar,2031,11,22.893332676952014
Madagascar,2031,12,21.654935254512566
Madagascar,2032,1,21.102554249563582
Madagascar,2032,2,21.92313096457383
Madagascar,2032,3,22.85606768402522
Madagascar,2032,4,23.822986465839676
Madagascar,2032,5,24.708981652675902
Madagascar,2032,6,25.385120861869837
Madagascar,2032,7,25.73094597533509
Madagascar,2032,8,25.656974129437913
Madagascar,2032,9,25.127198704883085
Madagascar,2032,10,24.181590316694383
Madagascar,2032,11,22.958597803969496
Madagascar,2032,12,21.717649219933264
Madagascar,2033,1,21.147497171609757
Madagascar,2033,2,21.975847008111487
Madagascar,2033,3,22.914601630197467
Madagascar,2033,4,23.88577256381268
Madagascar,2033,5,24.774774082613476
Madagascar,2033,6,25.452924198009896
Madagascar,2033,7,25.799945648975154
Madagascar,2033,8,25.726466891964265
Madagascar,2033,9,25.196523090792653
Madagascar,2033,10,24.250057106576605
Madagascar,2033,11,23.025420487590054
Madagascar,2033,12,21.781874459172286
Madagascar,2034,1,21.19345667132893
Madagascar,2034,2,22.029757563364
Madagascar,2034,3,22.974474283398195
Madagascar,2034,4,23.950010342746282
Madagascar,2034,5,24.84210246359089
Madagascar,2034,6,25.52232156880291
Madagascar,2034,7,25.87057377187466
Madagascar,2034,8,25.797601366783965
Madagascar,2034,9,25.267483817890934
Madagascar,2034,10,24.320138749863872
Madagascar,2034,11,23.093822937568802
Madagascar,2034,12,21.847633295944433
Madagascar,2035,1,21.240450913440327
Madagascar,2035,2,22.08488144691455
Madagascar,2035,3,23.03570505825064
Madagascar,2035,4,24.015719761698165
Madagascar,2035,5,24.91098724531639
Madagascar,2035,6,25.593333860936582
Madagascar,2035,7,25.942851613978746
Madagascar,2035,8,25.870399153381186
Madagascar,2035,9,25.34010276150093
Madagascar,2035,10,24.39185734401417
Madagascar,2035,11,23.163827419805784
Madagascar,2035,12,21.914948110869773
Malawi,2025,1,20.423271414453666
Malawi,2025,2,21.114348788470124
Malawi,2025,3,22.01581908391836
Malawi,2025,4,23.006764698297957
Malawi,2025,5,23.93858283829195
Malawi,2025,6,24.657486509609043
Malawi,2025,7,25.027005506985915
Malawi,2025,8,24.950487403942134
Malawi,2025,9,24.393598542771542
Malawi,2025,10,23.406825024424506
Malawi,2025,11,22.147973698386522
Malawi,2025,12,20.904673152615032
Malawi,2026,1,20.462451699863777
Malawi,2026,2,21.15997134405643
Malawi,2026,3,22.066167612426398
Malawi,2026,4,23.060499278312818
Malawi,2026,5,23.994670387285623
Malawi,2026,6,24.71513124692592
Malawi,2026,7,25.085579416791916
Malawi,2026,8,25.00946069839938
Malawi,2026,9,24.45247012494019
Malawi,2026,10,23.465052951321013
Malawi,2026,11,22.204905644012797
Malawi,2026,12,20.95947687091848
Malawi,2027,1,20.502530954771828
Malawi,2027,2,21.2066672961746
Malawi,2027,3,22.117730493403542
Malawi,2027,4,23.115558213049553
Malawi,2027,5,24.052163856967127
Malawi,2027,6,24.77423755207292
Malawi,2027,7,25.145647140282563
Malawi,2027,8,25.0699391684293
Malawi,2027,9,24.512839878091654
Malawi,2027,10,23.5247561955739
Malawi,2027,11,22.263276721741022
Malawi,2027,12,21.01567272196644
Malawi,2028,1,20.543527009032005
Malawi,2028,2,21.254455122879335
Malawi,2028,3,22.17052679931021
Malawi,2028,4,23.17196111569956
Malawi,2028,5,24.11108334756227
Malawi,2028,6,24.834825958646434
Malawi,2028,7,25.20722959062641
Malawi,2028,8,25.131944053101506
Malawi,2028,9,24.57472931350003
Malawi,2028,10,23.585956486954274
Malawi,2028,11,22.323108826179123
Malawi,2028,12,21.073282711405227
Malawi,2029,1,20.585457740246966
Malawi,2029,2,21.303353350697762
Malawi,2029,3,22.22457565195964
Malawi,2029,4,23.229727649581946
Malawi,2029,5,24.171449010279503
Malawi,2029,6,24.896917051978562
Malawi,2029,7,25.270347733571725
Malawi,2029,8,25.19549664490569
Malawi,2029,9,24.63815999665985
Malawi,2029,10,23.64867561023948
Malawi,2029,11,22.38442390766886
Malawi,2029,12,21.132328901462643
Malawi,2030,1,20.62834107380786
Malawi,2030,2,21.353380554785872
Malawi,2030,3,22.279896222568823
Malawi,2030,4,23.288877528296325
Malawi,2030,5,24.23328104734992
Malawi,2030,6,24.960531469224406
Malawi,2030,7,25.33502258750832
Malawi,2030,8,25.26061828974798
Malawi,2030,9,24.70315354729337
Malawi,2030,10,23.7129354052895
Malawi,2030,11,22.447243972456818
Malawi,2030,12,21.192833411100764
Malawi,2031,1,20.67219498291979
Malawi,2031,2,21.404555358935795
Malawi,2031,3,22.336507731823986
Malawi,2031,4,23.349430515708264
Malawi,2031,5,24.2965997120491
Malawi,2031,6,25.025689899416648
Malawi,2031,7,25.401275223551238
Malawi,2031,8,25.32733038706374
Malawi,2031,9,24.769731639470592
Malawi,2031,10,23.77875776705423
Malawi,2031,11,22.511591082727136
Malawi,2031,12,21.25481841601595
Malawi,2032,1,20.71703748870732
Malawi,2032,2,21.456896435692215
Malawi,2032,3,22.39442944988423
Malawi,2032,4,23.411406425942005
Malawi,2032,5,24.361425308773505
Malawi,2032,6,25.092413083556494
Malawi,2032,7,25.469126765493456
Malawi,2032,8,25.395654389799347
Malawi,2032,9,24.837916001547455
Malawi,2032,10,23.846164645653516
Malawi,2032,11,22.57748735662335
Malawi,2032,12,21.318306148598822
Malawi,2033,1,20.762886660170807
Malawi,2033,2,21.51042250622504
Malawi,2033,3,22.453680696468837
Malawi,2033,4,23.47482512347142
Malawi,2033,5,24.427778193131417
Malawi,2033,6,25.160721814555473
Malawi,2033,7,25.538598389929575
Malawi,2033,8,25.46561180448498
Malawi,2033,9,24.90772841632588
Malawi,2033,10,23.915178046380788
Malawi,2033,11,22.644954968244747
Malawi,2033,12,21.383318898137986
Malawi,2034,1,20.80976061434285
Malawi,2034,2,21.565152340565874
Malawi,2034,3,22.514280840882748
Malawi,2034,4,23.539706523225504
Malawi,2034,5,24.495678771881103
Malawi,2034,6,25.230636937355484
Malawi,2034,7,25.60971132627401
Malawi,2034,8,25.53722419130736
Malawi,2034,9,24.97919072102104
Malawi,2034,10,23.98582002981948
Malawi,2034,11,22.714016147799157
Malawi,2034,12,21.449879010721816
Malawi,2035,1,20.85767751623007
Malawi,2035,2,21.62110475755344
Malawi,2035,3,22.576249302063843
Malawi,2035,4,23.60607059051563
Malawi,2035,5,24.565147503032676
Malawi,2035,6,25.30217934895063
Malawi,2035,7,25.68248685679373
Malawi,2035,8,25.610513164080658
Malawi,2035,9,25.052324807301375
Malawi,2035,10,24.058112711799367
Malawi,2035,11,22.78469318158841
Malawi,2035,12,21.518008889365774
Malaysia,2025,1,23.423946970765428
Malaysia,2025,2,25.01995421911215
Malaysia,2025,3,26.036354691427732
Malaysia,2025,4,26.70301233468217
Malaysia,2025,5,27.149097341939523
Malaysia,2025,6,27.425587142261975
Malaysia,2025,7,27.527767390650297
Malaysia,2025,8,27.417732957831504
Malaysia,2025,9,27.046888920253878
Malaysia,2025,10,26.378451549961937
Malaysia,2025,11,25.4099493044896
Malaysia,2025,12,24.195723816735153
Malaysia,2026,1,23.456087937997836
Malaysia,2026,2,25.059523646305934
Malaysia,2026,3,26.081582036761574
Malaysia,2026,4,26.752463851961693
Malaysia,2026,5,27.201606543615526
Malaysia,2026,6,27.480185262506893
Malaysia,2026,7,27.583613848245477
Malaysia,2026,8,27.474045819330968
Malaysia,2026,9,27.102875362966188
Malaysia,2026,10,26.433238324910235
Malaysia,2026,11,25.46251319946623
Malaysia,2026,12,24.24482211931263
Malaysia,2027,1,23.48904886355831
Malaysia,2027,2,25.100078656899314
Malaysia,2027,3,26.127928065733613
Malaysia,2027,4,26.803137145780966
Malaysia,2027,5,27.255413124840743
Malaysia,2027,6,27.536131392790594
Malaysia,2027,7,27.64083649141776
Malaysia,2027,8,27.53174310436316
Malaysia,2027,9,27.160237046952716
Malaysia,2027,10,26.48937625619601
Malaysia,2027,11,25.51639178057394
Malaysia,2027,12,24.295188770033747
Malaysia,2028,1,23.522847564648146
Malaysia,2028,2,25.141637698628074
Malaysia,2028,3,26.175411802983035
Malaysia,2028,4,26.85505176393508
Malaysia,2028,5,27.3105371028405
Malaysia,2028,6,27.593445966112085
Malaysia,2028,7,27.699456115152316
Malaysia,2028,8,27.590845916166472
Malaysia,2028,9,27.218995330110374
Malaysia,2028,10,26.546886902623555
Malaysia,2028,11,25.571606753835113
Malaysia,2028,12,24.346845568366007
Malaysia,2029,1,23.557501906377183
Malaysia,2029,2,25.184219267980552
Malaysia,2029,3,26.224052322632815
Malaysia,2029,4,26.90822730450691
Malaysia,2029,5,27.36699854593917
Malaysia,2029,6,27.652149467366144
Malaysia,2029,7,27.75949356716319
Malaysia,2029,8,27.651375411603112
Malaysia,2029,9,27.279171624712944
Malaysia,2029,10,26.605791878156197
Malaysia,2029,11,25.628179881220603
Malaysia,2029,12,24.39981437057304
Malaysia,2030,1,23.593029801803823
Malaysia,2030,2,25.22784191019764
Malaysia,2030,3,26.27386874839158
Malaysia,2030,4,26.96268341596533
Malaysia,2030,5,27.42481757368023
Malaysia,2030,6,27.712262433390606
Malaysia,2030,7,27.820969747955132
Malaysia,2030,8,27.713352801129986
Malaysia,2030,9,27.3407873974038
Malaysia,2030,10,26.66611285199997
Malaysia,2030,11,25.686132980700677
Malaysia,2030,12,24.454117089761894
Malaysia,2031,1,23.629449211967767
Malaysia,2031,2,25.272524219323714
Malaysia,2031,3,26.324880253597257
Malaysia,2031,4,27.0184397972198
Malaysia,2031,5,27.48401435681899
Malaysia,2031,6,27.77380545313372
Malaysia,2031,7,27.883905610914553
Malaysia,2031,8,27.776799348835084
Malaysia,2031,9,27.403864169341432
Malaysia,2031,10,26.72787154859998
Malaysia,2031,11,25.745487926372334
Malaysia,2031,12,24.509775695923054
Malaysia,2032,1,23.666778145973694
Malaysia,2032,2,25.31828483822119
Malaysia,2032,3,26.377106061206177
Malaysia,2032,4,27.075516197598517
Malaysia,2032,5,27.54460911737351
Malaysia,2032,6,27.836799167548634
Malaysia,2032,7,27.948322162254954
Malaysia,2032,8,27.84173637251388
Malaysia,2032,9,27.468423516144867
Malaysia,2032,10,26.79108974773135
Malaysia,2032,11,25.806266648419296
Malaysia,2032,12,24.566812215941354
Malaysia,2033,1,23.705034660965794
Malaysia,2033,2,25.365142458686933
Malaysia,2033,3,26.43056544389492
Malaysia,2033,4,27.133932416997595
Malaysia,2033,5,27.606622128675554
Malaysia,2033,6,27.90126426977895
Malaysia,2033,7,28.014240461195186
Malaysia,2033,8,27.90818524370934
Malaysia,2033,9,27.534487068021008
Malaysia,2033,10,26.85578928452105
Malaysia,2033,11,25.868491133217503
Malaysia,2033,12,24.62524873372695
Malaysia,2034,1,23.744236862251455
Malaysia,2034,2,25.413115821415886
Malaysia,2034,3,26.485277724060325
Malaysia,2034,4,27.193708305779182
Malaysia,2034,5,27.67007371544696
Malaysia,2034,6,27.967221505104135
Malaysia,2034,7,28.081681619832125
Malaysia,2034,8,27.976167387741043
Malaysia,2034,9,27.602076509713697
Malaysia,2034,10,26.92199204946246
Malaysia,2034,11,25.93218342331693
Malaysia,2034,12,24.6851073901571
Malaysia,2035,1,23.78440290330491
Malaysia,2035,2,25.462223716099288
Malaysia,2035,3,26.541262273924985
Malaysia,2035,4,27.254863764982474
Malaysia,2035,5,27.73498425377784
Malaysia,2035,6,28.03469167097228
Malaysia,2035,7,28.15066680338805
Malaysia,2035,8,28.045704283734267
Malaysia,2035,9,27.671213580652875
Malaysia,2035,10,26.989719988564502
Malaysia,2035,11,25.997365617528885
Malaysia,2035,12,24.746410383192597
Mali,2025,1,25.16311695636341
Mali,2025,2,28.13576426369127
Mali,2025,3,29.65947360219161
Mali,2025,4,30.308057212399035
Mali,2025,5,30.48407278247487
Mali,2025,6,30.44132443802755
Mali,2025,7,30.30736373207492
Mali,2025,8,30.10599063490099
Mali,2025,9,29.779754523945485
Mali,2025,10,29.212455173747912
Mali,2025,11,28.25164374578253
Mali,2025,12,26.7311237784279
Mali,2026,1,25.18988979077858
Mali,2026,2,28.17108048197133
Mali,2026,3,29.701473589929265
Mali,2026,4,30.355179897685048
Mali,2026,5,30.534986098828995
Mali,2026,6,30.494855787478627
Mali,2026,7,30.362430448102714
Mali,2026,8,30.161530445559947
Mali,2026,9,29.834656014810207
Mali,2026,10,29.265488250964154
Mali,2026,11,28.301390099056334
Mali,2026,12,26.77590734406931
Mali,2027,1,25.217390479946516
Mali,2027,2,28.207282152467997
Mali,2027,3,29.74448501722236
Mali,2027,4,30.403410917061592
Mali,2027,5,30.58707806851544
Mali,2027,6,30.549612051644544
Mali,2027,7,30.418746799860855
Mali,2027,8,30.218325589937194
Mali,2027,9,29.890802031874955
Mali,2027,10,29.319741058724503
Mali,2027,11,28.352319916591114
Mali,2027,12,26.821829154491752
Mali,2028,1,25.245636808836025
Mali,2028,2,28.244387673757046
Mali,2028,3,29.78852684242611
Mali,2028,4,30.45276973507589
Mali,2028,5,30.640368608555036
Mali,2028,6,30.60561354627589
Mali,2028,7,30.476333448049445
Mali,2028,8,30.276397020080367
Mali,2028,9,29.948213764754655
Mali,2028,10,29.375234970594647
Mali,2028,11,28.40445470215218
Mali,2028,12,26.86891078989447
Mali,2029,1,25.274646610484524
Mali,2029,2,28.282415493210465
Mali,2029,3,29.83361807361962
Mali,2029,4,30.503275866726653
Mali,2029,5,30.694877687154985
Mali,2029,6,30.66288063914635
Mali,2029,7,30.535211106333918
Mali,2029,8,30.335765741740943
Mali,2029,9,30.006912457637554
Mali,2029,10,29.431991415426637
Mali,2029,11,28.457816015569733
Mali,2029,12,26.917173887458375
Mali,2030,1,25.30443776604534
Mali,2030,2,28.321384107167432
Mali,2030,3,29.879777768613167
Mali,2030,4,30.5549488775805
Mali,2030,5,30.750625323981694
Mali,2030,6,30.721433750223696
Mali,2030,7,30.595400541272284
Mali,2030,8,30.39645281443609
Mali,2030,9,30.06691940926339
Mali,2030,10,29.49003187749713
Mali,2030,11,28.512425472938958
Mali,2030,12,26.966640141342396
Mali,2031,1,25.335028204765877
Mali,2031,2,28.361312060865203
Mali,2031,3,29.927025034900907
Mali,2031,4,30.607808383753763
Mali,2031,5,30.807631589942503
Mali,2031,6,30.781293351637032
Mali,2031,7,30.656922572475196
Mali,2031,8,30.458479351477763
Mali,2031,9,30.128255972981606
Mali,2031,10,29.5493778964601
Mali,2031,11,28.568304746525428
Mali,2031,12,27.01733130273442
Mali,2032,1,25.36643590413678
Mali,2032,2,28.40221794858462
Mali,2032,3,29.975379029868236
Mali,2032,4,30.66187405194887
Mali,2032,5,30.865916607473082
Mali,2032,6,30.842479967735017
Mali,2032,7,30.71979807252228
Mali,2032,8,30.521866520038202
Mali,2032,9,30.190943556784077
Mali,2032,10,29.610051067466884
Mali,2032,11,28.625475564903354
Mali,2032,12,27.069269179894945
Mali,2033,1,25.398678889862822
Mali,2033,2,28.44412041364285
Mali,2033,3,30.02485896071539
Mali,2033,4,30.7171655995744
Mali,2033,5,30.925500550442848
Mali,2033,6,30.90501417516589
Mali,2033,7,30.784047967140395
Mali,2033,8,30.586635541149917
Mali,2033,9,30.255003623363336
Mali,2033,10,29.672073041137082
Mali,2033,11,28.683959712919204
Mali,2033,12,27.12247563821893
Mali,2034,1,25.431775235895657
Mali,2034,2,28.487038148382453
Mali,2034,3,30.075484084512027
Mali,2034,4,30.77370279470506
Mali,2034,5,30.986403644198617
Mali,2034,6,30.968916602866557
Mali,2034,7,30.849693235119958
Mali,2034,8,30.652807689829388
Mali,2034,9,30.320457690181684
Mali,2034,10,29.735465523653147
Mali,2034,11,28.74377903180448
Mali,2034,12,27.17697260028308
Mali,2035,1,25.46574306456114
Mali,2035,2,28.530989894393315
Mali,2035,3,30.12727370830271
Mali,2035,4,30.831505456187188
Mali,2035,5,31.048646165706486
Mali,2035,6,31.03420793217174
Mali,2035,7,30.916754908489565
Mali,2035,8,30.72040429502249
Mali,2035,9,30.387327329467553
Mali,2035,10,29.800250276822226
Mali,2035,11,28.804955419219368
Mali,2035,12,27.232782045838576
Mauritania,2025,1,24.703958099661577
Mauritania,2025,2,27.124981053461852
Mauritania,2025,3,28.418772601326964
Mauritania,2025,4,29.03639788385135
Mauritania,2025,5,29.282735192032305
Mauritania,2025,6,29.33897695707583
Mauritania,2025,7,29.2851307403771
Mauritania,2025,8,29.122520223329957
Mauritania,2025,9,28.796286197285553
Mauritania,2025,10,28.217887553463697
Mauritania,2025,11,27.287602272773256
Mauritania,2025,12,25.917028415799905
Mauritania,2026,1,24.73241142707866
Mauritania,2026,2,27.1615648367997
Mauritania,2026,3,28.46166299588458
Mauritania,2026,4,29.084083177350294
Mauritania,2026,5,29.333946267638566
Mauritania,2026,6,29.39261775642899
Mauritania,2026,7,29.340208726568562
Mauritania,2026,8,29.178076843968483
Mauritania,2026,9,28.851327347515507
Mauritania,2026,10,28.271314038935998
Mauritania,2026,11,27.338140272707278
Mauritania,2026,12,25.963159945987172
Mauritania,2027,1,24.76162710135486
Mauritania,2027,2,27.19907136241909
Mauritania,2027,3,28.505604593025964
Mauritania,2027,4,29.13291871608544
Mauritania,2027,5,29.38637973090681
Mauritania,2027,6,29.44752870307002
Mauritania,2027,7,29.396582754355222
Mauritania,2027,8,29.23493605259955
Mauritania,2027,9,28.907660801652128
Mauritania,2027,10,28.326008231209016
Mauritania,2027,11,27.389909586768226
Mauritania,2027,12,26.010477119471943
Mauritania,2028,1,24.791622921174167
Mauritania,2028,2,27.23751904861365
Mauritania,2028,3,28.55061637696508
Mauritania,2028,4,29.182923996465433
Mauritania,2028,5,29.44005553669649
Mauritania,2028,6,29.503730156638085
Mauritania,2028,7,29.454273534408458
Mauritania,2028,8,29.293118857230183
Mauritania,2028,9,28.965307811341518
Mauritania,2028,10,28.381991571875005
Mauritania,2028,11,27.442931792757918
Mauritania,2028,12,26.059001596598137
Mauritania,2029,1,24.82241673320914
Mauritania,2029,2,27.276926362458653
Mauritania,2029,3,28.596717381486997
Mauritania,2029,4,29.234118565230347
Mauritania,2029,5,29.494993691089803
Mauritania,2029,6,29.561242528784533
Mauritania,2029,7,29.51330183025584
Mauritania,2029,8,29.352646319545784
Mauritania,2029,9,29.02428968274853
Mauritania,2029,10,28.439285557841686
Mauritania,2029,11,27.497228524648563
Mauritania,2029,12,26.108755094636763
Mauritania,2030,1,24.854026432179126
Mauritania,2030,2,27.317311819920178
Mauritania,2030,3,28.643926690020635
Mauritania,2030,4,29.286522019662698
Mauritania,2030,5,29.551214251413512
Mauritania,2030,6,29.62008628323838
Mauritania,2030,7,29.573688458306606
Mauritania,2030,8,29.413539554953786
Mauritania,2030,9,29.084627776531306
Mauritania,2030,10,28.497911741317694
Mauritania,2030,11,27.552821472455435
Mauritania,2030,12,26.15975938777865
Mauritania,2031,1,24.886469960919385
Mauritania,2031,2,27.35869398583327
Mauritania,2031,3,28.692263435769746
Mauritania,2031,4,29.340154007543788
Mauritania,2031,5,29.608737326362643
Mauritania,2031,6,29.680281935879066
Mauritania,2031,7,29.635454287942594
Mauritania,2031,8,29.47581973258366
Mauritania,2031,9,29.14634350786673
Mauritania,2031,10,28.5578917298526
Mauritania,2031,11,27.609732382422408
Mauritania,2031,12,26.21203630720356
Mauritania,2032,1,24.919765310377443
Mauritania,2032,2,27.40109147396379
Mauritania,2032,3,28.741746801625595
Mauritania,2032,4,29.395034227179167
Mauritania,2032,5,29.66758307598593
Mauritania,2032,6,29.741850054740098
Mauritania,2032,7,29.698620241470962
Mauritania,2032,8,29.539508075337835
Mauritania,2032,9,29.20945834658869
Mauritania,2032,10,28.61924718645696
Mauritania,2032,11,27.667983056989215
Mauritania,2032,12,26.26560774108384
Mauritania,2033,1,24.953930519671303
Mauritania,2033,2,27.444522947121186
Mauritania,2033,3,28.79239602029429
Mauritania,2033,4,29.451182427536878
Mauritania,2033,5,29.727771711707646
Mauritania,2033,6,29.804811260099996
Mauritania,2033,7,29.763207294287895
Mauritania,2033,8,29.604625860015403
Mauritania,2033,9,29.273993817140763
Mauritania,2033,10,28.681999829518645
Mauritania,2033,11,27.727595354871482
Mauritania,2033,12,26.320495634711733
Mauritania,2034,1,24.98898367617676
Mauritania,2034,2,27.489007117107576
Mauritania,2034,3,28.84423037432589
Mauritania,2034,4,29.508618408174698
Mauritania,2034,5,29.78932349648403
Mauritania,2034,6,29.86918622450412
Mauritania,2034,7,29.82923647482039
Mauritania,2034,8,29.671194417242987
Mauritania,2034,9,29.339971498659907
Mauritania,2034,10,28.74617143299929
Mauritania,2034,11,27.788591191053456
Mauritania,2034,12,26.376721990470287
Mauritania,2035,1,25.024942915516476
Mauritania,2035,2,27.534562744797768
Mauritania,2035,3,28.897269196183515
Mauritania,2035,4,29.567362019400207
Mauritania,2035,5,29.85225874468688
Mauritania,2035,6,29.934995672761033
Mauritania,2035,7,29.896728864657234
Mauritania,2035,8,29.739235131616624
Mauritania,2035,9,29.40741302504557
Mauritania,2035,10,28.811783826361534
Mauritania,2035,11,27.850992536900776
Mauritania,2035,12,26.43430886785154
Mauritius,2025,1,21.986046143513704
Mauritius,2025,2,23.05127598622221
Mauritius,2025,3,23.961165078418162
Mauritius,2025,4,24.76226256427708
Mauritius,2025,5,25.43844268246994
Mauritius,2025,6,25.93340575588536
Mauritius,2025,7,26.173179181715568
Mauritius,2025,8,26.08861842119677
Mauritius,2025,9,25.63790798959326
Mauritius,2025,10,24.829062446112403
Mauritius,2025,11,23.742427383681388
Mauritius,2025,12,22.553180418996817
Mauritius,2026,1,22.021731159530646
Mauritius,2026,2,23.093853189010588
Mauritius,2026,3,24.00889698598712
Mauritius,2026,4,24.813769101493563
Mauritius,2026,5,25.492631644026005
Mauritius,2026,6,25.98940326934553
Mauritius,2026,7,26.230260170531437
Mauritius,2026,8,26.146137067747077
Mauritius,2026,9,25.69522819816575
Mauritius,2026,10,24.885488305932995
Mauritius,2026,11,23.797133631946963
Mauritius,2026,12,22.60514290388619
Mauritius,2027,1,22.058279346722884
Mauritius,2027,2,23.137463708685573
Mauritius,2027,3,24.05779933857866
Mauritius,2027,4,24.86655271168729
Mauritius,2027,5,25.548176323792177
Mauritius,2027,6,26.046809681011837
Mauritius,2027,7,26.28878028971758
Mauritius,2027,8,26.205104646426662
Mauritius,2027,9,25.753989227684542
Mauritius,2027,10,24.943331480012603
Mauritius,2027,11,23.853220809746745
Mauritius,2027,12,22.658439572974203
Mauritius,2028,1,22.09570853153582
Mauritius,2028,2,23.18212601140931
Mauritius,2028,3,24.107891188320536
Mauritius,2028,4,24.92063297930963
Mauritius,2028,5,25.60509678485414
Mauritius,2028,6,26.10564547884951
Mauritius,2028,7,26.348760398411287
Mauritius,2028,8,26.265542333866506
Mauritius,2028,9,25.81421251856682
Mauritius,2028,10,25.002613618847136
Mauritius,2028,11,23.910710723900593
Mauritius,2028,12,22.713092335671718
Mauritius,2029,1,22.134036588170602
Mauritius,2029,2,23.2278586119146
Mauritius,2029,3,24.159191636827927
Mauritius,2029,4,24.9760295390779
Mauritius,2029,5,25.663413141338424
Mauritius,2029,6,26.165931202668617
Mauritius,2029,7,26.410221408435063
Mauritius,2029,8,26.327471360161326
Mauritius,2029,9,25.875919565461118
Mauritius,2029,10,25.06335642796057
Mauritius,2029,11,23.969625237114997
Mauritius,2029,12,22.769123158163893
Mauritius,2030,1,22.173281438762388
Mauritius,2030,2,23.274680073690433
Mauritius,2030,3,24.211719835159784
Mauritius,2030,4,25.03276207599356
Mauritius,2030,5,25.72314555844514
Mauritius,2030,6,26.227687444204093
Mauritius,2030,7,26.473184284292984
Mauritius,2030,8,26.390913008924144
Mauritius,2030,9,25.939131917411032
Mauritius,2030,10,25.12558166803956
Mauritius,2030,11,24.029986268041284
Mauritius,2030,12,22.82655406340291
Mauritius,2031,1,22.21346105329667
Mauritius,2031,2,23.32260900887286
Mauritius,2031,3,24.265494983964345
Mauritius,2031,4,25.090850325404062
Mauritius,2031,5,25.784314252549848
Mauritius,2031,6,26.29093484713394
Mauritius,2031,7,26.53767004331985
Mauritius,2031,8,26.45588861738088
Mauritius,2031,9,26.00387117777518
Mauritius,2031,10,25.189311154980714
Mauritius,2031,11,24.09181579133383
Mauritius,2031,12,22.885407131060674
Mauritius,2032,1,22.25459344977662
Mauritius,2032,2,23.371664078390495
Mauritius,2032,3,24.32053633337364
Mauritius,2032,4,25.150314073017398
Mauritius,2032,5,25.846939491192643
Mauritius,2032,6,26.355694107155614
Mauritius,2032,7,26.60369975557569
Mauritius,2032,8,26.52241957631213
Mauritius,2032,9,26.07015900438364
Mauritius,2032,10,25.25456675984333
Mauritius,2032,11,24.155135837693706
Mauritius,2032,12,22.94570449772891
Mauritius,2033,1,22.29669669415398
Mauritius,2033,2,23.421863991993632
Mauritius,2033,3,24.376863183203568
Mauritius,2033,4,25.2111731550076
Mauritius,2033,5,25.911041593180016
Mauritius,2033,6,26.42198597198967
Mauritius,2033,7,26.671294544034936
Mauritius,2033,8,26.590527330191435
Mauritius,2033,9,26.138017109508837
Mauritius,2033,10,25.32137040905309
Mauritius,2033,11,24.21996849387233
Mauritius,2033,12,23.007468356857316
Mauritius,2034,1,22.339788900460007
Mauritius,2034,2,23.473227508265154
Mauritius,2034,3,24.43449488290662
Mauritius,2034,4,25.273447457941984
Mauritius,2034,5,25.976640928573943
Mauritius,2034,6,26.48983124141978
Mauritius,2034,7,26.740475584506385
Mauritius,2034,8,26.660233377181612
Mauritius,2034,9,26.20746725990557
Mauritius,2034,10,25.389744084274753
Mauritius,2034,11,24.286335902773317
Mauritius,2034,12,23.070720958837228
Mauritius,2035,1,22.383888230787306
Mauritius,2035,2,23.525773434700568
Mauritius,2035,3,24.493450831644623
Mauritius,2035,4,25.33715691899215
Mauritius,2035,5,26.043757918735537
Mauritius,2035,6,26.559250767361846
Mauritius,2035,7,26.811264105789633
Mauritius,2035,8,26.73155926918571
Mauritius,2035,9,26.2785312769347
Mauritius,2035,10,25.459709822543118
Mauritius,2035,11,24.354260263441574
Mauritius,2035,12,23.135484611023458
Mexico,2025,1,18.678124645347452
Mexico,2025,2,19.093744775950654
Mexico,2025,3,20.062867368041225
Mexico,2025,4,21.298688682801185
Mexico,2025,5,22.521627221504787
Mexico,2025,6,23.481824715364382
Mexico,2025,7,23.981647115470878
Mexico,2025,8,23.89818558269053
Mexico,2025,9,23.205757477525367
Mexico,2025,10,21.998407350042726
Mexico,2025,11,20.512407929735673
Mexico,2025,12,19.148761115503476
Mexico,2026,1,18.720903824408197
Mexico,2026,2,19.142561723951985
Mexico,2026,3,20.116018096196967
Mexico,2026,4,21.354864502573946
Mexico,2026,5,22.579845207606013
Mexico,2026,6,23.54135816877988
Mexico,2026,7,24.04195602648997
Mexico,2026,8,23.958847093887925
Mexico,2026,9,23.26639634681578
Mexico,2026,10,22.05862641370277
Mexico,2026,11,20.57171856540026
Mexico,2026,12,19.20651370520227
Mexico,2027,1,18.76461389171618
Mexico,2027,2,19.192488373963897
Mexico,2027,3,20.170423416552694
Mexico,2027,4,21.412408398552543
Mexico,2027,5,22.63951586519488
Mexico,2027,6,23.602402517714836
Mexico,2027,7,24.103810203186185
Mexico,2027,8,24.021066904556392
Mexico,2027,9,23.328587730419713
Mexico,2027,10,22.120375905012224
Mexico,2027,11,20.632523757984927
Mexico,2027,12,19.26571371445334
Mexico,2028,1,18.809272675750435
Mexico,2028,2,19.24354321104056
Mexico,2028,3,20.226102416972026
Mexico,2028,4,21.471340007771687
Mexico,2028,5,22.700659326773348
Mexico,2028,6,23.664978336365493
Mexico,2028,7,24.16723060782988
Mexico,2028,8,24.084866311281985
Mexico,2028,9,23.392353205549625
Mexico,2028,10,22.183677628055193
Mexico,2028,11,20.694845484770667
Mexico,2028,12,19.326383240019823
Mexico,2029,1,18.8548980526366
Mexico,2029,2,19.29574476867947
Mexico,2029,3,20.283074234667765
Mexico,2029,4,21.53167901735742
Mexico,2029,5,22.76329577571323
Mexico,2029,6,23.729106250678342
Mexico,2029,7,24.23223825516925
Mexico,2029,8,24.150266663939874
Mexico,2029,9,23.45771440347471
Mexico,2029,10,22.248553441867443
Mexico,2029,11,20.758705778779586
Mexico,2029,12,19.388544435220865
Mexico,2030,1,18.90150794620513
Mexico,2030,2,19.34911162889057
Mexico,2030,3,20.341358056085483
Mexico,2030,4,21.59344516458168
Mexico,2030,5,22.827445446314414
Mexico,2030,6,23.794806938302827
Mexico,2030,7,24.298854212532206
Mexico,2030,8,24.217289365796205
Mexico,2030,9,23.52469300969551
Mexico,2030,10,22.315025260432776
Mexico,2030,11,20.824126728800366
Mexico,2030,12,19.45221951000076
Mexico,2031,1,18.949120328082245
Mexico,2031,2,19.403662422287198
Mexico,2031,3,20.400973117158173
Mexico,2031,4,21.656658236898693
Mexico,2031,5,22.89312862393581
Mexico,2031,6,23.86210112876597
Mexico,2031,7,24.36709959984455
Mexico,2031,8,24.285955873537205
Mexico,2031,9,23.593310763929367
Mexico,2031,10,22.383115052810354
Mexico,2031,11,20.891130479530148
Mexico,2031,12,19.517430730899832
Mexico,2032,1,18.99775321766083
Mexico,2032,2,19.45941582807518
Mexico,2032,3,20.461938703153464
Mexico,2032,4,21.72133807198861
Mexico,2032,5,22.96036564492624
Mexico,2032,6,23.931009603363236
Mexico,2032,7,24.436995589710023
Mexico,2032,8,24.356287697276457
Mexico,2032,9,23.66358946015771
Mexico,2032,10,22.45284484311651
Mexico,2032,11,20.959739231512685
Mexico,2032,12,19.584200421207242
Mexico,2033,1,19.04742468222048
Mexico,2033,2,19.51639057412558
Mexico,2033,3,20.524274148848235
Mexico,2033,4,21.787504557823013
Mexico,2033,5,23.02917689672995
Mexico,2033,6,24.00155319532587
Mexico,2033,7,24.50856340741393
Mexico,2033,8,24.428306400689507
Mexico,2033,9,23.73555094668791
Mexico,2033,10,22.524236710579316
Mexico,2033,11,21.029975241232933
Mexico,2033,12,19.652550960931876
Mexico,2034,1,19.09815283690932
Mexico,2034,2,19.57460543700381
Mexico,2034,3,20.587998838535896
Mexico,2034,4,21.85517763268672
Mexico,2034,5,23.09958281791569
Mexico,2034,6,24.07375278980635
Mexico,2034,7,24.58182433096681
Mexico,2034,8,24.502033600962932
Mexico,2034,9,23.809217126145995
Mexico,2034,10,22.597312789636817
Mexico,2034,11,21.10186082112068
Mexico,2034,12,19.722504786860554
Mexico,2035,1,19.149955844838587
Mexico,2035,2,19.634079242046028
Mexico,2035,3,20.65313220605185
Mexico,2035,4,21.924377285214177
Mexico,2035,5,23.17160389824585
Mexico,2035,6,24.1476293239366
Mexico,2035,7,24.656799691224478
Mexico,2035,8,24.5774909688962
Mexico,2035,9,23.88460995564037
Mexico,2035,10,22.672095269889724
Mexico,2035,11,21.175418339666976
Mexico,2035,12,19.794084392594414
Moldova,2025,1,3.813336162414089
Moldova,2025,2,4.143787121703099
Moldova,2025,3,6.96118711136387
Moldova,2025,4,10.857833455583204
Moldova,2025,5,14.67601642635509
Moldova,2025,6,17.53052023334476
Moldova,2025,7,18.831124013836416
Moldova,2025,8,18.305102822604567
Moldova,2025,9,16.019728621778086
Moldova,2025,10,12.404771270780657
Moldova,2025,11,8.274999516256685
Moldova,2025,12,4.852681981884416
Moldova,2026,1,3.87698592606921
Moldova,2026,2,4.212101986516245
Moldova,2026,3,7.032304826771906
Moldova,2026,4,10.930418684770302
Moldova,2026,5,14.749191209256423
Moldova,2026,6,17.60379444969749
Moldova,2026,7,18.904325846157917
Moldova,2026,8,18.378309219247058
Moldova,2026,9,16.093195759932314
Moldova,2026,10,12.478865019534169
Moldova,2026,11,8.350125899506565
Moldova,2026,12,4.929217641468313
Moldova,2027,1,3.941683542057035
Moldova,2027,2,4.2816772153573766
Moldova,2027,3,7.104858347495792
Moldova,2027,4,11.004580607602293
Moldova,2027,5,14.824051538632375
Moldova,2027,6,17.678833547292925
Moldova,2027,7,18.979344893869893
Moldova,2027,8,18.453360682230596
Moldova,2027,9,16.168513849665942
Moldova,2027,10,12.554796156743578
Moldova,2027,11,8.427059177270166
Moldova,2027,12,5.007515288210016
Moldova,2028,1,4.0074466960622885
Moldova,2028,2,4.3525312089414
Moldova,2028,3,7.1788667356095175
Moldova,2028,4,11.080338893822955
Moldova,2028,5,14.900617638170843
Moldova,2028,6,17.7556582500265
Moldova,2028,7,19.056202327386018
Moldova,2028,8,18.530278774815997
Moldova,2028,9,16.245704793295772
Moldova,2028,10,12.632586870154228
Moldova,2028,11,8.505821768992064
Moldova,2028,12,5.087597519520386
Moldova,2029,1,4.074293120866969
Moldova,2029,2,4.424682415960888
Moldova,2029,3,7.254349101979642
Moldova,2029,4,11.1577132627217
Moldova,2029,5,14.97890978191299
Moldova,2029,6,17.834289333012748
Moldova,2029,7,19.134919369143063
Moldova,2029,8,18.60908511301477
Moldova,2029,9,16.324790546795157
Moldova,2029,10,12.712259401979281
Moldova,2029,11,8.586436149359542
Moldova,2029,12,5.16948698887154
Moldova,2030,1,4.142240596506781
Moldova,2030,2,4.498149333093352
Moldova,2030,3,7.33132460622528
Moldova,2030,4,11.236723483239075
Moldova,2030,5,15.058948294340553
Moldova,2030,6,17.914747622563482
Moldova,2030,7,19.215517293608173
Moldova,2030,8,18.68980136574919
Moldova,2030,9,16.405793119786722
Moldova,2030,10,12.793836048826961
Moldova,2030,11,8.668924848302595
Moldova,2030,12,5.2532064058004835
Moldova,2031,1,4.211306950209291
Moldova,2031,2,4.572950505084918
Moldova,2031,3,7.409812456903637
Moldova,2031,4,11.317389373941296
Moldova,2031,5,15.140753550404952
Moldova,2031,6,17.99705399628965
Moldova,2031,7,19.298017427329796
Moldova,2031,8,18.772449254823186
Moldova,2031,9,16.488734575600574
Moldova,2031,10,12.877339161846066
Moldova,2031,11,8.753310451084872
Moldova,2031,12,5.338778536032805
Moldova,2032,1,4.28151005649579
Moldova,2032,2,4.649104524750328
Moldova,2032,3,7.489831911393594
Moldova,2032,4,11.399730803129387
Moldova,2032,5,15.224345975563665
Moldova,2032,6,18.08122938312681
Moldova,2032,7,19.382441148999533
Moldova,2032,8,18.857050554955094
Moldova,2032,9,16.573637031307044
Moldova,2032,10,12.96279114675508
Moldova,2032,11,8.839615598369164
Moldova,2032,12,5.426226201373538
Moldova,2033,1,4.352867837228587
Moldova,2033,2,4.726630033038418
Moldova,2033,3,7.571402276066692
Moldova,2033,4,11.483767688846456
Moldova,2033,5,15.309746045831162
Moldova,2033,6,18.16729476335695
Moldova,2033,7,19.46880988947032
Moldova,2033,8,18.94362709386496
Moldova,2033,9,16.66052265777853
Moldova,2033,10,13.050214463874909
Moldova,2033,11,8.92786298617375
Moldova,2033,12,5.5155722798854185
Moldova,2034,1,4.42539826164375
Moldova,2034,2,4.8055457190976085
Moldova,2034,3,7.654542906265306
Moldova,2034,4,11.569519998928627
Moldova,2034,5,15.396974287862577
Moldova,2034,6,18.2552711686958
Moldova,2034,7,19.557145131825564
Moldova,2034,8,19.03220075230729
Moldova,2034,9,16.7494136797186
Moldova,2034,10,13.139631628136158
Moldova,2034,11,9.018075365985169
Moldova,2034,12,5.6068397059252675
Moldova,2035,1,4.499119346376574
Moldova,2035,2,4.885870320305003
Moldova,2035,3,7.739273206364487
Moldova,2035,4,11.657007751063247
Moldova,2035,5,15.486051278924606
Moldova,2035,6,18.34517968232194
Moldova,2035,7,19.647468411433692
Moldova,2035,8,19.122793464078313
Moldova,2035,9,16.840332375709295
Moldova,2035,10,13.231065209213739
Moldova,2035,11,9.110275544827346
Moldova,2035,12,5.700051470096696
Mongolia,2025,1,-9.397711232390975
Mongolia,2025,2,-8.358146096971723
Mongolia,2025,3,-3.510608384810439
Mongolia,2025,4,2.8402182323598026
Mongolia,2025,5,8.843508609491437
Mongolia,2025,6,13.12479711818105
Mongolia,2025,7,14.808478636558903
Mongolia,2025,8,13.540309539152986
Mongolia,2025,9,9.509908686854942
Mongolia,2025,10,3.473258416707722
Mongolia,2025,11,-3.224794468066648
Mongolia,2025,12,-8.628037708297597
Mongolia,2026,1,-9.332151390949548
Mongolia,2026,2,-8.28668092292628
Mongolia,2026,3,-3.435562415520508
Mongolia,2026,4,2.917157895121818
Mongolia,2026,5,8.921222762565776
Mongolia,2026,6,13.202664920027928
Mongolia,2026,7,14.886308070262203
Mongolia,2026,8,13.618267875474885
Mongolia,2026,9,9.588452947203223
Mongolia,2026,10,3.5530658362304166
Mongolia,2026,11,-3.1428959775466865
Mongolia,2026,12,-8.543139095180777
Mongolia,2027,1,-9.26558766247308
Mongolia,2027,2,-8.21396674429252
Mongolia,2027,3,-3.359062036967771
Mongolia,2027,4,2.9957201763691046
Mongolia,2027,5,9.000693065318956
Mongolia,2027,6,13.28239024217055
Mongolia,2027,7,14.96606675176099
Mongolia,2027,8,13.69820006140526
Mongolia,2027,9,9.668991050738441
Mongolia,2027,10,3.6348650016925603
Mongolia,2027,11,-3.0590274116902947
Mongolia,2027,12,-8.456309133262948
Mongolia,2028,1,-9.198002661017199
Mongolia,2028,2,-8.139985410928603
Mongolia,2028,3,-3.28108838854223
Mongolia,2028,4,3.0759245934650608
Mongolia,2028,5,9.081939638193035
Mongolia,2028,6,13.363993754425792
Mongolia,2028,7,15.047775846524928
Mongolia,2028,8,13.780127704340885
Mongolia,2028,9,9.751544993080643
Mongolia,2028,10,3.718678243237264
Mongolia,2028,11,-2.973166159513312
Mongolia,2028,12,-8.3675249844664
Mongolia,2029,1,-9.129378953914966
Mongolia,2029,2,-8.064718725180683
Mongolia,2029,3,-3.2016225612960625
Mongolia,2029,4,3.1577907129512823
Mongolia,2029,5,9.164982651590435
Mongolia,2029,6,13.447496177349421
Mongolia,2029,7,15.131456571552008
Mongolia,2029,8,13.86407246402905
Mongolia,2029,9,9.83613682300438
Mongolia,2029,10,3.804527944995243
Mongolia,2029,11,-2.8852895553054623
Mongolia,2029,12,-8.276763755121465
Mongolia,2030,1,-9.059699061747779
Mongolia,2030,2,-7.988148441806516
Mongolia,2030,3,-3.1206455979145176
Mongolia,2030,4,3.241338150525735
Mongolia,2030,5,9.24984232587758
Mongolia,2030,6,13.532918282276114
Mongolia,2030,7,15.217130195459504
Mongolia,2030,8,13.950056052673062
Mongolia,2030,9,9.92278864256241
Mongolia,2030,10,3.8924365451248377
Mongolia,2030,11,-2.795374878463008
Mongolia,2030,12,-8.184002495933782
Mongolia,2031,1,-8.988945458294438
Mongolia,2031,2,-7.910256267997283
Mongolia,2031,3,-3.0381384926540704
Mongolia,2031,4,3.326586571108237
Mongolia,2031,5,9.336538931494033
Mongolia,2031,6,13.62028089143223
Mongolia,2031,7,15.304818038516714
Mongolia,2031,8,14.038100234863123
Mongolia,2031,9,10.011522607016559
Mongolia,2031,10,3.982426535855666
Mongolia,2031,11,-2.7033993535214904
Mongolia,2031,12,-8.089218201882431
Mongolia,2032,1,-8.91710057050932
Mongolia,2032,2,-7.83102386327937
Mongolia,2032,3,-2.9540821913387845
Mongolia,2032,4,3.4135556888986684
Mongolia,2032,5,9.425092788890652
Mongolia,2032,6,13.709604877863057
Mongolia,2032,7,15.394541472666788
Mongolia,2032,8,14.128226827743674
Mongolia,2032,9,10.102360924954155
Mongolia,2032,10,4.074520463521367
Mongolia,2032,11,-2.6093401500793334
Mongolia,2032,12,-7.992387812252673
Mongolia,2033,1,-8.844146778413233
Mongolia,2033,2,-7.750432839459791
Mongolia,2033,3,-2.8684575912693617
Mongolia,2033,4,3.5022652674060737
Mongolia,2033,5,9.515524268711488
Mongolia,2033,6,13.800911165585603
Mongolia,2033,7,15.486321921624949
Mongolia,2033,8,14.220457700995212
Mongolia,2033,9,10.195325858335309
Mongolia,2033,10,4.16874092865055
Mongolia,2033,11,-2.5131743827760147
Mongolia,2033,12,-7.893488210523174
Mongolia,2034,1,-8.770066415129804
Mongolia,2034,2,-7.668464760608003
Mongolia,2034,3,-2.781245541190401
Mongolia,2034,4,3.5927351194886796
Mongolia,2034,5,9.607853791724665
Mongolia,2034,6,13.894220729595872
Mongolia,2034,7,15.580180860853034
Mongolia,2034,8,14.314814776863386
Mongolia,2034,9,10.290439722482006
Mongolia,2034,10,4.265110585944967
Mongolia,2034,11,-2.4148791112338586
Mongolia,2034,12,-7.792496224369643
Mongolia,2035,1,-8.69484176681999
Mongolia,2035,2,-7.5851011430340805
Mongolia,2035,3,-2.6924268412649326
Mongolia,2035,4,3.6849851074375692
Mongolia,2035,5,9.702101828924242
Mongolia,2035,6,13.989554595872505
Mongolia,2035,7,15.676139817654075
Mongolia,2035,8,14.41132003025723
Mongolia,2035,9,10.387724886209071
Mongolia,2035,10,4.363652144366824
Mongolia,2035,11,-2.314431340021656
Mongolia,2035,12,-7.689388625581159
Montenegro,2025,1,2.7747540032150937
Montenegro,2025,2,3.16319318452679
Montenegro,2025,3,6.145553120907607
Montenegro,2025,4,10.24308131395901
Montenegro,2025,5,14.24283753807049
Montenegro,2025,6,17.22019483033091
Montenegro,2025,7,18.561340480403487
Montenegro,2025,8,17.985777020440764
Montenegro,2025,9,15.568823214945041
Montenegro,2025,10,11.764115050741566
Montenegro,2025,11,7.426106726758917
Montenegro,2025,12,3.83257164407496
Montenegro,2026,1,2.8391869372253495
Montenegro,2026,2,3.232301434033616
Montenegro,2026,3,6.217449324544759
Montenegro,2026,4,10.31641360028243
Montenegro,2026,5,14.316719988532896
Montenegro,2026,6,17.294137942325506
Montenegro,2026,7,18.635181630260377
Montenegro,2026,8,18.059610926463392
Montenegro,2026,9,15.64293240043935
Montenegro,2026,10,11.838900306986943
Montenegro,2026,11,7.502017576081016
Montenegro,2026,12,3.9100368028348385
Montenegro,2027,1,2.9046689631150002
Montenegro,2027,2,3.3026736764413727
Montenegro,2027,3,6.290787146707771
Montenegro,2027,4,10.391330372721313
Montenegro,2027,5,14.39229755217184
Montenegro,2027,6,17.369857071412298
Montenegro,2027,7,18.710852495464678
Montenegro,2027,8,18.13530355785133
Montenegro,2027,9,15.71890715050995
Montenegro,2027,10,11.915538313694015
Montenegro,2027,11,7.579751225822292
Montenegro,2027,12,3.989280193502964
Montenegro,2028,1,2.971217749157404
Montenegro,2028,2,3.3743282989389627
Montenegro,2028,3,6.365585639702658
Montenegro,2028,4,10.467851295071341
Montenegro,2028,5,14.46959045049607
Montenegro,2028,6,17.44737294317474
Montenegro,2028,7,18.788374251927053
Montenegro,2028,8,18.212876487149515
Montenegro,2028,9,15.796769380624937
Montenegro,2028,10,11.99405127551745
Montenegro,2028,11,7.659330116160163
Montenegro,2028,12,4.070324438046555
Montenegro,2029,1,3.0388510107268303
Montenegro,2029,2,3.4472837365583473
Montenegro,2029,3,6.441863904584352
Montenegro,2029,4,10.545996080626537
Montenegro,2029,5,14.548618955385791
Montenegro,2029,6,17.52670633431717
Montenegro,2029,7,18.86776812750486
Montenegro,2029,8,18.292351339639026
Montenegro,2029,9,15.8765410598362
Montenegro,2029,10,12.074461451521529
Montenegro,2029,11,7.740776742456546
Montenegro,2029,12,4.15319221446498
Montenegro,2030,1,3.1075865104076
Montenegro,2030,2,3.52155847236736
Montenegro,2030,3,6.519641091182166
Montenegro,2030,4,10.625784492321145
Montenegro,2030,5,14.6294033891254
Montenegro,2030,6,17.60787807278848
Montenegro,2030,7,18.94905540210766
Montenegro,2030,8,18.373749793482602
Montenegro,2030,9,15.958244210768498
Montenegro,2030,10,12.1567911552238
Montenegro,2030,11,7.8241136553378965
Montenegro,2030,12,4.2379062567642904
Montenegro,2031,1,3.1774420579286016
Montenegro,2031,2,3.597171037440603
Montenegro,2031,3,6.598936398150727
Montenegro,2031,4,10.707236342653232
Montenegro,2031,5,14.711964124425322
Montenegro,2031,6,17.690909037771235
Montenegro,2031,7,19.032257407657198
Montenegro,2031,8,18.457093579648244
Montenegro,2031,9,16.041900909812284
Montenegro,2031,10,12.24106275457325
Montenegro,2031,11,7.909363460698842
Montenegro,2031,12,4.324489355091828
Montenegro,2032,1,3.248435510330637
Montenegro,2032,2,3.67414001087036
Montenegro,2032,3,6.679769073002717
Montenegro,2032,4,10.790371493873863
Montenegro,2032,5,14.796321584487487
Montenegro,2032,6,17.775820159750765
Montenegro,2032,7,19.117395528200177
Montenegro,2032,8,18.542404482054735
Montenegro,2032,9,16.127533286978178
Montenegro,2032,10,12.327298672092184
Montenegro,2032,11,7.996548819789496
Montenegro,2032,12,4.412964355678014
Montenegro,2033,1,3.320584771886388
Montenegro,2033,2,3.7524840198793754
Montenegro,2033,3,6.762158412181634
Montenegro,2033,4,10.875209857870686
Montenegro,2033,5,14.882496243019887
Montenegro,2033,6,17.862632420493355
Montenegro,2033,7,19.204491199915537
Montenegro,2033,8,18.629704337527983
Montenegro,2033,9,16.215163526097058
Montenegro,2033,10,12.415521384807107
Montenegro,2033,11,8.085692449197268
Montenegro,2033,12,4.503354160989147
Montenegro,2034,1,3.3939077942532094
Montenegro,2034,2,3.83222173984268
Montenegro,2034,3,6.846123761039962
Montenegro,2034,4,10.961771396368022
Montenegro,2034,5,14.970508624309332
Montenegro,2034,6,17.951366853213585
Montenegro,2034,7,19.293565911169026
Montenegro,2034,8,18.719015035924713
Montenegro,2034,9,16.304813864761854
Montenegro,2034,10,12.50575342441607
Montenegro,2034,11,8.176817120948726
Montenegro,2034,12,4.595681729680109
Montenegro,2035,1,3.468422576440389
Montenegro,2035,2,3.913371894305783
Montenegro,2035,3,6.931684513973778
Montenegro,2035,4,11.05007612083591
Montenegro,2035,5,15.06037930326147
Montenegro,2035,6,18.042044542497933
Montenegro,2035,7,19.384641202567764
Montenegro,2035,8,18.81035852012883
Montenegro,2035,9,16.39650659445124
Montenegro,2035,10,12.598017377230462
Montenegro,2035,11,8.269945662535065
Montenegro,2035,12,4.689970076699865
Morocco,2025,1,15.510248448449602
Morocco,2025,2,15.657424555139187
Morocco,2025,3,16.877806159708598
Morocco,2025,4,18.61546103708406
Morocco,2025,5,20.37885074728274
Morocco,2025,6,21.76333162530591
Morocco,2025,7,22.473655771061203
Morocco,2025,8,22.346472039255787
Morocco,2025,9,21.372827029296786
Morocco,2025,10,19.72066607515535
Morocco,2025,11,17.757334235296184
Morocco,2025,12,16.07207728258527
Morocco,2026,1,15.55890532336798
Morocco,2026,2,15.711559231430329
Morocco,2026,3,16.9357157638633
Morocco,2026,4,18.675868990264462
Morocco,2026,5,20.44083722837695
Morocco,2026,6,21.826264033942607
Morocco,2026,7,22.53711919061334
Morocco,2026,8,22.410199699902478
Morocco,2026,9,21.43663077097608
Morocco,2026,10,19.7843668106334
Morocco,2026,11,17.820692413167308
Morocco,2026,12,16.13472335028291
Morocco,2027,1,15.608537169403462
Morocco,2027,2,15.766855126291375
Morocco,2027,3,16.994938169345005
Morocco,2027,4,18.737709180329148
Morocco,2027,5,20.50434575213967
Morocco,2027,6,21.89078117869667
Morocco,2027,7,22.602205444877654
Morocco,2027,8,22.475566216348852
Morocco,2027,9,21.502069829567517
Morocco,2027,10,19.849682281573223
Morocco,2027,11,17.885630219913764
Morocco,2027,12,16.198901932600165
Morocco,2028,1,15.65916180233853
Morocco,2028,2,15.823330725802407
Morocco,2028,3,17.055492478900305
Morocco,2028,4,18.80100127296555
Morocco,2028,5,20.56939649348442
Morocco,2028,6,21.956903690000217
Morocco,2028,7,22.66893556604282
Morocco,2028,8,22.542592968927238
Morocco,2028,9,21.569165879777756
Morocco,2028,10,19.916634403330136
Morocco,2028,11,17.952169757879346
Morocco,2028,12,16.264635265143625
Morocco,2029,1,15.710797085493141
Morocco,2029,2,15.881004564475916
Morocco,2029,3,17.11739784447218
Morocco,2029,4,18.865764983825102
Morocco,2029,5,20.63600967809998
Morocco,2029,6,22.024652249868268
Morocco,2029,7,22.73733063873169
Morocco,2029,8,22.6113013911463
Morocco,2029,9,21.63794065031925
Morocco,2029,10,19.985245146145644
Morocco,2029,11,18.020333185065283
Morocco,2029,12,16.331945639941296
Morocco,2030,1,15.763460929801113
Morocco,2030,2,15.939895225184046
Morocco,2030,3,17.180673467167253
Morocco,2030,4,18.93202007858872
Morocco,2030,5,20.70420558247588
Morocco,2030,6,22.09404759190602
Morocco,2030,7,22.807411800008595
Morocco,2030,8,22.681712969774708
Morocco,2030,9,21.708415923975735
Morocco,2030,10,20.05553653507104
Morocco,2030,11,18.09014271509386
Morocco,2030,12,16.400855405573566
Morocco,2031,1,15.8171712938356
Morocco,2031,2,16.00002133925682
Morocco,2031,3,17.24533859740859
Morocco,2031,4,18.999786373010465
Morocco,2031,5,20.774004534007872
Morocco,2031,6,22.165110501454365
Morocco,2031,7,22.879200239433885
Morocco,2031,8,22.753849244888443
Morocco,2031,9,21.780613537613135
Morocco,2031,10,20.12753065008019
Morocco,2031,11,18.16162061738669
Morocco,2031,12,16.471386967082253
Morocco,2032,1,15.87194618380181
Morocco,2032,2,16.0614015865076
Morocco,2032,3,17.311412534855663
Morocco,2032,4,19.069083732913896
Morocco,2032,5,20.845426910997958
Morocco,2032,6,22.237861815549877
Morocco,2032,7,22.952717199049403
Morocco,2032,8,22.82773180987442
Morocco,2032,9,21.85455538225233
Morocco,2032,10,20.201249626120443
Morocco,2032,11,18.234789217044636
Morocco,2032,12,16.54356278609066
Morocco,2033,1,15.927803653715273
Morocco,2033,2,16.124054695298582
Morocco,2033,3,17.378914628553503
Morocco,2033,4,19.139932074312128
Morocco,2033,5,20.91849314270894
Morocco,2033,6,22.312322423004844
Morocco,2033,7,23.027983973531263
Morocco,2033,8,22.903382311536006
Morocco,2033,9,21.930263403127356
Morocco,2033,10,20.276715653119936
Morocco,2033,11,18.30967089504429
Morocco,2033,12,16.61740538086542
Morocco,2034,1,15.984761805292692
Morocco,2034,2,16.187999442577166
Morocco,2034,3,17.447864276899963
Morocco,2034,4,19.21235136339328
Morocco,2034,5,20.993223709389895
Morocco,2034,6,22.388513264443645
Morocco,2034,7,23.105021910149844
Morocco,2034,8,22.98082245007845
Morocco,2034,9,22.00775959965995
Morocco,2034,10,20.35395097606761
Morocco,2034,11,18.386288088161564
Morocco,2034,12,16.692937326305582
Morocco,2035,1,16.04283878811202
Morocco,2035,2,16.25325465388687
Morocco,2035,3,17.5182809277876
Morocco,2035,4,19.286361616596878
Morocco,2035,5,21.069639142367123
Morocco,2035,6,22.46645533231731
Morocco,2035,7,23.18385240884254
Morocco,2035,8,23.06007397920348
Morocco,2035,9,22.087066025615968
Morocco,2035,10,20.432977895024123
Morocco,2035,11,18.46466328909173
Morocco,2035,12,16.770181254037198
Mozambique,2025,1,22.274566105033045
Mozambique,2025,2,23.427989902936133
Mozambique,2025,3,24.349626680331312
Mozambique,2025,4,25.119890657625547
Mozambique,2025,5,25.749475637506293
Mozambique,2025,6,26.201855994827383
Mozambique,2025,7,26.41578766652765
Mozambique,2025,8,26.327809141447688
Mozambique,2025,9,25.89474245035035
Mozambique,2025,10,25.116194155737503
Mozambique,2025,11,24.057056341757743
Mozambique,2025,12,22.870007604121383
Mozambique,2026,1,22.309570361897386
Mozambique,2026,2,23.469982093241015
Mozambique,2026,3,24.39686398499998
Mozambique,2026,4,25.170983844815964
Mozambique,2026,5,25.803319525629377
Mozambique,2026,6,26.25755991556889
Mozambique,2026,7,26.472605927862787
Mozambique,2026,8,26.38507149070665
Mozambique,2026,9,25.95178453716744
Mozambique,2026,10,25.172287995105762
Mozambique,2026,11,24.111340777050827
Mozambique,2026,12,22.9214187701009
Mozambique,2027,1,22.345430121095887
Mozambique,2027,2,23.512999083531213
Mozambique,2027,3,24.445262461010316
Mozambique,2027,4,25.223344165865456
Mozambique,2027,5,25.85850861875315
Mozambique,2027,6,26.3146617385255
Mozambique,2027,7,26.530851932108817
Mozambique,2027,8,26.44377108450226
Mozambique,2027,9,26.01025554854732
Mozambique,2027,10,25.229787134886465
Mozambique,2027,11,24.166994101849014
Mozambique,2027,12,22.9741521453916
Mozambique,2028,1,22.382163207786107
Mozambique,2028,2,23.557059336956627
Mozambique,2028,3,24.494841155837094
Mozambique,2028,4,25.27699119889894
Mozambique,2028,5,25.91506297190881
Mozambique,2028,6,26.373181941894472
Mozambique,2028,7,26.590546526990693
Mozambique,2028,8,26.503929086361495
Mozambique,2028,9,26.070176910053306
Mozambique,2028,10,25.2887132089827
Mozambique,2028,11,24.224038104731335
Mozambique,2028,12,23.0282296195046
Mozambique,2029,1,22.419787494921366
Mozambique,2029,2,23.602181365339675
Mozambique,2029,3,24.545619166431607
Mozambique,2029,4,25.331944572249085
Mozambique,2029,5,25.973002691142938
Mozambique,2029,6,26.433141055747
Mozambique,2029,7,26.651710612831266
Mozambique,2029,8,26.56556671315502
Mozambique,2029,9,26.131570101501893
Mozambique,2029,10,25.349087906387467
Mozambique,2029,11,24.282494630145266
Mozambique,2029,12,23.083673138670747
Mozambique,2030,1,22.45832090338172
Mozambique,2030,2,23.648383729153466
Mozambique,2030,3,24.59761563921802
Mozambique,2030,4,25.388223964572717
Mozambique,2030,5,26.032347933648452
Mozambique,2030,6,26.494559662093707
Mozambique,2030,7,26.714365142729548
Mozambique,2030,8,26.628705235453708
Mozambique,2030,9,26.194456657079172
Mozambique,2030,10,25.410932971289185
Mozambique,2030,11,24.34238557853041
Mozambique,2030,12,23.140504705869716
Mozambique,2031,1,22.49778140194121
Mozambique,2031,2,23.69568503768187
Mozambique,2031,3,24.65084977017341
Mozambique,2031,4,25.44584910492722
Mozambique,2031,5,26.093118907775533
Mozambique,2031,6,26.557458394895548
Mozambique,2031,7,26.778531122608
Mozambique,2031,8,26.693365977299436
Mozambique,2031,9,26.258858165362653
Mozambique,2031,10,25.474270203046217
Mozambique,2031,11,24.403732906343976
Mozambique,2031,12,23.198746380960984
Mozambique,2032,1,22.538187007369743
Mozambique,2032,2,23.744103948895827
Mozambique,2032,3,24.705340804878688
Mozambique,2032,4,25.50483977267595
Mozambique,2032,5,26.155335873075273
Mozambique,2032,6,26.621857940107475
Mozambique,2032,7,26.844229611110677
Mozambique,2032,8,26.759570316397912
Mozambique,2032,9,26.32479626935765
Mozambique,2032,10,25.539121456241446
Mozambique,2032,11,24.466558626068036
Mozambique,2032,12,23.258420280571045
Mozambique,2033,1,22.579555784400327
Mozambique,2033,2,23.793659169664352
Mozambique,2033,3,24.761108038518614
Mozambique,2033,4,25.565215797702876
Mozambique,2033,5,26.219019140306955
Mozambique,2033,6,26.687779035780295
Mozambique,2033,7,26.91148171981058
Mozambique,2033,8,26.82733968413686
Mozambique,2033,9,26.392292666573667
Mozambique,2033,10,25.605508640787775
Mozambique,2033,11,24.530884806296854
Mozambique,2033,12,23.31954857828987
Mozambique,2034,1,22.621905845914625
Mozambique,2034,2,23.844369455681772
Mozambique,2034,3,24.81817081600184
Mozambique,2034,4,25.626997060332542
Mozambique,2034,5,26.28418907160176
Mozambique,2034,6,26.755242472057034
Mozambique,2034,7,26.980308613184206
Mozambique,2034,8,26.896695565618757
Mozambique,2034,9,26.46136910899895
Mozambique,2034,10,25.67345372192085
Mozambique,2034,11,24.59673357176598
Mozambique,2034,12,23.382153504678172
Mozambique,2035,1,22.665255352811982
Mozambique,2035,2,23.896253611576867
Mozambique,2035,3,24.87654853188087
Mozambique,2035,4,25.690203491428292
Mozambique,2035,5,26.350866080353626
Mozambique,2035,6,26.824269091172937
Mozambique,2035,7,27.050731508644276
Mozambique,2035,8,26.967659499686306
Mozambique,2035,9,26.53204740323872
Mozambique,2035,10,25.742978720224528
Mozambique,2035,11,24.664127103385
Mozambique,2035,12,23.44625734720921
Myanmar,2025,1,21.79990656863538
Myanmar,2025,2,22.81196326416557
Myanmar,2025,3,23.716248457135407
Myanmar,2025,4,24.53804532189406
Myanmar,2025,5,25.244391582274147
Myanmar,2025,6,25.76658050149581
Myanmar,2025,7,26.022661872034405
Myanmar,2025,8,25.93994300560098
Myanmar,2025,9,25.47748972289719
Myanmar,2025,10,24.648627343668522
Myanmar,2025,11,23.543441676481052
Myanmar,2025,12,22.351280008672802
Myanmar,2026,1,21.83602419601175
Myanmar,2026,2,22.854913751486492
Myanmar,2026,3,23.764297493938102
Myanmar,2026,4,24.589818405883307
Myanmar,2026,5,25.298804482380547
Myanmar,2026,6,25.822769720835822
Myanmar,2026,7,26.07991511097225
Myanmar,2026,8,25.997629624734145
Myanmar,2026,9,25.53499120612196
Myanmar,2026,10,24.70526776116185
Myanmar,2026,11,23.59841814770425
Myanmar,2026,12,22.403593165448
Myanmar,2027,1,21.873009736897984
Myanmar,2027,2,22.898902833615466
Myanmar,2027,3,23.813522731817102
Myanmar,2027,4,24.64287473967579
Myanmar,2027,5,25.35457964086254
Myanmar,2027,6,25.880374684461458
Myanmar,2027,7,26.13861457487019
Myanmar,2027,8,26.05677246171126
Myanmar,2027,9,25.593940929685232
Myanmar,2027,10,24.763332988572984
Myanmar,2027,11,23.65478306296518
Myanmar,2027,12,22.457247982333683
Myanmar,2028,1,21.91088101841251
Myanmar,2028,2,22.943948978424487
Myanmar,2028,3,23.863943225755975
Myanmar,2028,4,24.69723391161915
Myanmar,2028,5,25.41173712577165
Myanmar,2028,6,25.939415886391544
Myanmar,2028,7,26.198781129966846
Myanmar,2028,8,26.11739270129783
Myanmar,2028,9,25.654360343222834
Myanmar,2028,10,24.82284468666421
Myanmar,2028,11,23.71255824045238
Myanmar,2028,12,22.51226638121898
Myanmar,2029,1,21.949655915476797
Myanmar,2029,2,22.99007070247626
Myanmar,2029,3,23.915578080192972
Myanmar,2029,4,24.75291556033062
Myanmar,2029,5,25.470297056192976
Myanmar,2029,6,25.999913872446086
Myanmar,2029,7,26.26043569520789
Myanmar,2029,8,26.17951158176311
Myanmar,2029,9,25.716270950620128
Myanmar,2029,10,24.88382457129137
Myanmar,2029,11,23.771765554226477
Myanmar,2029,12,22.568670340727294
Myanmar,2030,1,21.989352350866284
Myanmar,2030,2,23.03728657094416
Myanmar,2030,3,23.968446449010116
Myanmar,2030,4,24.809939374697024
Myanmar,2030,5,25.530279602281553
Myanmar,2030,6,26.06188924039543
Myanmar,2030,7,26.323599242165983
Myanmar,2030,8,26.243150394909208
Myanmar,2030,9,25.779694310128434
Myanmar,2030,10,24.946294413429314
Myanmar,2030,11,23.832426934296564
Myanmar,2030,12,22.626481896172663
Myanmar,2031,1,22.029988295286785
Myanmar,2031,2,23.085615197754123
Myanmar,2031,3,24.0225675356387
Myanmar,2031,4,24.868325093958447
Myanmar,2031,5,25.591704985356955
Myanmar,2031,6,26.125362639942068
Myanmar,2031,7,26.388292795240886
Myanmar,2031,8,26.30833048604927
Myanmar,2031,9,25.844652034354112
Myanmar,2031,10,25.01027603921193
Myanmar,2031,11,23.894564366689337
Myanmar,2031,12,22.685723139697984
Myanmar,2032,1,22.071581767367206
Myanmar,2032,2,23.135075245544613
Myanmar,2032,3,24.07796059301927
Myanmar,2032,4,24.928092507653673
Myanmar,2032,5,25.654593477896015
Myanmar,2032,6,26.19035477275338
Myanmar,2032,7,26.454537431593963
Myanmar,2032,8,26.37507325414572
Myanmar,2032,9,25.911165790280393
Myanmar,2032,10,25.075791330037646
Myanmar,2032,11,23.958199893409073
Myanmar,2032,12,22.746416220285937
Myanmar,2033,1,22.11415083373231
Myanmar,2033,2,23.185685425812153
Myanmar,2033,3,24.134644923790802
Myanmar,2033,4,24.989261455809356
Myanmar,2033,5,25.718965403627408
Myanmar,2033,6,26.25688639253076
Myanmar,2033,7,26.52235428122094
Myanmar,2033,8,26.443400151759306
Myanmar,2033,9,25.979257299394703
Myanmar,2033,10,25.142862222525764
Myanmar,2033,11,24.023355612550404
Myanmar,2033,12,22.808583343769897
Myanmar,2034,1,22.157713609053644
Myanmar,2034,2,23.237464498813097
Myanmar,2034,3,24.19263988014518
Myanmar,2034,4,25.05185182888181
Myanmar,2034,5,25.78484113750983
Myanmar,2034,6,26.324978305067816
Myanmar,2034,7,26.591764527013765
Myanmar,2034,8,26.513332685191017
Myanmar,2034,9,26.048948337659567
Myanmar,2034,10,25.21151070861106
Myanmar,2034,11,24.090053678316508
Myanmar,2034,12,22.872246772921244
Myanmar,2035,1,22.20228825606773
Myanmar,2035,2,23.290431273767354
Myanmar,2035,3,24.251964864027286
Myanmar,2035,4,25.115883567840683
Myanmar,2035,5,25.852241105848407
Myanmar,2035,6,26.39465136826857
Myanmar,2035,7,26.66278940478969
Myanmar,2035,8,26.584892414445676
Myanmar,2035,9,26.120260735578086
Myanmar,2035,10,25.28175883561289
Myanmar,2035,11,24.158316301084596
Myanmar,2035,12,22.937428827485746
Namibia,2025,1,19.544297972844106
Namibia,2025,2,20.081838769155183
Namibia,2025,3,21.00928060964452
Namibia,2025,4,22.12002705415307
Namibia,2025,5,23.197794725555468
Namibia,2025,6,24.039114299482208
Namibia,2025,7,24.475831494358317
Namibia,2025,8,24.397608061172832
Namibia,2025,9,23.774422773524748
Namibia,2025,10,22.679072417370662
Namibia,2025,11,21.309672781023437
Namibia,2025,12,20.012159645012616
Namibia,2026,1,19.5853263807885
Namibia,2026,2,20.129095189423424
Namibia,2026,3,21.061056192150318
Namibia,2026,4,22.17499908209811
Namibia,2026,5,23.254957078353073
Namibia,2026,6,24.097707915881074
Namibia,2026,7,24.535274835373457
Namibia,2026,8,24.457427573187488
Namibia,2026,9,23.834183351210413
Namibia,2026,10,22.738307866796276
Namibia,2026,11,21.36781628263725
Namibia,2026,12,20.068474216653158
Namibia,2027,1,19.627270689074976
Namibia,2027,2,20.17744418445818
Namibia,2027,3,21.114067319443166
Namibia,2027,4,22.23131843784813
Namibia,2027,5,23.313549872470503
Namibia,2027,6,24.157788934991004
Namibia,2027,7,24.59623890583771
Namibia,2027,8,24.518780024148327
Namibia,2027,9,23.89547047762335
Namibia,2027,10,22.799047392368266
Namibia,2027,11,21.427427822921345
Namibia,2027,12,20.126209742037645
Namibia,2028,1,19.670148727401283
Namibia,2028,2,20.226904236486916
Namibia,2028,3,21.168333072529094
Namibia,2028,4,22.289004747502076
Namibia,2028,5,23.373593225330296
Namibia,2028,6,24.2193779118943
Namibia,2028,7,24.65874464481476
Namibia,2028,8,24.581686683407497
Namibia,2028,9,23.9583056985839
Namibia,2028,10,22.861312762740454
Namibia,2028,11,21.488529339651905
Namibia,2028,12,20.18538827434986
Namibia,2029,1,19.713978373235477
Namibia,2029,2,20.277493876238623
Namibia,2029,3,21.223872581745127
Namibia,2029,4,22.348077687264777
Namibia,2029,5,23.435107305370366
Namibia,2029,6,24.28249545350718
Namibia,2029,7,24.722813043922542
Namibia,2029,8,24.646168873606257
Namibia,2029,9,24.02271061412921
Namibia,2029,10,22.925125801587455
Namibia,2029,11,21.551142826429896
Namibia,2029,12,20.246031923413284
Namibia,2030,1,19.75877755176134
Namibia,2030,2,20.329231683023863
Namibia,2030,3,21.28070502675564
Namibia,2030,4,22.408556983548806
Namibia,2030,5,23.498112331927587
Namibia,2030,6,24.347162218441554
Namibia,2030,7,24.78846514739871
Namibia,2030,8,24.71224797087143
Namibia,2030,9,24.088706878527773
Namibia,2030,10,22.990508387590125
Namibia,2030,11,21.615290332677432
Namibia,2030,12,20.308162855720184
Namibia,2031,1,19.8045642359657
Namibia,2031,2,20.382136284742046
Namibia,2031,3,21.338849636737905
Namibia,2031,4,22.470462412952656
Namibia,2031,5,23.56262857544516
Namibia,2031,6,24.413398917201448
Namibia,2031,7,24.85572205211156
Namibia,2031,8,24.77994540470263
Namibia,2031,9,24.15631620025397
Namibia,2031,10,23.057482454508317
Namibia,2031,11,21.680993963695983
Namibia,2031,12,20.37180329435887
Namibia,2032,1,19.85135644668935
Namibia,2032,2,20.436226357950545
Namibia,2032,3,21.39832569022201
Namibia,2032,4,22.53381380238079
Namibia,2032,5,23.628676357392578
Namibia,2032,6,24.48122631220849
Namibia,2032,7,24.924604907610956
Namibia,2032,8,24.849282658168704
Namibia,2032,9,24.225560342115386
Namibia,2032,10,23.126069991220902
Namibia,2032,11,21.7482758807173
Namibia,2032,12,20.436975519210137
Namibia,2033,1,19.89917225264162
Namibia,2033,2,20.49152062791927
Namibia,2033,3,21.45915251529459
Namibia,2033,4,22.598631029003627
Namibia,2033,5,23.696276050371125
Namibia,2033,6,24.550665217718233
Namibia,2033,7,24.995134916219286
Namibia,2033,8,24.920281267849532
Namibia,2033,9,24.296461121289212
Namibia,2033,10,23.196293041743957
Namibia,2033,11,21.817158300943447
Namibia,2033,12,20.503701866950905
Namibia,2034,1,19.94802977047675
Namibia,2034,2,20.54803786861976
Namibia,2034,3,21.52134948958428
Namibia,2034,4,22.664934020395776
Namibia,2034,5,23.765448078168447
Namibia,2034,6,24.62173650002387
Namibia,2034,7,25.067333333002352
Namibia,2034,8,24.99296282391606
Namibia,2034,9,24.369040409322224
Namibia,2034,10,23.26817370533263
Namibia,2034,11,21.88766349755406
Namibia,2034,12,20.572004731014204
Namibia,2035,1,19.997947164823017
Namibia,2035,2,20.6057969028343
Namibia,2035,3,21.58493604031628
Namibia,2035,4,22.732742754499668
Namibia,2035,5,23.836212915729448
Namibia,2035,6,24.694461077412598
Namibia,2035,7,25.141221465849412
Namibia,2035,8,25.067348970166677
Namibia,2035,9,24.44332013222902
Namibia,2035,10,23.341734136452033
Namibia,2035,11,21.95981379981913
Namibia,2035,12,20.641906561741962
Nepal,2025,1,8.224595036678693
Nepal,2025,2,8.356542663496839
Nepal,2025,3,10.498058431047866
Nepal,2025,4,13.548428086146487
Nepal,2025,5,16.589191969346757
Nepal,2025,6,18.906646004860704
Nepal,2025,7,20.014342690429658
Nepal,2025,8,19.675592087224686
Nepal,2025,9,17.925962809739758
Nepal,2025,10,15.095783015692177
Nepal,2025,11,11.832641395933933
Nepal,2025,12,9.12388816433031
Nepal,2026,1,8.28387214376653
Nepal,2026,2,8.420589130969347
Nepal,2026,3,10.565099057414955
Nepal,2026,4,13.617177860586708
Nepal,2026,5,16.658786534787396
Nepal,2026,6,18.976572120923265
Nepal,2026,7,20.084368696491765
Nepal,2026,8,19.745698365423777
Nepal,2026,9,17.996272248002242
Nepal,2026,10,15.166491470748042
Nepal,2026,11,11.903948156334991
Nepal,2026,12,9.195926413457528
Nepal,2027,1,8.344182957644989
Nepal,2027,2,8.485871853471508
Nepal,2027,3,10.633542294665858
Nepal,2027,4,13.68746292686501
Nepal,2027,5,16.730017915503595
Nepal,2027,6,19.04820793568888
Nepal,2027,7,20.156151162064816
Nepal,2027,8,19.817584258788884
Nepal,2027,9,18.068363369370672
Nepal,2027,10,15.238965106568685
Nepal,2027,11,11.976987542319876
Nepal,2027,12,9.269651197621897
Nepal,2028,1,8.4055452272014
Nepal,2028,2,8.552409278629966
Nepal,2028,3,10.703407235488157
Nepal,2028,4,13.75930296898241
Nepal,2028,5,16.802906333149622
Nepal,2028,6,19.12157415468846
Nepal,2028,7,20.229711222892547
Nepal,2028,8,19.891271279576358
Nepal,2028,9,18.142258008870158
Nepal,2028,10,15.313226027258679
Nepal,2028,11,12.051781873357868
Nepal,2028,12,9.345084997917184
Nepal,2029,1,8.4679767486532
Nepal,2029,2,8.620219902212739
Nepal,2029,3,10.774713021474781
Nepal,2029,4,13.832717720682012
Nepal,2029,5,16.877472059878528
Nepal,2029,6,19.196691534817546
Nepal,2029,7,20.305070066883673
Nepal,2029,8,19.966780992942404
Nepal,2029,9,18.21797805528786
Nepal,2029,10,15.389296391477728
Nepal,2029,11,12.128353524331942
Nepal,2029,12,9.422250351698494
Nepal,2030,1,8.53149536557703
Nepal,2030,2,8.689322268136493
Nepal,2030,3,10.847478843196768
Nepal,2030,4,13.907726965452639
Nepal,2030,5,16.953735418422184
Nepal,2030,6,19.273580884343573
Nepal,2030,7,20.382248934097333
Nepal,2030,8,20.044135017121334
Nepal,2030,9,18.295545451227554
Nepal,2030,10,15.467198412564358
Nepal,2030,11,12.206724925502385
Nepal,2030,12,9.501169852513158
Nepal,2031,1,8.596118968875999
Nepal,2031,2,8.759734968517478
Nepal,2031,3,10.921723940232368
Nepal,2031,4,13.9843505366307
Nepal,2031,5,17.031716782138574
Nepal,2031,6,19.352263062945894
Nepal,2031,7,20.461269116888616
Nepal,2031,8,20.123355023352815
Nepal,2031,9,18.37498219313511
Nepal,2031,10,15.546954358430412
Nepal,2031,11,12.286918562597748
Nepal,2031,12,9.581866150202586
Nepal,2032,1,8.661865496932478
Nepal,2032,2,8.831476643664246
Nepal,2032,3,10.997467601163407
Nepal,2032,4,14.062608317356535
Nepal,2032,5,17.11143657505545
Nepal,2032,6,19.432758981781262
Nepal,2032,7,20.542151959817602
Nepal,2032,8,20.204462735914603
Nepal,2032,9,18.456310331349414
Nepal,2032,10,15.628586551724766
Nepal,2032,11,12.368956976898517
Nepal,2032,12,9.664361950898638
Nepal,2033,1,8.728752935586272
Nepal,2033,2,8.904565982212262
Nepal,2033,3,11.074729163684424
Nepal,2033,4,14.142520240698104
Nepal,2033,5,17.19291527185942
Nepal,2033,6,19.5150896035384
Nepal,2033,7,20.62491885979125
Nepal,2033,8,20.287479932289898
Nepal,2033,9,18.539551970142384
Nepal,2033,10,15.712117369844236
Nepal,2033,11,12.452862765204372
Nepal,2033,12,9.748680017129118
Nepal,2034,1,8.796799318178273
Nepal,2034,2,8.97902172110571
Nepal,2034,3,11.153528014635413
Nepal,2034,4,14.224106289676456
Nepal,2034,5,17.276173398059655
Nepal,2034,6,19.599275942430722
Nepal,2034,7,20.709591266121606
Nepal,2034,8,20.372428443083663
Nepal,2034,9,18.624729267762632
Nepal,2034,10,15.797569244984516
Nepal,2034,11,12.538658579881485
Nepal,2034,12,9.834843167788677
Nepal,2035,1,8.866022725652329
Nepal,2035,2,9.054862645684807
Nepal,2035,3,11.233883590023652
Nepal,2035,4,14.30738649725481
Nepal,2035,5,17.361231529904217
Nepal,2035,6,19.68533906429093
Nepal,2035,7,20.79619068048214
Nepal,2035,8,20.459330152160874
Nepal,2035,9,18.711864436515498
Nepal,2035,10,15.884964664165636
Nepal,2035,11,12.626367129037135
Nepal,2035,12,9.922874278251584
Netherlands,2025,1,3.9829363316866875
Netherlands,2025,2,4.304212383635786
Netherlands,2025,3,7.094811893865881
Netherlands,2025,4,10.958668682332245
Netherlands,2025,5,14.74712379149878
Netherlands,2025,6,17.581426476253
Netherlands,2025,7,18.87523519385013
Netherlands,2025,8,18.35711859368257
Netherlands,2025,9,16.093056507362235
Netherlands,2025,10,12.50894093844272
Netherlands,2025,11,8.4130770524107
Netherlands,2025,12,5.018684166571802
Netherlands,2026,1,4.046448989659439
Netherlands,2026,2,4.372389749199101
Netherlands,2026,3,7.165795648744279
Netherlands,2026,4,11.031126020197007
Netherlands,2026,5,14.820177880971642
Netherlands,2026,6,17.654586923946226
Netherlands,2026,7,18.948328507370206
Netherlands,2026,8,18.430218644670276
Netherlands,2026,9,16.166414994474508
Netherlands,2026,10,12.582917850425474
Netherlands,2026,11,8.488071131066135
Netherlands,2026,12,5.095063369816671
Netherlands,2027,1,4.111009223027395
Netherlands,2027,2,4.44182681356051
Netherlands,2027,3,7.238214188929305
Netherlands,2027,4,11.105158710423893
Netherlands,2027,5,14.89491588789042
Netherlands,2027,6,17.729510369624222
Netherlands,2027,7,19.023236932288455
Netherlands,2027,8,18.505161470814528
Netherlands,2027,9,16.241621988280713
Netherlands,2027,10,12.658729585834408
Netherlands,2027,11,8.564869452541643
Netherlands,2027,12,5.173201855360276
Netherlands,2028,1,4.176634720232869
Netherlands,2028,2,4.512541979555863
Netherlands,2028,3,7.312086577990158
Netherlands,2028,4,11.180786423647987
Netherlands,2028,5,14.971358036194033
Netherlands,2028,6,17.806217536811346
Netherlands,2028,7,19.099981638058125
Netherlands,2028,8,18.581968633749966
Netherlands,2028,9,16.3186993888894
Netherlands,2028,10,12.736398329555414
Netherlands,2028,11,8.643494432811167
Netherlands,2028,12,5.253122216553493
Netherlands,2029,1,4.243343216800895
Netherlands,2029,2,4.584553697998672
Netherlands,2029,3,7.38743192828133
Netherlands,2029,4,11.258028880013626
Netherlands,2029,5,15.04952460018194
Netherlands,2029,6,17.884729200243783
Netherlands,2029,7,19.178583846090078
Netherlands,2029,8,18.660661747891027
Netherlands,2029,9,16.397669150018373
Netherlands,2029,10,12.815946320920375
Netherlands,2029,11,8.723968543058618
Netherlands,2029,12,5.334847102746608
Netherlands,2030,1,4.311152495506576
Netherlands,2030,2,4.657880467720133
Netherlands,2030,3,7.464269400978992
Netherlands,2030,4,11.33690584937085
Netherlands,2030,5,15.129435904597813
Netherlands,2030,6,17.965066185887736
Netherlands,2030,7,19.25906482989103
Netherlands,2030,8,18.74126248056291
Netherlands,2030,9,16.478553279071093
Netherlands,2030,10,12.897395853703529
Netherlands,2030,11,8.806314309757909
Netherlands,2030,12,5.418399219394814
Netherlands,2031,1,4.380080386371446
Netherlands,2031,2,4.732540835580039
Netherlands,2031,3,7.542618206091902
Netherlands,2031,4,11.417437151169906
Netherlands,2031,5,15.211112324676833
Netherlands,2031,6,18.047249371008547
Netherlands,2031,7,19.341445915049007
Netherlands,2031,8,18.823792551957922
Netherlands,2031,9,16.561373837183964
Netherlands,2031,10,12.980769276230603
Netherlands,2031,11,8.890554314720248
Netherlands,2031,12,5.5038013281237
Netherlands,2032,1,4.450144766667108
Netherlands,2032,2,4.808553396550451
Netherlands,2032,3,7.622497602585099
Netherlands,2032,4,11.499642654621312
Netherlands,2032,5,15.294574286131137
Netherlands,2032,6,18.131299684177975
Netherlands,2032,7,19.425748479251524
Netherlands,2032,8,18.90827373521188
Netherlands,2032,9,16.646152939164494
Netherlands,2032,10,13.066088991364268
Netherlands,2032,11,8.976711195105054
Netherlands,2032,12,5.591076246638295
Netherlands,2033,1,4.521363561057115
Netherlands,2033,2,4.885936793744804
Netherlands,2033,3,7.703926898328973
Netherlands,2033,4,11.583542278666755
Netherlands,2033,5,15.37984226530989
Netherlands,2033,6,18.21723810536878
Netherlands,2033,7,19.511993952423836
Netherlands,2033,8,18.994727856462305
Netherlands,2033,9,16.732912753716846
Netherlands,2033,10,13.153377456565977
Netherlands,2033,11,9.06480764351818
Netherlands,2033,12,5.680246848959541
Netherlands,2034,1,4.593754741513294
Netherlands,2034,2,4.964709718476115
Netherlands,2034,3,7.7869254502011245
Netherlands,2034,4,11.66915599206277
Netherlands,2034,5,15.46693678909378
Netherlands,2034,6,18.30508566592198
Netherlands,2034,7,19.600203816670728
Netherlands,2034,8,19.083176794873907
Netherlands,2034,9,16.821675503321785
Netherlands,2034,10,13.242657183997835
Netherlands,2034,11,9.15486640799736
Netherlands,2034,12,5.77133606534062
Netherlands,2035,1,4.667336327501289
Netherlands,2035,2,5.044890910227878
Netherlands,2035,3,7.871512664111833
Netherlands,2035,4,11.756503813406198
Netherlands,2035,5,15.555878435069644
Netherlands,2035,6,18.394863448699653
Netherlands,2035,7,19.690399606418396
Netherlands,2035,8,19.173642482685864
Netherlands,2035,9,16.912463464367647
Netherlands,2035,10,13.333950740449836
Netherlands,2035,11,9.24691029205951
Netherlands,2035,12,5.864366882339709
New Caledonia,2025,1,20.78332959526324
New Caledonia,2025,2,21.547673909991317
New Caledonia,2025,3,22.444137046878495
New Caledonia,2025,4,23.388425501708298
New Caledonia,2025,5,24.260887210774854
New Caledonia,2025,6,24.929012540743315
New Caledonia,2025,7,25.269935278564844
New Caledonia,2025,8,25.19293362135886
New Caledonia,2025,9,24.661931166320755
New Caledonia,2025,10,23.717997900615046
New Caledonia,2025,11,22.50185119127218
New Caledonia,2025,12,21.27635677509261
New Caledonia,2026,1,20.821730106673385
New Caledonia,2026,2,21.59261164028885
New Caledonia,2026,3,22.49389181119568
New Caledonia,2026,4,23.441649331024564
New Caledonia,2026,5,24.316534814982333
New Caledonia,2026,6,24.986271771614156
New Caledonia,2026,7,25.32815759281675
New Caledonia,2026,8,25.25156454363332
New Caledonia,2026,9,24.720440752237664
New Caledonia,2026,10,23.775811199769123
New Caledonia,2026,11,22.558278710251216
New Caledonia,2026,12,21.330524940513897
New Caledonia,2027,1,20.86102206286614
New Caledonia,2027,2,21.63861429359622
New Caledonia,2027,3,22.544851605057374
New Caledonia,2027,4,23.49618744223062
New Caledonia,2027,5,24.37357761659314
New Caledonia,2027,6,25.04498129609874
New Caledonia,2027,7,25.387861994976447
New Caledonia,2027,8,25.31168856365639
New Caledonia,2027,9,24.780436178702985
New Caledonia,2027,10,23.8350873327081
New Caledonia,2027,11,22.616132824125998
New Caledonia,2027,12,21.386072747242906
New Caledonia,2028,1,20.90122329337555
New Caledonia,2028,2,21.685700345730766
New Caledonia,2028,3,22.59703549690039
New Caledonia,2028,4,23.55205944260979
New Caledonia,2028,5,24.432035708124204
New Caledonia,2028,6,25.105161638171012
New Caledonia,2028,7,25.44906938677832
New Caledonia,2028,8,25.373326907219052
New Caledonia,2028,9,24.841938941896842
New Caledonia,2028,10,23.89584801224646
New Caledonia,2028,11,22.67543540863062
New Caledonia,2028,12,21.44302218023313
New Caledonia,2029,1,20.942351675458667
New Caledonia,2029,2,21.73388832107321
New Caledonia,2029,3,22.65046260451436
New Caledonia,2029,4,23.6092849896786
New Caledonia,2029,5,24.491929233056908
New Caledonia,2029,6,25.166833373591544
New Caledonia,2029,7,25.511800722572843
New Caledonia,2029,8,25.436500853521466
New Caledonia,2029,9,24.90497059215795
New Caledonia,2029,10,23.958115006201297
New Caledonia,2029,11,22.736208395338508
New Caledonia,2029,12,21.501395281081386
New Caledonia,2030,1,20.984425134186495
New Caledonia,2030,2,21.78319679264405
New Caledonia,2030,3,22.70515209511086
New Caledonia,2030,4,23.667883791146778
New Caledonia,2030,5,24.553278385913472
New Caledonia,2030,6,25.230017129980297
New Caledonia,2030,7,25.57607700934841
New Caledonia,2030,8,25.501231735252986
New Caledonia,2030,9,24.969552734132776
New Caledonia,2030,10,24.02191013746142
New Caledonia,2030,11,22.79847377168062
New Caledonia,2030,12,21.561214148089675
New Caledonia,2031,1,21.027461642516755
New Caledonia,2031,2,21.833644382085367
New Caledonia,2031,3,22.761123185392535
New Caledonia,2031,4,23.72787560505185
New Caledonia,2031,5,24.61610341229698
New Caledonia,2031,6,25.29473358684936
New Caledonia,2031,7,25.641919306818636
New Caledonia,2031,8,25.567540938606726
New Caledonia,2031,9,25.03570702680463
New Caledonia,2031,10,24.087255284071034
New Caledonia,2031,11,22.86225358106185
New Caledonia,2031,12,21.622500936312463
New Caledonia,2032,1,21.07147922125023
New Caledonia,2032,2,21.88524975978089
New Caledonia,2032,3,22.81839514153853
New Caledonia,2032,4,23.789280239671825
New Caledonia,2032,5,24.680424608956855
New Caledonia,2032,6,25.361003475642974
New Caledonia,2032,7,25.709348727426004
New Caledonia,2032,8,25.635449903305016
New Caledonia,2032,9,25.10345518347185
New Caledonia,2032,10,24.154172379204283
New Caledonia,2032,11,22.92756992286104
New Caledonia,2032,12,21.685277857571236
New Caledonia,2033,1,21.116495939179913
New Caledonia,2033,2,21.938031644848706
New Caledonia,2033,3,22.876987279328205
New Caledonia,2033,4,23.852117553736207
New Caledonia,2033,5,24.746262323799783
New Caledonia,2033,6,25.42884757979573
New Caledonia,2033,7,25.778386436421897
New Caledonia,2033,8,25.704980122697634
New Caledonia,2033,9,25.17281897187877
New Caledonia,2033,10,24.22268341131803
New Caledonia,2033,11,22.994444952438243
New Caledonia,2033,12,21.749567180512713
New Caledonia,2034,1,21.16252991307283
New Caledonia,2034,2,21.992008805199475
New Caledonia,2034,3,22.93691896411201
New Caledonia,2034,4,23.91640745632776
New Caledonia,2034,5,24.813636955966103
New Caledonia,2034,6,25.49828673477259
New Caledonia,2034,7,25.84905365186296
New Caledonia,2034,8,25.776153143761803
New Caledonia,2034,9,25.243820214197513
New Caledonia,2034,10,24.29281042405728
New Caledonia,2034,11,23.062900881269343
New Caledonia,2034,12,21.815391230667046
New Caledonia,2035,1,21.209599307702774
New Caledonia,2035,2,22.047200057594637
New Caledonia,2035,3,22.998209610927915
New Caledonia,2035,4,23.98216990700257
New Caledonia,2035,5,24.882568955858915
New Caledonia,2035,6,25.569341828076176
New Caledonia,2035,7,25.921371644705687
New Caledonia,2035,8,25.8489905671604
New Caledonia,2035,9,25.316480787115324
New Caledonia,2035,10,24.36457551640433
New Caledonia,2035,11,23.132959976916936
New Caledonia,2035,12,21.88277239049512
New Zealand,2025,1,4.168505743721653
New Zealand,2025,2,4.4798491876726985
New Zealand,2025,3,7.241176520340559
New Zealand,2025,4,11.069165678532045
New Zealand,2025,5,14.825071630465573
New Zealand,2025,6,17.637227365678882
New Zealand,2025,7,18.92354488494402
New Zealand,2025,8,18.414016190109578
New Zealand,2025,9,16.173214274026577
New Zealand,2025,10,12.622794110492578
New Zealand,2025,11,8.56399364405388
New Zealand,2025,12,5.200134780011467
New Zealand,2026,1,4.231865455069965
New Zealand,2026,2,4.547873583503133
New Zealand,2026,3,7.312011530983909
New Zealand,2026,4,11.141481211926475
New Zealand,2026,5,14.897992035182142
New Zealand,2026,6,17.710261893957977
New Zealand,2026,7,18.996518155659032
New Zealand,2026,8,18.486998651836075
New Zealand,2026,9,16.246452668056918
New Zealand,2026,10,12.696641933835963
New Zealand,2026,11,8.63884161245096
New Zealand,2026,12,5.276341290959863
New Zealand,2027,1,4.296272414755549
New Zealand,2027,2,4.617156926758071
New Zealand,2027,3,7.384280187962759
New Zealand,2027,4,11.21537060782157
New Zealand,2027,5,14.972594553270937
New Zealand,2027,6,17.785057338574006
New Zealand,2027,7,19.071304215268356
New Zealand,2027,8,18.561821362055525
New Zealand,2027,9,16.32153687461414
New Zealand,2027,10,12.772321755627672
New Zealand,2027,11,8.715490904575745
New Zealand,2027,12,5.354304107707321
New Zealand,2028,1,4.361744314167481
New Zealand,2028,2,4.687717622616219
New Zealand,2028,3,7.45800155649431
New Zealand,2028,4,11.29085353776918
New Zealand,2028,5,15.048899408885518
New Zealand,2028,6,17.861634422640236
New Zealand,2028,7,19.147924232133846
New Zealand,2028,8,18.63850588059813
New Zealand,2028,9,16.398488791336604
New Zealand,2028,10,12.849855757624937
New Zealand,2028,11,8.793963932560473
New Zealand,2028,12,5.434045819060884
New Zealand,2029,1,4.42829889186487
New Zealand,2029,2,4.759574124172104
New Zealand,2029,3,7.5331947505519565
New Zealand,2029,4,11.3679497228959
New Zealand,2029,5,15.126926876601829
New Zealand,2029,6,17.940013920470847
New Zealand,2029,7,19.226399426553144
New Zealand,2029,8,18.717073820106634
New Zealand,2029,9,16.477330369475567
New Zealand,2029,10,12.929266175969133
New Zealand,2029,11,8.874283163787368
New Zealand,2029,12,5.515589069852467
New Zealand,2030,1,4.495953933591409
New Zealand,2030,2,4.832744932548849
New Zealand,2030,3,7.609878932919855
New Zealand,2030,4,11.446678933939438
New Zealand,2030,5,15.206697281440029
New Zealand,2030,6,18.02021665760276
New Zealand,2030,7,19.30675107091247
New Zealand,2030,8,18.797546846105433
New Zealand,2030,9,16.558083613967938
New Zealand,2030,10,13.010575301327663
New Zealand,2030,11,8.956471120848619
New Zealand,2030,12,5.598956561040723
New Zealand,2031,1,4.5647272723444985
New Zealand,2031,2,4.907248596945465
New Zealand,2031,3,7.688073315251131
New Zealand,2031,4,11.52706099135412
New Zealand,2031,5,15.28823099886813
New Zealand,2031,6,18.10226351086112
New Zealand,2031,7,19.38900048970845
New Zealand,2031,8,18.879946677004227
New Zealand,2031,9,16.640770583461745
New Zealand,2031,10,13.09380547883211
New Zealand,2031,11,9.04055038176466
New Zealand,2031,12,5.684171049696488
New Zealand,2032,1,4.634636788426178
New Zealand,2032,2,4.983103714651406
New Zealand,2032,3,7.767797158140638
New Zealand,2032,4,11.60911576525632
New Zealand,2032,5,15.371548454911135
New Zealand,2032,6,18.186175408432064
New Zealand,2032,7,19.473169059548127
New Zealand,2032,8,18.964295084167134
New Zealand,2032,9,16.725413390367066
New Zealand,2032,10,13.178979108260137
New Zealand,2032,11,9.126543579867757
New Zealand,2032,12,5.771255349075545
New Zealand,2033,1,4.705700409475867
New Zealand,2033,2,5.060328931079312
New Zealand,2033,3,7.84906977108858
New Zealand,2033,4,11.692863175569983
New Zealand,2033,5,15.456670126132849
New Zealand,2033,6,18.271973329873617
New Zealand,2033,7,19.559278209254444
New Zealand,2033,8,19.05061389196362
New Zealand,2033,9,16.8120342008815
New Zealand,2033,10,13.266118643919071
New Zealand,2033,11,9.21447340395116
New Zealand,2033,12,5.8602323286986575
New Zealand,2034,1,4.77793611051402
New Zealand,2034,2,5.138942939895969
New Zealand,2034,3,7.931910512660579
New Zealand,2034,4,11.778323192033895
New Zealand,2034,5,15.543616539777759
New Zealand,2034,6,18.359678306177557
New Zealand,2034,7,19.64734941988081
New Zealand,2034,8,19.138924977815805
New Zealand,2034,9,16.900655235073827
New Zealand,2034,10,13.355246594831442
New Zealand,2034,11,9.304362598240004
New Zealand,2034,12,5.951124914329739
New Zealand,2035,1,4.851361913996698
New Zealand,2035,2,5.218964482927731
New Zealand,2035,3,8.01633879039673
New Zealand,2035,4,11.865515834194412
New Zealand,2035,5,15.632408273676447
New Zealand,2035,6,18.44931141977304
New Zealand,2035,7,19.737404224740203
New Zealand,2035,8,19.22925027218389
New Zealand,2035,9,16.991298766876753
New Zealand,2035,10,13.44638552469496
New Zealand,2035,11,9.396233962485894
New Zealand,2035,12,6.043956088004961
Nicaragua,2025,1,23.462327119404108
Nicaragua,2025,2,25.07641380471341
Nicaragua,2025,3,26.09770139603006
Nicaragua,2025,4,26.761578620965338
Nicaragua,2025,5,27.20159914170381
Nicaragua,2025,6,27.47198254488194
Nicaragua,2025,7,27.570115331535817
Nicaragua,2025,8,27.459051906943387
Nicaragua,2025,9,27.0900155705649
Nicaragua,2025,10,26.424899505917892
Nicaragua,2025,11,25.45876777047397
Nicaragua,2025,12,24.24235628554834
Nicaragua,2026,1,23.494367263979257
Nicaragua,2026,2,25.115899237492158
Nicaragua,2026,3,26.142860421075056
Nicaragua,2026,4,26.81097571921873
Nicaragua,2026,5,27.254065434005497
Nicaragua,2026,6,27.5265462550351
Nicaragua,2026,7,27.625932249277867
Nicaragua,2026,8,27.515335851007876
Nicaragua,2026,9,27.14596885167066
Nicaragua,2026,10,26.47964338977272
Nicaragua,2026,11,25.511272940829258
Nicaragua,2026,12,24.291373307206413
Nicaragua,2027,1,23.52722600019206
Nicaragua,2027,2,25.15636875338987
Nicaragua,2027,3,26.189136510690332
Nicaragua,2027,4,26.861592870934146
Nicaragua,2027,5,27.30782729355724
Nicaragua,2027,6,27.582456088549407
Nicaragua,2027,7,27.683123406278355
Nicaragua,2027,8,27.573002227404686
Nicaragua,2027,9,27.20329535282235
Nicaragua,2027,10,26.535736393500883
Nicaragua,2027,11,25.56509076042221
Nicaragua,2027,12,24.341656654444705
Nicaragua,2028,1,23.560921144880012
Nicaragua,2028,2,25.197840799509322
Nicaragua,2028,3,26.2365486885692
Nicaragua,2028,4,26.913449622680673
Nicaragua,2028,5,27.36290473610734
Nicaragua,2028,6,27.639732476623067
Nicaragua,2028,7,27.741709595463362
Nicaragua,2028,8,27.63207213712394
Nicaragua,2028,9,27.262016429373944
Nicaragua,2028,10,26.593200073072694
Nicaragua,2028,11,25.620242932131987
Nicaragua,2028,12,24.393228123318295
Nicaragua,2029,1,23.59547056278916
Nicaragua,2029,2,25.2403338716731
Nicaragua,2029,3,26.28511602794333
Nicaragua,2029,4,26.966565571391584
Nicaragua,2029,5,27.419317828532257
Nicaragua,2029,6,27.69839590241554
Nicaragua,2029,7,27.801711662538764
Nicaragua,2029,8,27.692566734706816
Nicaragua,2029,9,27.3221534910017
Nicaragua,2029,10,26.65205603961749
Nicaragua,2029,11,25.67675121479715
Nicaragua,2029,12,24.446109566722043
Nicaragua,2030,1,23.63089216660319
Nicaragua,2030,2,25.28386651452547
Nicaragua,2030,3,26.334857651590028
Nicaragua,2030,4,27.020960364335224
Nicaragua,2030,5,27.477086688909367
Nicaragua,2030,6,27.758466901073007
Nicaragua,2030,7,27.863150506019338
Nicaragua,2030,8,27.754507228329203
Nicaragua,2030,9,27.3837280018206
Nicaragua,2030,10,26.712325959489135
Nicaragua,2030,11,25.734637423339336
Nicaragua,2030,12,24.500322894383316
Nicaragua,2031,1,23.66720391702711
Nicaragua,2031,2,25.328457321434144
Nicaragua,2031,3,26.38579273194864
Nicaragua,2031,4,27.076653699220515
Nicaragua,2031,5,27.536231486516954
Nicaragua,2031,6,27.819966059735634
Nicaragua,2031,7,27.9260470772615
Nicaragua,2031,8,27.817914879812633
Nicaragua,2031,9,27.446761480431633
Nicaragua,2031,10,26.774031554295107
Nicaragua,2031,11,25.79392342870142
Nicaragua,2031,12,24.55589007286926
Nicaragua,2032,1,23.70442382278361
Nicaragua,2032,2,25.37412493465763
Nicaragua,2032,3,26.437940491076915
Nicaragua,2032,4,27.133665324215144
Nicaragua,2032,5,27.59677244193972
Nicaragua,2032,6,27.88291401771221
Nicaragua,2032,7,27.99042238048878
Nicaragua,2032,8,27.882811004660653
Nicaragua,2032,9,27.51127549987814
Nicaragua,2032,10,26.837194600998373
Nicaragua,2032,11,25.854631157978474
Nicaragua,2032,12,24.612833125743236
Nicaragua,2033,1,23.742569940685826
Nicaragua,2033,2,25.4208880453416
Nicaragua,2033,3,26.491320200745577
Nicaragua,2033,4,27.192015038018326
Nicaragua,2033,5,27.658729827061507
Nicaragua,2033,6,27.947331466341893
Nicaragua,2033,7,28.056297472890037
Nicaragua,2033,8,27.949216972124304
Nicaragua,2033,9,27.577291687816796
Nicaragua,2033,10,26.901836931881007
Nicaragua,2033,11,25.916782594432334
Nicaragua,2033,12,24.671174133502973
Nicaragua,2034,1,23.781660375699175
Nicaragua,2034,2,25.468765393580725
Nicaragua,2034,3,26.54595118245288
Nicaragua,2034,4,27.251722689853523
Nicaragua,2034,5,27.72212396512714
Nicaragua,2034,6,28.013239149208857
Nicaragua,2034,7,28.123693464619464
Nicaragua,2034,8,28.01715420527853
Nicaragua,2034,9,27.644831726459415
Nicaragua,2034,10,26.967980434656965
Nicaragua,2034,11,25.980399777506136
Nicaragua,2034,12,24.730935233642413
Nicaragua,2035,1,23.821713280912263
Nicaragua,2035,2,25.51777576845143
Nicaragua,2035,3,26.601852807522846
Nicaragua,2035,4,27.312808179563035
Nicaragua,2035,5,27.78697523078972
Nicaragua,2035,6,28.080657862076805
Nicaragua,2035,7,28.192631518843882
Nicaragua,2035,8,28.086644180974872
Nicaragua,2035,9,27.713917352678436
Nicaragua,2035,10,27.035647052453896
Nicaragua,2035,11,26.045504802929827
Nicaragua,2035,12,24.792138620786318
Niger,2025,1,24.58484290846991
Niger,2025,2,26.899921084675043
Niger,2025,3,28.152953520454503
Niger,2025,4,28.76951280178855
Niger,2025,5,29.034206526253
Niger,2025,6,29.11317829280688
Niger,2025,7,29.07660869184201
Niger,2025,8,28.92121629491976
Niger,2025,9,28.592758644820606
Niger,2025,10,28.00853324531363
Niger,2025,11,27.079878551144247
Niger,2025,12,25.734674957850984
Niger,2026,1,24.61368095731177
Niger,2026,2,26.936805842314243
Niger,2026,3,28.19606802125145
Niger,2026,4,28.817355043408497
Niger,2026,5,29.085519932746138
Niger,2026,6,29.166882177626576
Niger,2026,7,29.131728720844876
Niger,2026,8,28.97681494940207
Niger,2026,9,28.64786568452928
Niger,2026,10,28.06207617146083
Niger,2026,11,27.13061306940017
Niger,2026,12,25.781115441456677
Niger,2027,1,24.64328829247188
Niger,2027,2,26.974620872065316
Niger,2027,3,28.240241777090887
Niger,2027,4,28.86635603767445
Niger,2027,5,29.138064621573903
Niger,2027,6,29.22186542399959
Niger,2027,7,29.188154257587485
Niger,2027,8,29.033725842223248
Niger,2027,9,28.704274795000856
Niger,2027,10,28.116896620104853
Niger,2027,11,27.182588698663494
Niger,2027,12,25.828751278692835
Niger,2028,1,24.673682715213545
Niger,2028,2,27.01338459599083
Niger,2028,3,28.285493777218107
Niger,2028,4,28.9165352872742
Niger,2028,5,29.191860555170024
Niger,2028,6,29.27814840038718
Niger,2028,7,29.245906022840245
Niger,2028,8,29.091969992762643
Niger,2028,9,28.762007240563435
Niger,2028,10,28.17301604674958
Niger,2028,11,27.235827031866393
Niger,2028,12,25.87760414631066
Niger,2029,1,24.704882074719535
Niger,2029,2,27.05311548497866
Niger,2029,3,28.331843060474966
Niger,2029,4,28.96791234531065
Niger,2029,5,29.246927747158225
Niger,2029,6,29.33575152724461
Niger,2029,7,29.305004790200655
Niger,2029,8,29.15156847401613
Niger,2029,9,28.821084339881963
Niger,2029,10,28.23045596213433
Niger,2029,11,27.290349718067773
Niger,2029,12,25.927695777915687
Niger,2030,1,24.736904268233957
Niger,2030,2,27.09383205872018
Niger,2030,3,28.379308715350817
Niger,2030,4,29.020506815298177
Niger,2030,5,29.303286262435904
Niger,2030,6,29.394695277097526
Niger,2030,7,29.365471386140598
Niger,2030,8,29.212542412716175
Niger,2030,9,28.88152746625292
Niger,2030,10,28.289237932288415
Niger,2030,11,27.34617846240235
Niger,2030,12,25.979047964098754
Niger,2031,1,24.76976724109136
Niger,2031,2,27.135552885863035
Niger,2031,3,28.427909880022526
Niger,2031,4,29.07433835134816
Niger,2031,5,29.360956217228704
Niger,2031,6,29.45500017466202
Niger,2031,7,29.427326690100926
Niger,2031,8,29.274912989335462
Niger,2031,9,28.943358047429683
Niger,2031,10,28.349383578625748
Niger,2031,11,27.40333502618978
Niger,2031,12,26.031682552345046
Niger,2032,1,24.80348898673128
Niger,2032,2,27.1782965839202
Niger,2032,3,28.47766574241996
Niger,2032,4,29.129426658008924
Niger,2032,5,29.419957779115975
Niger,2032,6,29.516686796757313
Niger,2032,7,29.490591634440534
Niger,2032,8,29.338701438065073
Niger,2032,9,29.00659756578625
Niger,2032,10,28.41091457794846
Niger,2032,11,27.461841226956494
Niger,2032,12,26.085621447201447
Niger,2033,1,24.838087546785573
Niger,2033,2,27.222081819422783
Niger,2033,3,28.528595540265997
Niger,2033,4,29.185791490505835
Niger,2033,5,29.48031116705988
Niger,2033,6,29.579775772418543
Niger,2033,7,29.55528720458915
Niger,2033,8,29.40392904699638
Niger,2033,9,29.071267558324507
Niger,2033,10,28.47385266249057
Niger,2033,11,27.521718938479353
Niger,2033,12,26.14088661025471
Niger,2034,1,24.873581011063834
Niger,2034,2,27.2669273079091
Niger,2034,3,28.58071856109109
Niger,2034,4,29.24345265467946
Niger,2034,5,29.54203665148907
Niger,2034,6,29.644287782944048
Niger,2034,7,29.621434439010955
Niger,2034,8,29.470617158041023
Niger,2034,9,29.137389616732435
Niger,2034,10,28.53821961999438
Niger,2034,11,27.582990090800195
Niger,2034,12,26.197500060193306
Niger,2035,1,24.9099875176953
Niger,2035,2,27.31285181401563
Niger,2035,3,28.634054142324203
Niger,2035,4,29.30243000703649
Niger,2035,5,29.60515455431323
Niger,2035,6,29.71024356194266
Niger,2035,7,29.68905442925552
Niger,2035,8,29.538787167058217
Niger,2035,9,29.204985387413217
Niger,2035,10,28.604037293703186
Niger,2035,11,27.645676670356806
Niger,2035,12,26.255483872880177
Nigeria,2025,1,24.5561569714273
Nigeria,2025,2,26.847125729968866
Nigeria,2025,3,28.09105894851109
Nigeria,2025,4,28.70762836152153
Nigeria,2025,5,28.97675021271516
Nigeria,2025,6,29.06108624487115
Nigeria,2025,7,29.028544689791488
Nigeria,2025,8,28.874781258154144
Nigeria,2025,9,28.545700129457146
Nigeria,2025,10,27.959954941846263
Nigeria,2025,11,27.031449782102754
Nigeria,2025,12,25.691840175463767
Nigeria,2026,1,24.58508570833237
Nigeria,2026,2,26.884081892160793
Nigeria,2026,3,28.134227135499714
Nigeria,2026,4,28.755508791907232
Nigeria,2026,5,29.028089187156183
Nigeria,2026,6,29.11480660912366
Nigeria,2026,7,29.08367629773511
Nigeria,2026,8,28.930391434788362
Nigeria,2026,9,28.60082413397413
Nigeria,2026,10,28.0135264305909
Nigeria,2026,11,27.082231271601813
Nigeria,2026,12,25.738353505480518
Nigeria,2027,1,24.614785326831225
Nigeria,2027,2,26.92197005880098
Nigeria,2027,3,28.17845643135388
Nigeria,2027,4,28.804549934481656
Nigeria,2027,5,29.080661493529078
Nigeria,2027,6,29.169808458916123
Nigeria,2027,7,29.14011559610026
Nigeria,2027,8,28.98731607549871
Nigeria,2027,9,28.65725246234888
Nigeria,2027,10,28.06837770661241
Nigeria,2027,11,27.134256132857445
Nigeria,2027,12,25.786064430235456
Nigeria,2028,1,24.64527362871104
Nigeria,2028,2,26.96080865283966
Nigeria,2028,3,28.223765826392082
Nigeria,2028,4,28.854771293355043
Nigeria,2028,5,29.134487095988334
Nigeria,2028,6,29.226112164710685
Nigeria,2028,7,29.197883307996563
Nigeria,2028,8,29.045576202258417
Nigeria,2028,9,28.715006381790772
Nigeria,2028,10,28.124530228583353
Nigeria,2028,11,27.18754596232702
Nigeria,2028,12,25.834994630237816
Nigeria,2029,1,24.676568463762123
Nigeria,2029,2,27.000616146023276
Nigeria,2029,3,28.27017436065671
Nigeria,2029,4,28.906192423063658
Nigeria,2029,5,29.189586009903906
Nigeria,2029,6,29.28373814902534
Nigeria,2029,7,29.257000209331636
Nigeria,2029,8,29.105192890697253
Nigeria,2029,9,28.774107213907882
Nigeria,2029,10,28.18200551044447
Nigeria,2029,11,27.242122412525532
Nigeria,2029,12,25.885165842865717
Nigeria,2030,1,24.708687729810663
Nigeria,2030,2,27.041411058923586
Nigeria,2030,3,28.31770112378672
Nigeria,2030,4,28.958832928613447
Nigeria,2030,5,29.24597830194125
Nigeria,2030,6,29.342706886433916
Nigeria,2030,7,29.317487128909306
Nigeria,2030,8,29.16618727014884
Nigeria,2030,9,28.83457633484886
Nigeria,2030,10,28.2408251214556
Nigeria,2030,11,27.298007192101977
Nigeria,2030,12,25.936599862497133
Nigeria,2031,1,24.741649372711436
Nigeria,2031,2,27.083211960995868
Nigeria,2031,3,28.366365255094024
Nigeria,2031,4,29.0127124655055
Nigeria,2031,5,29.30368409001403
Nigeria,2031,6,29.403038903624292
Nigeria,2031,7,29.379364948473267
Nigeria,2031,8,29.228580523683377
Nigeria,2031,9,28.89643517530658
Nigeria,2031,10,28.301010686162954
Nigeria,2031,11,27.355222065832095
Nigeria,2031,12,25.989318540404383
Nigeria,2032,1,24.77547138650789
Nigeria,2032,2,27.126037470640767
Nigeria,2032,3,28.416185943672644
Nigeria,2032,4,29.067850739743335
Nigeria,2032,5,29.362723543418724
Nigeria,2032,6,29.464754779431132
Nigeria,2032,7,29.44265460268889
Nigeria,2032,8,29.292393888104016
Nigeria,2032,9,28.959705220507203
Nigeria,2032,10,28.362583884588275
Nigeria,2032,11,27.413788854702034
Nigeria,2032,12,26.043343784877834
Nigeria,2033,1,24.810171813363013
Nigeria,2033,2,27.169906255258866
Nigeria,2033,3,28.46718242836232
Nigeria,2033,4,29.124267508003868
Nigeria,2033,5,29.42311688288919
Nigeria,2033,6,29.527875144952304
Nigeria,2033,7,29.507377079306934
Nigeria,2033,8,29.357648654092372
Nigeria,2033,9,29.024408010392108
Nigeria,2033,10,28.42556645214154
Nigeria,2033,11,27.473729436010217
Nigeria,2033,12,26.09869756128046
Nigeria,2034,1,24.845768743657572
Nigeria,2034,2,27.214837031203388
Nigeria,2034,3,28.51937399786857
Nigeria,2034,4,29.181982577535564
Nigeria,2034,5,29.484884380545736
Nigeria,2034,6,29.592420683472483
Nigeria,2034,7,29.57355341907987
Nigeria,2034,8,29.42436616617215
Nigeria,2034,9,29.090565139508726
Nigeria,2034,10,28.48998017973372
Nigeria,2034,11,27.53506574324365
Nigeria,2034,12,26.15540189208059
Nigeria,2035,1,24.882280316070137
Nigeria,2035,2,27.260848563954823
Nigeria,2035,3,28.57277999071175
Nigeria,2035,4,29.241015806278483
Nigeria,2035,5,29.548046360033368
Nigeria,2035,6,29.658412130630495
Nigeria,2035,7,29.641204715892854
Nigeria,2035,8,29.492567822763704
Nigeria,2035,9,29.158198257148797
Nigeria,2035,10,28.555846913791356
Nigeria,2035,11,27.597819766296197
Nigeria,2035,12,26.213478856870097
North Korea,2025,1,-1.165683710128178
North Korea,2025,2,-0.5412559646747468
North Korea,2025,3,3.0719245809495987
North Korea,2025,4,7.927811761711382
North Korea,2025,5,12.606177681286681
North Korea,2025,6,16.035113701939736
North Korea,2025,7,17.513531434445213
North Korea,2025,8,16.733663727930434
North Korea,2025,9,13.803565659830383
North Korea,2025,10,9.269615525773588
North Korea,2025,11,4.139015829438904
North Korea,2025,12,-0.09770572748584527
North Korea,2026,1,-1.0991983617559526
North Korea,2026,2,-0.4699309224661192
North Korea,2026,3,3.146090245682899
North Korea,2026,4,8.00338699869917
North Korea,2026,5,12.682229924238527
North Korea,2026,6,16.111139331621416
North Korea,2026,7,17.58938624165694
North Korea,2026,8,16.80949337657239
North Korea,2026,9,13.879736149895507
North Korea,2026,10,9.346643656343986
North Korea,2026,11,4.217499661736838
North Korea,2026,12,-0.017156407083348313
North Korea,2027,1,-1.031666329264226
North Korea,2027,2,-0.39733501647697267
North Korea,2027,3,3.2217129006539835
North Korea,2027,4,8.080569816535899
North Korea,2027,5,12.76000732032935
North Korea,2027,6,16.18897718581229
North Korea,2027,7,17.66711236127685
North Korea,2027,8,16.88722795949161
North Korea,2027,9,13.957822247485637
North Korea,2027,10,9.42557763656896
North Korea,2027,11,4.297861672116596
North Korea,2027,12,0.06522802356357715
North Korea,2028,1,-0.9630700193256416
North Korea,2028,2,-0.32344992002163053
North Korea,2028,3,3.298811552137522
North Korea,2028,4,8.159379847465061
North Korea,2028,5,12.839530074002141
North Korea,2028,6,16.268647987436452
North Korea,2028,7,17.746730981046312
North Korea,2028,8,16.9668890754956
North Korea,2028,9,14.037845908846975
North Korea,2028,10,9.50643972634225
North Korea,2028,11,4.380124370433805
North Korea,2028,12,0.1494702705358577
North Korea,2029,1,-0.8933917915737766
North Korea,2029,2,-0.2482572586113747
North Korea,2029,3,3.3774052550916167
North Korea,2029,4,8.239836773130264
North Korea,2029,5,12.920818439925824
North Korea,2029,6,16.350172510509765
North Korea,2029,7,17.82826334053334
North Korea,2029,8,17.048498376084353
North Korea,2029,9,14.119829143605784
North Korea,2029,10,9.589252239818052
North Korea,2029,11,4.4643103215939846
North Korea,2029,12,0.2355930958119643
North Korea,2030,1,-0.822613958635884
North Korea,2030,2,-0.17173860991078982
North Korea,2030,3,3.4575131130595764
North Korea,2030,4,8.321960324651627
North Korea,2030,5,13.00389272303164
North Korea,2030,6,16.433571580070748
North Korea,2030,7,17.91173073122718
North Korea,2030,8,17.132077565413965
North Korea,2030,9,14.203794014961204
North Korea,2030,10,9.674037545440115
North Korea,2030,11,4.550442145618035
North Korea,2030,12,0.3236193173333959
North Korea,2031,1,-0.7507187860601334
North Korea,2031,2,-0.09387550371229736
North Korea,2031,3,3.5391542783227123
North Korea,2031,4,8.405770282614867
North Korea,2031,5,13.088773278564076
North Korea,2031,6,16.518866072282435
North Korea,2031,7,17.997154496487383
North Korea,2031,8,17.21764840038759
North Korea,2031,9,14.289762639579749
North Korea,2031,10,9.760818065978128
North Korea,2031,11,4.638542517685892
North Korea,2031,12,0.4135718089173679
North Korea,2032,1,-0.6776884922828685
North Korea,2032,2,-0.014649421881586022
North Korea,2032,3,3.62234795186032
North Korea,2032,4,8.4912864771768
North Korea,2032,5,13.17548051210997
North Korea,2032,6,16.60607691446876
North Korea,2032,7,18.084556031678403
North Korea,2032,8,17.305232690659068
North Korea,2032,9,14.377757187759016
North Korea,2032,10,9.84961627865141
North Korea,2032,11,4.7286341682129205
North Korea,2032,12,0.5054735004387112
North Korea,2033,1,-0.6035052485558481
North Korea,2033,2,0.06595820170423394
North Korea,2033,3,3.707113383477008
North Korea,2033,4,8.578528788061703
North Korea,2033,5,13.264034879660358
North Korea,2033,6,16.695225085165475
North Korea,2033,7,18.173956784165966
North Korea,2033,8,17.39485229872389
North Korea,2033,9,14.467799883402222
North Korea,2033,10,9.9404547150707
North Korea,2033,11,4.820739882809903
North Korea,2033,12,0.5993473778335101
North Korea,2034,1,-0.5281511789426077
North Korea,2034,2,0.1479659811602687
North Korea,2034,3,3.7934698717444917
North Korea,2034,4,8.667517144666817
North Korea,2034,5,13.354456887639572
North Korea,2034,6,16.786331614163828
North Korea,2034,7,18.265378253368
North Korea,2034,8,17.48652913996648
North Korea,2034,9,14.5599130041237
North Korea,2034,10,10.033355961332745
North Korea,2034,11,4.914882502366709
North Korea,2034,12,0.6952164831209302
North Korea,2035,1,-0.45160836023114825
North Korea,2035,2,0.23139257868479035
North Korea,2035,3,3.8814367641653007
North Korea,2035,4,8.758271526022327
North Korea,2035,5,13.446767092978007
North Korea,2035,6,16.87941758251418
North Korea,2035,7,18.358841990831024
North Korea,2035,8,17.580285182642
North Korea,2035,9,14.654118881208888
North Korea,2035,10,10.128342658093061
North Korea,2035,11,5.011084923172348
North Korea,2035,12,0.793103914465064
North Macedonia,2025,1,4.960080892692531
North Macedonia,2025,2,5.230414038594063
North Macedonia,2025,3,7.867558111091967
North Macedonia,2025,4,11.54270330561576
North Macedonia,2025,5,15.159530337100477
North Macedonia,2025,6,17.87671142997442
North Macedonia,2025,7,19.13041130803049
North Macedonia,2025,8,18.656788184290235
North Macedonia,2025,9,16.514494750940685
North Macedonia,2025,10,13.107179169227493
North Macedonia,2025,11,9.205986059329916
North Macedonia,2025,12,5.97205749027944
North Macedonia,2026,1,5.022754093352887
North Macedonia,2026,2,5.297756587741787
North Macedonia,2026,3,7.937733430852859
North Macedonia,2026,4,11.61439224321748
North Macedonia,2026,5,15.231861627967191
North Macedonia,2026,6,17.949192160686835
North Macedonia,2026,7,19.202857379358647
North Macedonia,2026,8,18.729254774219044
North Macedonia,2026,9,16.587206777717256
North Macedonia,2026,10,13.180461754321186
North Macedonia,2026,11,9.280194990486962
North Macedonia,2026,12,6.047509684533907
North Macedonia,2027,1,5.086472864070856
North Macedonia,2027,2,5.366354602651882
North Macedonia,2027,3,8.00933726853782
North Macedonia,2027,4,11.687648424843246
North Macedonia,2027,5,15.305867080297503
North Macedonia,2027,6,18.023424679097843
North Macedonia,2027,7,19.27710609087535
North Macedonia,2027,8,18.80355060052625
North Macedonia,2027,9,16.661752898141458
North Macedonia,2027,10,13.255564068925196
North Macedonia,2027,11,9.356192583019038
North Macedonia,2027,12,6.124705285471464
North Macedonia,2028,1,5.151254908579176
North Macedonia,2028,2,5.436226497899952
North Macedonia,2028,3,8.08238869586512
North Macedonia,2028,4,11.76249152562832
North Macedonia,2028,5,15.38156691896529
North Macedonia,2028,6,18.099429706116098
North Macedonia,2028,7,19.353178605787434
North Macedonia,2028,8,18.879697214983935
North Macedonia,2028,9,16.738154998923164
North Macedonia,2028,10,13.332508280899674
North Macedonia,2028,11,9.434001232265473
North Macedonia,2028,12,6.203666862217688
North Macedonia,2029,1,5.217117977820635
North Macedonia,2029,2,5.507390736072011
North Macedonia,2029,3,8.15690683338562
North Macedonia,2029,4,11.838941270373653
North Macedonia,2029,5,15.458981419259544
North Macedonia,2029,6,18.177228013847525
North Macedonia,2029,7,19.4310961393212
North Macedonia,2029,8,18.957716222249474
North Macedonia,2029,9,16.81643502037423
North Macedonia,2029,10,13.411316612601695
North Macedonia,2029,11,9.513643388855598
North Macedonia,2029,12,6.284417039941218
North Macedonia,2030,1,5.284079869955349
North Macedonia,2030,2,5.579865827793583
North Macedonia,2030,3,8.23291085046094
North Macedonia,2030,4,11.917017433476758
North Macedonia,2030,5,15.53813090697895
North Macedonia,2030,6,18.25684042570083
North Macedonia,2030,7,19.510879958816986
North Macedonia,2030,8,19.03762927984735
North Macedonia,2030,9,16.896614956564918
North Macedonia,2030,10,13.49201134085979
North Macedonia,2030,11,9.595141558705109
North Macedonia,2030,12,6.366978499977449
North Macedonia,2031,1,5.352158430415329
North Macedonia,2031,2,5.653670331787907
North Macedonia,2031,3,8.31041996537624
North Macedonia,2031,4,11.996739839062684
North Macedonia,2031,5,15.619035758366408
North Macedonia,2031,6,18.33828781637294
North Macedonia,2031,7,19.592551383700084
North Macedonia,2031,8,19.119458098252835
North Macedonia,2031,9,16.97871685525479
North Macedonia,2031,10,13.574614797064896
North Macedonia,2031,11,9.678518303121564
North Macedonia,2031,12,6.451373979806704
North Macedonia,2032,1,5.421371551966331
North Macedonia,2032,2,5.7288228548577536
North Macedonia,2032,3,8.389453445329309
North Macedonia,2032,4,12.078128361013114
North Macedonia,2032,5,15.701716400258192
North Macedonia,2032,6,18.421591111972702
North Macedonia,2032,7,19.676131785593498
North Macedonia,2032,8,19.203224440910162
North Macedonia,2032,9,17.062762818027295
North Macedonia,2032,10,13.659149367199461
North Macedonia,2032,11,9.763796238793475
North Macedonia,2032,12,6.537626273105161
North Macedonia,2033,1,5.491737174718764
North Macedonia,2033,2,5.805342052038213
North Macedonia,2033,3,8.470030606506953
North Macedonia,2033,4,12.161202922991833
North Macedonia,2033,5,15.786193310073031
North Macedonia,2033,6,18.506771289933567
North Macedonia,2033,7,19.76164258831068
North Macedonia,2033,8,19.288950124283474
North Macedonia,2033,9,17.148775000275236
North Macedonia,2033,10,13.745637491892012
North Macedonia,2033,11,9.850998037837599
North Macedonia,2033,12,6.625758229832172
North Macedonia,2034,1,5.563273286218646
North Macedonia,2034,2,5.883246626553046
North Macedonia,2034,3,8.552170814135934
North Macedonia,2034,4,12.245983498488386
North Macedonia,2034,5,15.872487015877596
North Macedonia,2034,6,18.59384937922823
North Macedonia,2034,7,19.849105267942832
North Macedonia,2034,8,19.376657017904108
North Macedonia,2034,9,17.2367756112626
North Macedonia,2034,10,13.83410166642443
North Macedonia,2034,11,9.940146427904438
North Macedonia,2034,12,6.715792756204792
North Macedonia,2035,1,5.635997921443959
North Macedonia,2035,2,5.962555329901988
North Macedonia,2035,3,8.635893482490246
North Macedonia,2035,4,12.332490110869003
North Macedonia,2035,5,15.960618096441067
North Macedonia,2035,6,18.68284646023767
North Macedonia,2035,7,19.938541352888024
North Macedonia,2035,8,19.46636704440698
North Macedonia,2035,9,17.326786914200966
North Macedonia,2035,10,13.92456444085201
North Macedonia,2035,11,10.031264192141862
North Macedonia,2035,12,6.8077528148396595
Norway,2025,1,-11.20524273668616
Norway,2025,2,-10.121798119124833
Norway,2025,3,-5.0408698494347846
Norway,2025,4,1.6076315087893818
Norway,2025,5,7.876868208882115
Norway,2025,6,12.325576310912766
Norway,2025,7,14.040566671706074
Norway,2025,8,12.659225934622555
Norway,2025,9,8.39201751953533
Norway,2025,10,2.0449826126832704
Norway,2025,11,-4.957758843403099
Norway,2025,12,-10.551507160019355
Norway,2026,1,-11.140944650312122
Norway,2026,2,-10.051204974776738
Norway,2026,3,-4.9663970634746875
Norway,2026,4,1.6842217935600274
Norway,2026,5,7.954397586186133
Norway,2026,6,12.403380574128278
Norway,2026,7,14.118426276764694
Norway,2026,8,12.737296463118582
Norway,2026,9,8.470760141711253
Norway,2026,10,2.1250945504334595
Norway,2026,11,-4.875413853485043
Norway,2026,12,-10.465968403644183
Norway,2027,1,-11.07565963484285
Norway,2027,2,-9.979374789097164
Norway,2027,3,-4.890477215528335
Norway,2027,4,1.7624315868242775
Norway,2027,5,8.033683861839563
Norway,2027,6,12.48304658626239
Norway,2027,7,14.198222459534918
Norway,2027,8,12.817350893747971
Norway,2027,9,8.551509003505089
Norway,2027,10,2.2072125958266042
Norway,2027,11,-4.791082839949922
Norway,2027,12,-10.378481142265628
Norway,2028,1,-11.00937036070809
Norway,2028,2,-9.90628946130073
Norway,2028,3,-4.8130914873063375
Norway,2028,4,1.8422803706898776
Norway,2028,5,8.114747128039198
Norway,2028,6,12.564594995915286
Norway,2028,7,14.279976371301927
Norway,2028,8,12.899410826791609
Norway,2028,9,8.634286100482313
Norway,2028,10,2.2913590859725446
Norway,2028,11,-4.7047431778401005
Norway,2028,12,-10.289022516807563
Norway,2029,1,-10.942059451695059
Norway,2029,2,-9.831930843166447
Norway,2029,3,-4.734221012239686
Norway,2029,4,1.9237876763590975
Norway,2029,5,8.197607526869433
Norway,2029,6,12.64804650241149
Norway,2029,7,14.36370921487196
Norway,2029,8,12.983497914782674
Norway,2029,9,8.719113481271961
Norway,2029,10,2.3775564118777766
Norway,2029,11,-4.616372187471825
Norway,2029,12,-10.197569612598272
Norway,2030,1,-10.873709484926621
Norway,2030,2,-9.756280738939495
Norway,2030,3,-4.653846875450654
Norway,2030,4,2.006973084117817
Norway,2030,5,8.282285250364112
Norway,2030,6,12.73342185574893
Norway,2030,7,14.449442244546844
Norway,2030,8,13.069633862681258
Norway,2030,9,8.80601324768304
Norway,2030,10,2.4658270185436777
Norway,2030,11,-4.525947134380658
Norway,2030,12,-10.104099459432291
Norway,2031,1,-10.804302990759425
Norway,2031,2,-9.679320905331224
Norway,2031,3,-4.571950113716412
Norway,2031,4,2.0918562234373894
Norway,2031,5,8.368800540502889
Norway,2031,6,12.820741856751738
Norway,2031,7,14.537196766247689
Norway,2031,8,13.15784042778705
Norway,2031,9,8.895007554740914
Norway,2031,10,2.556193404959231
Norway,2031,11,-4.433445229285098
Norway,2031,12,-10.008589031439442
Norway,2032,1,-10.733822452772984
Norway,2032,2,-9.601033051482773
Norway,2032,3,-4.488511715418099
Norway,2032,4,2.1784567729819173
Norway,2032,5,8.457173689291267
Norway,2032,6,12.910027357037507
Norway,2032,7,14.626994137547626
Norway,2032,8,13.24813941987395
Norway,2032,9,8.986118610701851
Norway,2032,10,2.6486781241846984
Norway,2032,11,-4.338843628057475
Norway,2032,12,-9.911015247124851
Norway,2033,1,-10.662250307722388
Norway,2033,2,-9.521398838870482
Norway,2033,3,-4.403512620478978
Norway,2033,4,2.2667944606591846
Norway,2033,5,8.547425038782421
Norway,2033,6,13.001299259108237
Norway,2033,7,14.718855767649984
Norway,2033,8,13.340552701175511
Norway,2033,9,9.079368677111233
Norway,2033,10,2.7433037833952767
Norway,2033,11,-4.242119431633
Norway,2033,12,-9.81135496925981
Norway,2034,1,-10.589568945501924
Norway,2034,2,-9.440399881316807
Norway,2034,3,-4.316933720338966
Norway,2034,4,2.3568890636970536
Norway,2034,5,8.639574981160877
Norway,2034,6,13.094578516368529
Norway,2034,7,14.812803117479234
Norway,2034,8,13.43510218645406
Norway,2034,9,9.174780068861764
Norway,2034,10,2.8400930438447176
Norway,2034,11,-4.143249686031595
Norway,2034,12,-9.709585004801738
Norway,2035,1,-10.515760709075948
Norway,2035,2,-9.35801774489937
Norway,2035,3,-4.228755857936449
Norway,2035,4,2.44876040863619
Norway,2035,5,8.733643958713401
Norway,2035,6,13.189886133172877
Norway,2035,7,14.908857699779219
Norway,2035,8,13.531809843066185
Norway,2035,9,9.27237515422621
Norway,2035,10,2.939068621043589
Norway,2035,11,-4.0422113822342
Norway,2035,12,-9.605682105006963
Oman,2025,1,24.92646568993314
Oman,2025,2,27.577724291831146
Oman,2025,3,28.964113889455803
Oman,2025,4,29.589827745797265
Oman,2025,5,29.802006994938893
Oman,2025,6,29.813241631954043
Oman,2025,7,29.724071502846527
Oman,2025,8,29.54548729439648
Oman,2025,9,29.22143152406079
Oman,2025,10,28.6512995299463
Oman,2025,11,27.712440460597463
Oman,2025,12,26.282658264940437
Oman,2026,1,24.954155526732393
Oman,2026,2,27.61372137354283
Oman,2026,3,29.006579425674317
Oman,2026,4,29.637229188160745
Oman,2026,5,29.853048500125624
Oman,2026,6,29.86679452469707
Oman,2026,7,29.779104738922797
Oman,2026,8,29.600997923714203
Oman,2026,9,29.276375153655863
Oman,2026,10,28.70452078696053
Oman,2026,11,27.762603455293174
Oman,2026,12,26.32817705380603
Oman,2027,1,24.982592999801454
Oman,2027,2,27.650625266903262
Oman,2027,3,29.050079154681043
Oman,2027,4,29.68576292760281
Oman,2027,5,29.9052936472699
Oman,2027,6,29.9215981623247
Oman,2027,7,29.83541409834379
Oman,2027,8,29.65779084774931
Oman,2027,9,29.332590559680284
Oman,2027,10,28.758989129907604
Oman,2027,11,27.813977190759942
Oman,2027,12,26.374861100929593
Oman,2028,1,25.01179590218544
Oman,2028,2,27.68845438198059
Oman,2028,3,29.094632049779648
Oman,2028,4,29.735448446987903
Oman,2028,5,29.958762375107653
Oman,2028,6,29.977672885740503
Oman,2028,7,29.893020270411398
Oman,2028,8,29.715887050519996
Oman,2028,9,29.39009896720472
Oman,2028,10,28.814725971246844
Oman,2028,11,27.866583213018203
Oman,2028,12,26.422732032254316
Oman,2029,1,25.04178207496534
Oman,2029,2,27.727227177595523
Oman,2029,3,29.140257133906744
Oman,2029,4,29.7863052796356
Oman,2029,5,30.013474673637575
Oman,2029,6,30.03503908789662
Oman,2029,7,29.951943997341914
Oman,2029,8,29.77530756978831
Oman,2029,9,29.44892165582587
Oman,2029,10,28.87175277868755
Oman,2029,11,27.920443124204212
Oman,2029,12,26.47181153060319
Oman,2030,1,25.07256940728348
Oman,2030,2,27.766962161517768
Oman,2030,3,29.186973479711924
Oman,2030,4,29.838353009360617
Oman,2030,5,30.069450584139304
Oman,2030,6,30.093717213848322
Oman,2030,7,30.01220607425512
Oman,2030,8,29.836073497049256
Oman,2030,9,29.509079959677365
Oman,2030,10,28.9300910752836
Oman,2030,11,27.975578582602793
Oman,2030,12,26.522121335831798
Oman,2031,1,25.10417583633989
Oman,2031,2,27.80767789039328
Oman,2031,3,29.234800209535933
Oman,2031,4,29.891611270516478
Oman,2031,5,30.126710199257104
Oman,2031,6,30.153727760812217
Oman,2031,7,30.073827349254316
Oman,2031,8,29.89820597752714
Oman,2031,9,29.570595267444332
Oman,2031,10,28.989762439466176
Oman,2031,11,28.03201130268735
Oman,2031,12,26.57368324471554
Oman,2032,1,25.136619347617852
Oman,2032,2,27.849392969857035
Oman,2032,3,29.283756495538
Oman,2032,4,29.94609974805371
Oman,2032,5,30.185273663028966
Oman,2032,6,30.21509127821355
Oman,2032,7,30.136828723404506
Oman,2032,8,29.961726210299275
Oman,2032,9,29.633489022461617
Oman,2032,10,29.05078850513837
Oman,2032,11,28.089763055221738
Oman,2032,12,26.626519111120615
Oman,2033,1,25.169917974698365
Oman,2033,2,27.89212605454759
Oman,2033,3,29.333861559670368
Oman,2033,4,30.001838177527134
Oman,2033,5,30.24516117091207
Oman,2033,6,30.27782836769711
Oman,2033,7,30.201231150859712
Oman,2033,8,30.026655448281417
Oman,2033,9,29.697782722695592
Oman,2033,10,29.113190961613327
Oman,2033,11,28.148855667162024
Oman,2033,12,26.680650845985838
Oman,2034,1,25.20408979943477
Oman,2034,2,27.93589584815436
Oman,2034,3,29.385134673714674
Oman,2034,4,30.05884634519407
Oman,2034,5,30.30639296985919
Oman,2034,6,30.341959683232744
Oman,2034,7,30.267055638862985
Oman,2034,8,30.093014998278704
Oman,2034,9,29.763497920878763
Oman,2034,10,29.176991553796142
Oman,2034,11,28.209311021852955
Oman,2034,12,26.736100417406305
Oman,2035,1,25.23915295201823
Oman,2035,2,27.980721103508586
Oman,2035,3,29.43759515947113
Oman,2035,4,30.117144087981615
Oman,2035,5,30.36898935834415
Oman,2035,6,30.407505931071682
Oman,2035,7,30.33432324779733
Oman,2035,8,30.160826221105708
Oman,2035,9,29.83065622445156
Oman,2035,10,29.242212082103833
Oman,2035,11,28.271151059020667
Oman,2035,12,26.79288985065159
Pakistan,2025,1,18.468833811381955
Pakistan,2025,2,18.858744221893176
Pakistan,2025,3,19.840007370407875
Pakistan,2025,4,21.106965996595136
Pakistan,2025,5,22.365168283530693
Pakistan,2025,6,23.353868847568265
Pakistan,2025,7,23.86852972829456
Pakistan,2025,8,23.783321378291475
Pakistan,2025,9,23.073623653203867
Pakistan,2025,10,21.838526801519947
Pakistan,2025,11,20.32333245452628
Pakistan,2025,12,18.94205461614274
Pakistan,2026,1,18.51202620350614
Pakistan,2026,2,18.907931159233158
Pakistan,2026,3,19.89348570828679
Pakistan,2026,4,21.163430049990893
Pakistan,2026,5,22.42364029010514
Pakistan,2026,6,23.41362943067088
Pakistan,2026,7,23.92904835995523
Pakistan,2026,8,23.844186842307863
Pakistan,2026,9,23.13447450809781
Pakistan,2026,10,21.89898184359936
Pakistan,2026,11,20.38292118085974
Pakistan,2026,12,19.000147687639583
Pakistan,2027,1,18.556152884994844
Pakistan,2027,2,18.958231707595587
Pakistan,2027,3,19.948223003623752
Pakistan,2027,4,21.22126694949202
Pakistan,2027,5,22.483570091059846
Pakistan,2027,6,23.474906333519357
Pakistan,2027,7,23.991117931292138
Pakistan,2027,8,23.90661647790057
Pakistan,2027,9,23.196883895893734
Pakistan,2027,10,21.960973426744204
Pakistan,2027,11,20.444010620755762
Pakistan,2027,12,19.05969432690199
Pakistan,2028,1,18.601231683872356
Pakistan,2028,2,19.009664352533036
Pakistan,2028,3,20.004238345763042
Pakistan,2028,4,21.28049633453429
Pakistan,2028,5,22.544977822250985
Pakistan,2028,6,23.537720134690062
Pakistan,2028,7,24.05475940985798
Pakistan,2028,8,23.97063158788751
Pakistan,2028,9,23.260873400970922
Pakistan,2028,10,22.02452336321676
Pakistan,2028,11,20.50662276060484
Pakistan,2028,12,19.1207166407994
Pakistan,2029,1,18.647280475776824
Pakistan,2029,2,19.062247628005025
Pakistan,2029,3,20.06155087332536
Pakistan,2029,4,21.341137894663007
Pakistan,2029,5,22.607883670451884
Pakistan,2029,6,23.60209146444049
Pakistan,2029,7,24.11999381570513
Pakistan,2029,8,24.036253528423003
Pakistan,2029,9,23.32646466184906
Pakistan,2029,10,22.089653520216416
Pakistan,2029,11,20.570779642582238
Pakistan,2029,12,19.183236792731805
Pakistan,2030,1,18.694317184073043
Pakistan,2030,2,19.1160001165199
Pakistan,2030,3,20.120179774226017
Pakistan,2030,4,21.403211369514793
Pakistan,2030,5,22.672307873287536
Pakistan,2030,6,23.66804100474201
Pakistan,2030,7,24.186842221411098
Pakistan,2030,8,24.103503708972312
Pakistan,2030,9,23.39367937121733
Pakistan,2030,10,22.156385819883326
Pakistan,2030,11,20.63650336458977
Pakistan,2030,12,19.247277002698866
Pakistan,2031,1,18.74235977988883
Pakistan,2031,2,19.17094044917485
Pakistan,2031,3,20.180144285791357
Pakistan,2031,4,21.46673654899587
Pakistan,2031,5,22.738270719489265
Pakistan,2031,6,23.7355894893999
Pakistan,2031,7,24.25532575219495
Pakistan,2031,8,24.172403592478986
Pakistan,2031,9,23.462539275970812
Pakistan,2031,10,22.22474223941117
Pakistan,2031,11,20.703816080412253
Pakistan,2031,12,19.312859547347216
Pakistan,2032,1,18.791426282115026
Pakistan,2032,2,19.227087305601344
Pakistan,2032,3,20.241463694762388
Pakistan,2032,4,21.53173327311106
Pakistan,2032,5,22.805792548712816
Pakistan,2032,6,23.80475770404246
Pakistan,2032,7,24.325465585888196
Pakistan,2032,8,24.242974695263
Pakistan,2032,9,23.533066177272303
Pakistan,2032,10,22.294744811068995
Pakistan,2032,11,20.77273999969566
Pakistan,2032,12,19.38000675998137
Pakistan,2033,1,18.84153475752555
Pakistan,2033,2,19.284459414143384
Pakistan,2033,3,20.304157337294782
Pakistan,2033,4,21.59822143222209
Pakistan,2033,5,22.874893751774835
Pakistan,2033,6,23.875566486179196
Pakistan,2033,7,24.397282953054855
Pakistan,2033,8,24.31523858719538
Pakistan,2033,9,23.605281930595993
Pakistan,2033,10,22.36641562222667
Pakistan,2033,11,20.843297388008978
Pakistan,2033,12,19.448741030672863
Pakistan,2034,1,18.89270332074466
Pakistan,2034,2,19.343075551817492
Pakistan,2034,3,20.368244599082573
Pakistan,2034,4,21.666220966971196
Pakistan,2034,5,22.945594770550997
Pakistan,2034,6,23.948036725262682
Pakistan,2034,7,24.470799136951427
Pakistan,2034,8,24.38921689169456
Pakistan,2034,9,23.679208445760196
Pakistan,2034,10,22.43977681540946
Pakistan,2034,11,20.915510566880585
Pakistan,2034,12,19.519084806271167
Pakistan,2035,1,18.94495013436699
Pakistan,2035,2,19.402954544370914
Pakistan,2035,3,20.43374491535087
Pakistan,2035,4,21.735751868372063
Pakistan,2035,5,23.017916098092428
Pakistan,2035,6,24.022189362681274
Pakistan,2035,7,24.54603547363604
Pakistan,2035,8,24.46493128574093
Pakistan,2035,9,23.754867686981925
Pakistan,2035,10,22.514850588348963
Pakistan,2035,11,20.989401913878282
Pakistan,2035,12,19.59106059039277
Palestine,2025,1,18.01183592673351
Palestine,2025,2,18.350154644857867
Palestine,2025,3,19.360451176199604
Palestine,2025,4,20.69652798154948
Palestine,2025,5,22.031969020926226
Palestine,2025,6,23.08264074340059
Palestine,2025,7,23.629193077101263
Palestine,2025,8,23.539560419020745
Palestine,2025,9,22.791462624977612
Palestine,2025,10,21.494905999484217
Palestine,2025,11,19.914684285578005
Palestine,2025,12,18.49287965491476
Palestine,2026,1,18.055917826132827
Palestine,2026,2,18.40014011785479
Palestine,2026,3,19.414638505889343
Palestine,2026,4,20.753617560018938
Palestine,2026,5,22.090993812272245
Palestine,2026,6,23.14289674678821
Palestine,2026,7,23.690169789716492
Palestine,2026,8,23.600871299147002
Palestine,2026,9,22.852775554984873
Palestine,2026,10,21.55587374882907
Palestine,2026,11,19.974874973898295
Palestine,2026,12,18.55170721495324
Palestine,2027,1,18.100941170051556
Palestine,2027,2,18.451247455636803
Palestine,2027,3,19.47009403422726
Palestine,2027,4,20.812090102049297
Palestine,2027,5,22.15148728060467
Palestine,2027,6,23.204680606469083
Palestine,2027,7,23.7527095213527
Palestine,2027,8,23.66375886181868
Palestine,2027,9,22.91565984929639
Palestine,2027,10,21.61839107999276
Palestine,2027,11,20.036579514654477
Palestine,2027,12,18.61200146863939
Palestine,2028,1,18.146923785320723
Palestine,2028,2,18.503495144600492
Palestine,2028,3,19.526836853493478
Palestine,2028,4,20.87196525212221
Palestine,2028,5,22.213469568819164
Palestine,2028,6,23.268012910180005
Palestine,2028,7,23.816833250756645
Palestine,2028,8,23.72824442312867
Palestine,2028,9,22.98013710770192
Palestine,2028,10,21.6824798226271
Palestine,2028,11,20.099819913729334
Palestine,2028,12,18.673784544346745
Palestine,2029,1,18.193883546312463
Palestine,2029,2,18.5569017195603
Palestine,2029,3,19.584886105211808
Palestine,2029,4,20.933262704686967
Palestine,2029,5,22.27696087072127
Palestine,2029,6,23.332914297211573
Palestine,2029,7,23.88256200912383
Palestine,2029,8,23.79434935242989
Palestine,2029,9,23.046228983938818
Palestine,2029,10,21.748161861281005
Palestine,2029,11,20.164618232670364
Palestine,2029,12,18.73707862696483
Palestine,2030,1,18.241838375158295
Palestine,2030,2,18.611485763832206
Palestine,2030,3,19.644260980175204
Palestine,2030,4,20.996002204389697
Palestine,2030,5,22.341981430993656
Palestine,2030,6,23.399405458659203
Palestine,2030,7,23.949916880214914
Palestine,2030,8,23.862095072437114
Palestine,2030,9,23.11395718602671
Palestine,2030,10,21.81545913544778
Palestine,2030,11,20.23099658884621
Palestine,2030,12,18.80190595798649
Palestine,2031,1,18.290806241716382
Palestine,2031,2,18.66726590928829
Palestine,2031,3,19.70498071858765
Palestine,2031,4,21.060203546018784
Palestine,2031,5,22.40855154530891
Palestine,2031,6,23.4675071374013
Palestine,2031,7,24.018919000366623
Palestine,2031,8,23.931503059263378
Palestine,2031,9,23.1833434761038
Palestine,2031,10,21.884393639648806
Palestine,2031,11,20.2989771554212
Palestine,2031,12,18.868288835522435
Palestine,2032,1,18.34080516359336
Palestine,2032,2,18.724260836374924
Palestine,2032,3,19.767064610005946
Palestine,2032,4,21.12588657453398
Palestine,2032,5,22.476691560347717
Palestine,2032,6,23.537240128088342
Palestine,2032,7,24.089589558524494
Palestine,2032,8,24.002594842441795
Palestine,2032,9,23.254409670568748
Palestine,2032,10,21.954987423477178
Palestine,2032,11,20.368582161413542
Palestine,2032,12,18.936249614326698
Palestine,2033,1,18.391853206249834
Palestine,2033,2,18.78248927417826
Palestine,2033,3,19.83053199344522
Palestine,2033,4,21.193071185164627
Palestine,2033,5,22.546421873849795
Palestine,2033,6,23.60862527727022
Palestine,2033,7,24.161949796326553
Palestine,2033,8,24.075392004976493
Palestine,2033,9,23.32717764014251
Palestine,2033,10,22.02726259157589
Palestine,2033,11,20.43983389177174
Palestine,2033,12,19.00581070586213
Palestine,2034,1,18.443968483004028
Palestine,2034,2,18.841970000464244
Palestine,2034,3,19.895402257389833
Palestine,2034,4,21.26177732342785
Palestine,2034,5,22.617762934661187
Palestine,2034,6,23.68168348339259
Palestine,2034,7,24.23602100811786
Palestine,2034,8,24.149916183440837
Palestine,2034,9,23.401669309842873
Palestine,2034,10,22.10124130377244
Palestine,2034,11,20.512754687352754
Palestine,2034,12,19.07699457842409
Palestine,2035,1,18.4971691550827
Palestine,2035,2,18.90272184170044
Palestine,2035,3,19.961694839862503
Palestine,2035,4,21.33202498519404
Palestine,2035,5,22.690735242745177
Palestine,2035,6,23.756435696844164
Palestine,2035,7,24.311824541030546
Palestine,2035,8,24.226189067908308
Palestine,2035,9,23.47790665908269
Palestine,2035,10,22.176945775049717
Palestine,2035,11,20.587366945034773
Palestine,2035,12,19.149823757005834
Panama,2025,1,23.063500070159535
Panama,2025,2,24.50180426674433
Panama,2025,3,25.478596490368545
Panama,2025,4,26.173826226929123
Panama,2025,5,26.67707245098154
Panama,2025,6,27.010044615778497
Panama,2025,7,27.149083642999358
Panama,2025,8,27.04766291272699
Panama,2025,9,26.658889253388224
Panama,2025,10,25.95800393157424
Panama,2025,11,24.96488364196648
Panama,2025,12,23.766541497273465
Panama,2026,1,23.096569241945872
Panama,2026,2,24.542151584199928
Panama,2026,3,25.524461422673085
Panama,2026,4,26.22379063542121
Panama,2026,5,26.72999105225699
Panama,2026,6,27.064975444595802
Panama,2026,7,27.20521851538524
Panama,2026,8,27.104257888991015
Panama,2026,9,26.715195101108293
Panama,2026,10,26.013196588633036
Panama,2026,11,25.01799467955152
Panama,2026,12,23.81638858288443
Panama,2027,1,23.130470549994243
Panama,2027,2,24.5834978769426
Panama,2027,3,25.571459510662862
Panama,2027,4,26.274992238869345
Panama,2027,5,26.784223264000502
Panama,2027,6,27.12127119314846
Panama,2027,7,27.262747027933983
Panama,2027,8,27.16225515444694
Panama,2027,9,26.772894333070326
Panama,2027,10,26.069758688471666
Panama,2027,11,25.072438699383383
Panama,2027,12,23.86752218863421
Panama,2028,1,23.165221814587312
Panama,2028,2,24.62586159829243
Panama,2028,3,25.619609787016998
Panama,2028,4,26.3274505955751
Panama,2028,5,26.83978911646136
Panama,2028,6,27.178952309893248
Panama,2028,7,27.321689993602376
Panama,2028,8,27.221675832847723
Panama,2028,9,26.832008330155986
Panama,2028,10,26.12771181537846
Panama,2028,11,25.12823743546778
Panama,2028,12,23.919964144432925
Panama,2029,1,23.200840903865355
Panama,2029,2,24.669261250245654
Panama,2029,3,25.66893133391659
Panama,2029,4,26.381185314138747
Panama,2029,5,26.896708690969717
Panama,2029,6,27.238039295171802
Panama,2029,7,27.382068278090628
Panama,2029,8,27.28254110148282
Panama,2029,9,26.892558527547408
Panama,2029,10,26.187077608720756
Panama,2029,11,25.185412677631575
Panama,2029,12,23.97373633693951
Panama,2030,1,23.23734573389902
Panama,2030,2,24.71371538356925
Panama,2030,3,25.719443283019245
Panama,2030,4,26.436216053499265
Panama,2030,5,26.95500212004208
Panama,2030,6,27.298552701367043
Panama,2030,7,27.44390279982781
Panama,2030,8,27.344872191247305
Panama,2030,9,26.954566414839974
Panama,2030,10,26.24787776312678
Panama,2030,11,25.243986271791982
Panama,2030,12,24.028860709630862
Panama,2031,1,23.274754268740253
Panama,2031,2,24.759242597768207
Panama,2031,3,25.771164815648262
Panama,2031,4,26.492562523036213
Panama,2031,5,27.014689587352223
Panama,2031,6,27.360513132786764
Panama,2031,7,27.507214530131932
Panama,2031,8,27.408690386645503
Panama,2031,9,27.01805353607142
Panama,2031,10,26.31013402841654
Panama,2031,11,25.303980119902008
Panama,2031,12,24.085359262863676
Panama,2032,1,23.313084520462326
Panama,2032,2,24.805861541198283
Panama,2032,3,25.824115162712587
Panama,2032,4,26.550244482515154
Panama,2032,5,27.075791327883962
Panama,2032,6,27.423941245870992
Panama,2032,7,27.57202449311535
Panama,2032,8,27.474017025867397
Panama,2032,9,27.083041489758216
Panama,2032,10,26.373868209743705
Panama,2032,11,25.365416180005013
Panama,2032,12,24.14325405387808
Panama,2033,1,23.352354549181655
Panama,2033,2,24.85359091106602
Panama,2033,3,25.87831360484506
Panama,2033,4,26.60928174222954
Panama,2033,5,27.138327627858416
Panama,2033,6,27.488857749061026
Panama,2033,7,27.638353765859392
Panama,2033,8,27.54087350080681
Panama,2033,9,27.149551928924666
Panama,2033,10,26.439102167559213
Panama,2033,11,25.42831646628929
Panama,2033,12,24.202567196866767
Panama,2034,1,23.392582463130566
Panama,2034,2,24.902449453519694
Panama,2034,3,25.933779472322385
Panama,2034,4,26.669694162993437
Panama,2034,5,27.202318824875874
Panama,2034,6,27.55528340309047
Panama,2034,7,27.706223478381617
Panama,2034,8,27.609281257156
Panama,2034,9,27.2176065611975
Panama,2034,10,26.50585781770951
Panama,2034,11,25.49270304912079
Panama,2034,12,24.263320863055014
Panama,2035,1,23.433786418682757
Panama,2035,2,24.95245596362747
Panama,2035,3,25.990532145250654
Panama,2035,4,26.73150165617062
Panama,2035,5,27.267785307875783
Panama,2035,6,27.623239020723304
Panama,2035,7,27.775654813679466
Panama,2035,8,27.679261794340164
Panama,2035,9,27.287227148773127
Panama,2035,10,26.57415713145474
Panama,2035,11,25.558598055101356
Panama,2035,12,24.325537280635217
Papua New Guinea,2025,1,21.714116554424436
Papua New Guinea,2025,2,22.702576529621183
Papua New Guinea,2025,3,23.60476285385903
Papua New Guinea,2025,4,24.43629876486102
Papua New Guinea,2025,5,25.15657541685232
Papua New Guinea,2025,6,25.691252870467906
Papua New Guinea,2025,7,25.954761082703953
Papua New Guinea,2025,8,25.872800896760054
Papua New Guinea,2025,9,25.404845031957848
Papua New Guinea,2025,10,24.566639073663282
Papua New Guinea,2025,11,23.452702463125206
Papua New Guinea,2025,12,22.25882948743765
Papua New Guinea,2026,1,21.75043192484827
Papua New Guinea,2026,2,22.745698016894494
Papua New Guinea,2026,3,23.652957542218246
Papua New Guinea,2026,4,24.488194638183813
Papua New Guinea,2026,5,25.211091821712216
Papua New Guinea,2026,6,25.7475309791962
Papua New Guinea,2026,7,26.012094356331545
Papua New Guinea,2026,8,25.93056554813029
Papua New Guinea,2026,9,25.462430488657446
Papua New Guinea,2026,10,24.623378441084242
Papua New Guinea,2026,11,23.507802987468494
Papua New Guinea,2026,12,22.311303018760555
Papua New Guinea,2027,1,21.78761734417367
Papua New Guinea,2027,2,22.78986047843955
Papua New Guinea,2027,3,23.70233102907241
Papua New Guinea,2027,4,24.541376550566383
Papua New Guinea,2027,5,25.266973439994217
Papua New Guinea,2027,6,25.80522792692227
Papua New Guinea,2027,7,26.07087706322727
Papua New Guinea,2027,8,25.989789713087703
Papua New Guinea,2027,9,25.52146754282967
Papua New Guinea,2027,10,24.68154601084916
Papua New Guinea,2027,11,23.5642953574652
Papua New Guinea,2027,12,22.36512159488575
Papua New Guinea,2028,1,21.82569063982828
Papua New Guinea,2028,2,22.835082382928704
Papua New Guinea,2028,3,23.752902370674747
Papua New Guinea,2028,4,24.595864092164447
Papua New Guinea,2028,5,25.324240342023586
Papua New Guinea,2028,6,25.864364210404347
Papua New Guinea,2028,7,26.131130072831183
Papua New Guinea,2028,8,26.050494580141276
Papua New Guinea,2028,9,25.581977648294014
Papua New Guinea,2028,10,24.74116344839149
Papua New Guinea,2028,11,23.622201396444325
Papua New Guinea,2028,12,22.420307143355785
Papua New Guinea,2029,1,21.864669687006426
Papua New Guinea,2029,2,22.881382247655893
Papua New Guinea,2029,3,23.80469067273316
Papua New Guinea,2029,4,24.651676903294174
Papua New Guinea,2029,5,25.38291264905365
Papua New Guinea,2029,6,25.92496037816545
Papua New Guinea,2029,7,26.192874307261263
Papua New Guinea,2029,8,26.112701391216433
Papua New Guinea,2029,9,25.64398231314135
Papua New Guinea,2029,10,24.802252474209126
Papua New Guinea,2029,11,23.681542983596046
Papua New Guinea,2029,12,22.476881648363815
Papua New Guinea,2030,1,21.904572408810964
Papua New Guinea,2030,2,22.928778638620315
Papua New Guinea,2030,3,23.85771509037386
Papua New Guinea,2030,4,24.70883467461772
Papua New Guinea,2030,5,25.443010533505912
Papua New Guinea,2030,6,25.987037030700776
Papua New Guinea,2030,7,26.25613074132798
Papua New Guinea,2030,8,26.176431441793284
Papua New Guinea,2030,9,25.70750309973755
Papua New Guinea,2030,10,24.86483486391535
Papua New Guinea,2030,11,23.742342054084475
Papua New Guinea,2030,12,22.53486715091003
Papua New Guinea,2031,1,21.945416776187813
Papua New Guinea,2031,2,22.97729017045367
Papua New Guinea,2031,3,23.911994828279603
Papua New Guinea,2031,4,24.767357147066832
Papua New Guinea,2031,5,25.50455421890456
Papua New Guinea,2031,6,26.050614820394003
Papua New Guinea,2031,7,26.320920402592492
Papua New Guinea,2031,8,26.24170608087752
Papua New Guinea,2031,9,25.77256162487629
Papua New Guinea,2031,10,24.9289324483334
Papua New Guinea,2031,11,23.80462059904403
Papua New Guinea,2031,12,22.594285748736183
Papua New Guinea,2032,1,21.98722080805328
Papua New Guinea,2032,2,23.026935506587506
Papua New Guinea,2032,3,23.96754914063513
Papua New Guinea,2032,4,24.827264111962904
Papua New Guinea,2032,5,25.56756397996378
Papua New Guinea,2032,6,26.115714451622807
Papua New Guinea,2032,7,26.387264371399397
Papua New Guinea,2032,8,26.308546711062263
Papua New Guinea,2032,9,25.83917955968809
Papua New Guinea,2032,10,24.994567113463745
Papua New Guinea,2032,11,23.86840066563036
Papua New Guinea,2032,12,22.65515959640925
Papua New Guinea,2033,1,22.03000257130134
Papua New Guinea,2033,2,23.07773335924594
Papua New Guinea,2033,3,24.024397331312684
Papua New Guinea,2033,4,24.88857541102061
Papua New Guinea,2033,5,25.632060142584123
Papua New Guinea,2033,6,26.18235668080615
Papua New Guinea,2033,7,26.45518378093493
Papua New Guinea,2033,8,26.376974788640837
Papua New Guinea,2033,9,25.907378629818595
Papua New Guinea,2033,10,25.061760800567754
Papua New Guinea,2033,11,23.933704357053102
Papua New Guinea,2033,12,22.717510905376002
Papua New Guinea,2034,1,22.07378018089821
Papua New Guinea,2034,2,23.12970248950387
Papua New Guinea,2034,3,24.08255875377381
Papua New Guinea,2034,4,24.951310936449772
Papua New Guinea,2034,5,25.698063083994384
Papua New Guinea,2034,6,26.250562316407922
Papua New Guinea,2034,7,26.524699817274268
Papua New Guinea,2034,8,26.4470118235231
Papua New Guinea,2034,9,25.97718061537398
Papua New Guinea,2034,10,25.130535506251363
Papua New Guinea,2034,11,24.000553832637706
Papua New Guinea,2034,12,22.78136194405033
Papua New Guinea,2035,1,22.118571799791425
Papua New Guinea,2035,2,23.18286170726151
Papua New Guinea,2035,3,24.14205281116756
Papua New Guinea,2035,4,25.015490630918976
Papua New Guinea,2035,5,25.76559323262427
Papua New Guinea,2035,6,26.320352219038796
Papua New Guinea,2035,7,26.595833719406983
Papua New Guinea,2035,8,26.518679379402784
Papua New Guinea,2035,9,26.048607351011924
Papua New Guinea,2035,10,25.200913282406873
Papua New Guinea,2035,11,24.06897130789457
Papua New Guinea,2035,12,22.84673503774411
Paraguay,2025,1,22.177030546038623
Paraguay,2025,2,23.299811704376225
Paraguay,2025,3,24.21703877321579
Paraguay,2025,4,24.997547753654544
Paraguay,2025,5,25.642861907629594
Paraguay,2025,6,26.109692747774716
Paraguay,2025,7,26.33244102741901
Paraguay,2025,8,26.245697730360007
Paraguay,2025,9,25.806745060869616
Paraguay,2025,10,25.018057433529066
Paraguay,2025,11,23.94980246312207
Paraguay,2025,12,22.762341954582553
Paraguay,2026,1,22.212266379975517
Paraguay,2026,2,23.342002562320886
Paraguay,2026,3,24.26444370032641
Paraguay,2026,4,25.048780687616272
Paraguay,2026,5,25.696822141654593
Paraguay,2026,6,26.165495393653146
Paraguay,2026,7,26.389347478500895
Paraguay,2026,8,26.30304612459895
Paraguay,2026,9,25.863880743822847
Paraguay,2026,10,25.07426342139388
Paraguay,2026,11,24.004229905714055
Paraguay,2026,12,22.81394059843751
Paraguay,2027,1,22.248360354305078
Paraguay,2027,2,23.385221147561424
Paraguay,2027,3,24.313012984182024
Paraguay,2027,4,25.10128416772659
Paraguay,2027,5,25.7521311886494
Paraguay,2027,6,26.222699714159717
Paraguay,2027,7,26.447685578144046
Paraguay,2027,8,26.36183577106658
Paraguay,2027,9,25.922449429855078
Paraguay,2027,10,25.13187882778311
Paraguay,2027,11,24.06003036437778
Paraguay,2027,12,22.86686555536744
Paraguay,2028,1,22.28533029463597
Paraguay,2028,2,23.42948592432822
Paraguay,2028,3,24.362765673890863
Paraguay,2028,4,25.155077774289566
Paraguay,2028,5,25.80880910639553
Paraguay,2028,6,26.28132619083499
Paraguay,2028,7,26.50747617799152
Paraguay,2028,8,26.422087837782783
Paraguay,2028,9,25.9824725496228
Paraguay,2028,10,25.190925292318752
Paraguay,2028,11,24.11722563391686
Paraguay,2028,12,22.921138721704665
Paraguay,2029,1,22.32319407437626
Paraguay,2029,2,23.474815405455047
Paraguay,2029,3,24.413720868015844
Paraguay,2029,4,25.210181137853397
Paraguay,2029,5,25.86687600371897
Paraguay,2029,6,26.341395357122565
Paraguay,2029,7,26.56874018232793
Paraguay,2029,8,26.483823546187523
Paraguay,2029,9,26.043971588039312
Paraguay,2029,10,25.25142450965086
Paraguay,2029,11,24.175837565043366
Paraguay,2029,12,22.97678205050488
Paraguay,2030,1,22.361969614846203
Paraguay,2030,2,23.521228152480944
Paraguay,2030,3,24.465897714581843
Paraguay,2030,4,25.266613939272247
Paraguay,2030,5,25.92635204058479
Paraguay,2030,6,26.40292779835454
Paraguay,2030,7,26.63149854819585
Paraguay,2030,8,26.547064171286365
Paraguay,2030,9,26.106968084372966
Paraguay,2030,10,25.31339822962127
Paraguay,2030,11,24.23588806446878
Paraguay,2030,12,23.033817551605352
Paraguay,2031,1,22.4016748852855
Paraguay,2031,2,23.568742775650207
Paraguay,2031,3,24.519315411203024
Paraguay,2031,4,25.324395909760824
Paraguay,2031,5,25.987257428104385
Paraguay,2031,6,26.465944151838812
Paraguay,2031,7,26.69577228536673
Paraguay,2031,8,26.611831041668665
Paraguay,2031,9,26.17148363231263
Paraguay,2031,10,25.37686825725632
Paraguay,2031,11,24.297399094853063
Paraguay,2031,12,23.0922672916613
Paraguay,2032,1,22.442327902849684
Paraguay,2032,2,23.617377933999705
Paraguay,2032,3,24.57399320501372
Paraguay,2032,4,25.383546830876185
Paraguay,2032,5,26.049612428560977
Paraguay,2032,6,26.5304651068991
Paraguay,2032,7,26.761582456471842
Paraguay,2032,8,26.678145539525758
Paraguay,2032,9,26.2375398798913
Paraguay,2032,10,25.441856452817774
Paraguay,2032,11,24.36039267493561
Paraguay,2032,12,23.152153394113157
Paraguay,2033,1,22.48394673277744
Paraguay,2033,2,23.66715233537343
Paraguay,2033,3,24.62995039280304
Paraguay,2033,4,25.44408653465962
Paraguay,2033,5,26.113437355522365
Paraguay,2033,6,26.59651140488222
Paraguay,2033,7,26.828950176976832
Paraguay,2033,8,26.74602910075646
Paraguay,2033,9,26.305158529726214
Paraguay,2033,10,25.50838473186468
Paraguay,2033,11,24.42489087955346
Paraguay,2033,12,23.213498039408478
Paraguay,2034,1,22.526549488321507
Paraguay,2034,2,23.71808473650617
Paraguay,2034,3,24.687206321054873
Paraguay,2034,4,25.506034903618456
Paraguay,2034,5,26.178752573830025
Paraguay,2034,6,26.664103839256313
Paraguay,2034,7,26.897896615272657
Paraguay,2034,8,26.81550321492705
Paraguay,2034,9,26.374361338876952
Paraguay,2034,10,25.576475065271552
Paraguay,2034,11,24.490915839655827
Paraguay,2034,12,23.276323464863708
Paraguay,2035,1,22.570154330825062
Paraguay,2035,2,23.7701939430126
Paraguay,2035,3,24.745780385955186
Paraguay,2035,4,25.569411870769727
Paraguay,2035,5,26.24557849964276
Paraguay,2035,6,26.73326325562175
Paraguay,2035,7,26.968442992664677
Paraguay,2035,8,26.886589425380407
Paraguay,2035,9,26.445170118983697
Paraguay,2035,10,25.64614947928294
Paraguay,2035,11,24.55848974239143
Paraguay,2035,12,23.34065196479878
Peru,2025,1,16.219663408149245
Peru,2025,2,16.407324423650607
Peru,2025,3,17.56038391158745
Peru,2025,4,19.18060339022213
Peru,2025,5,20.821825084077318
Peru,2025,6,22.112472913876445
Peru,2025,7,22.7780534864296
Peru,2025,8,22.663657084504848
Peru,2025,9,21.75645865678689
Peru,2025,10,20.20821880769745
Peru,2025,11,18.357784787350283
Peru,2025,12,16.753591481422518
Peru,2026,1,16.267071991876037
Peru,2026,2,16.460320202645562
Peru,2026,3,17.617265770252743
Peru,2026,4,19.240089832340345
Peru,2026,5,20.88298469584788
Peru,2026,6,22.17465482696298
Peru,2026,7,22.840817840916316
Peru,2026,8,22.726705491958455
Peru,2026,9,21.819564663289384
Peru,2026,10,20.271158356827982
Peru,2026,11,18.420266683192494
Peru,2026,12,16.815187851640985
Peru,2027,1,16.315446912624793
Peru,2027,2,16.514466938971054
Peru,2027,3,17.675448701492314
Peru,2027,4,19.300995474667616
Peru,2027,5,20.945652165305546
Peru,2027,6,22.238406302455587
Peru,2027,7,22.905189027253982
Peru,2027,8,22.791376082886018
Peru,2027,9,21.884288804435528
Peru,2027,10,20.335695108828986
Peru,2027,11,18.484310484626803
Peru,2027,12,16.878298982087472
Peru,2028,1,16.364805989986962
Peru,2028,2,16.56978311959847
Peru,2028,3,17.734951805935452
Peru,2028,4,19.363339977801843
Peru,2028,5,21.009847659272964
Peru,2028,6,22.303747959741486
Peru,2028,7,22.971188063683257
Peru,2028,8,22.857690220619588
Peru,2028,9,21.950652735021322
Peru,2028,10,20.401850956191083
Peru,2028,11,18.549938268130973
Peru,2028,12,16.9429470795194
Peru,2029,1,16.415167091142393
Peru,2029,2,16.62628727986612
Peru,2029,3,17.795794233436936
Peru,2029,4,19.427143052348583
Peru,2029,5,21.075591395453557
Peru,2029,6,22.370700469867188
Peru,2029,7,23.038836020864437
Peru,2029,8,22.925669321754867
Peru,2029,9,22.018678163859477
Peru,2029,10,20.469647846261978
Peru,2029,11,18.617172165887496
Peru,2029,12,17.009154407217466
Peru,2030,1,16.466548130895717
Peru,2030,2,16.683998003588385
Peru,2030,3,17.85799518305521
Peru,2030,4,19.492424458953792
Peru,2030,5,21.142903642329657
Peru,2030,6,22.439284555483937
Peru,2030,7,23.108154021924747
Peru,2030,8,22.99533485619486
Peru,2030,9,22.088386853859447
Peru,2030,10,20.539107781326493
Peru,2030,11,18.686034365739943
Peru,2030,12,17.076943284956542
Peru,2031,1,16.51896707168362
Peru,2031,2,16.74293392301206
Peru,2031,3,17.921573903150602
Peru,2031,4,19.55920400836567
Peru,2031,5,21.211804719329848
Peru,2031,6,22.50952099097867
Peru,2031,7,23.179163242502
Peru,2031,8,23.066708347109852
Peru,2031,9,22.159800622074727
Peru,2031,10,20.610252818501067
Peru,2031,11,18.756547111287546
Peru,2031,12,17.14633608906024
Peru,2032,1,16.57244192370581
Peru,2032,2,16.80311371892185
Peru,2032,3,17.98654969139625
Peru,2032,4,19.627501561456484
Peru,2032,5,21.282314996810783
Peru,2032,6,22.58143060251041
Peru,2032,7,23.251884910813715
Peru,2032,8,23.139811371090218
Peru,2032,9,22.232941339702847
Peru,2032,10,20.683105069966587
Peru,2032,11,18.8287327019616
Peru,2032,12,17.217355252466405
Peru,2033,1,16.62699074487773
Peru,2033,2,16.86455612066584
Peru,2033,3,18.052941894869036
Peru,2033,4,19.69733702927715
Peru,2033,5,21.354454896119023
Peru,2033,6,22.65503426799569
Peru,2033,7,23.32634030765712
Peru,2033,8,23.214665558077286
Peru,2033,9,22.30783093220907
Peru,2033,10,20.75768670293928
Peru,2033,11,18.902613492967248
Peru,2033,12,17.29002326472346
Peru,2034,1,16.682631640925138
Peru,2034,2,16.927279906184594
Peru,2034,3,18.12076991000231
Peru,2034,4,19.768730373093604
Peru,2034,5,21.428244889641974
Peru,2034,6,22.73035291717042
Peru,2034,7,23.402550766474633
Peru,2034,8,23.291292591527053
Peru,2034,9,22.384491379260908
Peru,2034,10,20.83401993964526
Peru,2034,11,18.978211895429013
Peru,2034,12,17.364362672106836
Peru,2035,1,16.739382765402297
Peru,2035,2,16.991303902087566
Peru,2035,3,18.190053182735028
Peru,2035,4,19.84170160444137
Peru,2035,5,21.503705500789692
Peru,2035,6,22.80740753170994
Peru,2035,7,23.480537673430263
Peru,2035,8,23.369714208326513
Peru,2035,9,22.462944714866353
Peru,2035,10,20.91212705745147
Peru,2035,11,19.055550376347128
Peru,2035,12,17.44039607758259
Philippines,2025,1,23.78888694851139
Philippines,2025,2,25.568751994106606
Philippines,2025,3,26.63781491242935
Philippines,2025,4,27.280435808243965
Philippines,2025,5,27.66903461239508
Philippines,2025,6,27.886592071584346
Philippines,2025,7,27.949150738354547
Philippines,2025,8,27.828315960895452
Philippines,2025,9,27.473756873046113
Philippines,2025,10,26.83570738410799
Philippines,2025,11,25.88746716881451
Philippines,2025,12,24.647902657115083
Philippines,2026,1,23.820051182702628
Philippines,2026,2,25.607512310813945
Philippines,2026,3,26.682388985992475
Philippines,2026,4,27.329372011671694
Philippines,2026,5,27.72114248028538
Philippines,2026,6,27.940872763182597
Philippines,2026,7,28.0047275005536
Philippines,2026,8,27.88436459129025
Philippines,2026,9,27.529436182930112
Philippines,2026,10,26.890089661505954
Philippines,2026,11,25.93946864143163
Philippines,2026,12,24.6962139554862
Philippines,2027,1,23.852021731309833
Philippines,2027,2,25.6472432559176
Philippines,2027,3,26.72806562298956
Philippines,2027,4,27.37951285192412
Philippines,2027,5,27.774529714265555
Philippines,2027,6,27.996482723451663
Philippines,2027,7,28.061661124783313
Philippines,2027,8,27.941777885248484
Philippines,2027,9,27.586470683528205
Philippines,2027,10,26.945802899816954
Philippines,2027,11,25.992764605737648
Philippines,2027,12,24.745773554245716
Philippines,2028,1,23.88481640772534
Philippines,2028,2,25.687963270714135
Philippines,2028,3,26.774863838768397
Philippines,2028,4,27.430877864834656
Philippines,2028,5,27.829216316918064
Philippines,2028,6,28.05344236800829
Philippines,2028,7,28.119972385925394
Philippines,2028,8,28.00057692326027
Philippines,2028,9,27.644881707245986
Philippines,2028,10,27.00286862968369
Philippines,2028,11,26.047376736828483
Philippines,2028,12,24.796603219238932
Philippines,2029,1,23.91845307325002
Philippines,2029,2,25.729690845125333
Philippines,2029,3,26.822802698276973
Philippines,2029,4,27.483486636560883
Philippines,2029,5,27.885222341935332
Philippines,2029,6,28.111772164364993
Philippines,2029,7,28.17968211166317
Philippines,2029,8,28.060782839406784
Philippines,2029,9,27.704690640858644
Philippines,2029,10,27.06130843687879
Philippines,2029,11,26.103326765744896
Philippines,2029,12,24.848724773132744
Philippines,2030,1,23.95294963717697
Philippines,2030,2,25.77244451793831
Philippines,2030,3,26.87190131601983
Philippines,2030,4,27.537358803682764
Philippines,2030,5,27.94256789426163
Philippines,2030,6,28.17149263210831
Philippines,2030,7,28.240811182481593
Philippines,2030,8,28.12241682138938
Philippines,2030,9,27.76591892559827
Philippines,2030,10,27.121143962413953
Philippines,2030,11,26.160636479632558
Philippines,2030,12,24.902160095444742
Philippines,2031,1,23.988324056784222
Philippines,2031,2,25.81624287671093
Philippines,2031,3,26.92217885617083
Philippines,2031,4,27.592514053213563
Philippines,2031,5,28.001273130045774
Philippines,2031,6,28.232624342829695
Philippines,2031,7,28.303380531718176
Philippines,2031,8,28.185500110616886
Philippines,2031,9,27.82858805716478
Philippines,2031,10,27.182396902616347
Philippines,2031,11,26.21932772172022
Philippines,2031,12,24.956931122612332
Philippines,2032,1,24.024594337465714
Philippines,2032,2,25.8611045579064
Philippines,2032,3,26.973654532536784
Philippines,2032,4,27.648972122665327
Philippines,2032,5,28.061358256739368
Philippines,2032,6,28.295187920260105
Philippines,2032,7,28.367411145661208
Philippines,2032,8,28.250054002183788
Philippines,2032,9,27.892719585805935
Philippines,2032,10,27.245089009168623
Philippines,2032,11,26.279422391374283
Philippines,2032,12,25.013059848007288
Philippines,2033,1,24.061778532676726
Philippines,2033,2,25.907048246889644
Philippines,2033,3,27.02634760867022
Philippines,2033,4,27.706752800037975
Philippines,2033,5,28.122843533151354
Philippines,2033,6,28.359204040255463
Philippines,2033,7,28.432924063513383
Philippines,2033,8,28.31609984493207
Philippines,2033,9,27.958335116320995
Philippines,2033,10,27.30924208907254
Philippines,2033,11,26.34094244417156
Philippines,2033,12,25.070568322004874
Philippines,2034,1,24.09989474405029
Philippines,2034,2,25.954092677970948
Philippines,2034,3,27.080277397909413
Philippines,2034,4,27.76587592397209
Philippines,2034,5,28.185749269495318
Philippines,2034,6,28.42469343087305
Philippines,2034,7,28.499940377493658
Philippines,2034,8,28.383659041571264
Philippines,2034,9,28.02545630811892
Philippines,2034,10,27.374878004809034
Philippines,2034,11,26.403909891884723
Philippines,2034,12,25.12947865201295
Philippines,2035,1,24.138961121397188
Philippines,2035,2,26.002256634518744
Philippines,2035,3,27.135463263382007
Philippines,2035,4,27.826361383683434
Philippines,2035,5,28.250095827360383
Philippines,2035,6,28.491676872418793
Philippines,2035,7,28.568481232877275
Philippines,2035,8,28.452753048602062
Philippines,2035,9,28.094104875305675
Philippines,2035,10,27.44201867431275
Philippines,2035,11,26.468346802598717
Philippines,2035,12,25.189813002548362
Poland,2025,1,1.230749653271232
Poland,2025,2,1.709786953449111
Poland,2025,3,4.939162612628024
Poland,2025,4,9.335049845904905
Poland,2025,5,13.602929085617689
Poland,2025,6,16.760088971238474
Poland,2025,7,18.15812733929215
Poland,2025,8,17.505452213213175
Poland,2025,9,14.889782793351515
Poland,2025,10,10.800650446680265
Poland,2025,11,6.15189969689618
Poland,2025,12,2.304189214149119
Poland,2026,1,1.2961636348745742
Poland,2026,2,1.779916581625912
Poland,2026,3,5.012079889967026
Poland,2026,4,9.409375002172055
Poland,2026,5,13.677761040850783
Poland,2026,6,16.83493579873266
Poland,2026,7,18.232836728636357
Poland,2026,8,17.580141933312007
Poland,2026,9,14.964771155396193
Poland,2026,10,10.876386767239637
Poland,2026,11,6.228894760862204
Poland,2026,12,2.3829457378315055
Poland,2027,1,1.3626271062321393
Poland,2027,2,1.8513141930206984
Poland,2027,3,5.086446063954099
Poland,2027,4,9.48529490601959
Poland,2027,5,13.754301049470996
Poland,2027,6,16.911573957794644
Poland,2027,7,18.30939321749338
Poland,2027,8,17.656709528077954
Poland,2027,9,15.041645691938356
Poland,2027,10,10.953997604240612
Poland,2027,11,6.307735242772651
Poland,2027,12,2.4635036579393272
Poland,2028,1,1.4301577080195784
Poland,2028,2,1.923998152808963
Poland,2028,3,5.16228017062258
Poland,2028,4,9.562829210573
Poland,2028,5,13.83256932805034
Poland,2028,6,16.99002417464453
Poland,2028,7,18.387817988093047
Poland,2028,8,17.735176582043096
Poland,2028,9,15.120428336112127
Poland,2028,10,11.033505185657305
Poland,2028,11,6.388443611766888
Poland,2028,12,2.545885631069723
Poland,2029,1,1.4987731279115906
Poland,2029,2,1.997986874020171
Poland,2029,3,5.239601294652857
Poland,2029,4,9.641997618456116
Poland,2029,5,13.912586143397675
Poland,2029,6,17.070307226670593
Poland,2029,7,18.46813227459006
Poland,2029,8,17.815564732461098
Poland,2029,9,15.201141074540828
Poland,2029,10,11.114931793847973
Poland,2029,11,6.4710423921469555
Poland,2029,12,2.6301143697719453
Poland,2030,1,1.5684911007201663
Poland,2030,2,2.0732988176396248
Poland,2030,3,5.318428569459684
Poland,2030,4,9.722819881820215
Poland,2030,5,13.994371812700592
Poland,2030,6,17.152443942349237
Poland,2030,7,18.550357363100375
Poland,2030,8,17.897895669365425
Poland,2030,9,15.283805947435212
Poland,2030,10,11.1982997654859
Poland,2030,11,6.555554163392117
Poland,2030,12,2.716212642627397
Poland,2031,1,1.6393294084273293
Poland,2031,2,2.1499524925829974
Poland,2031,3,5.398781177210367
Poland,2031,4,9.805315802373116
Poland,2031,5,14.07794670352905
Poland,2031,6,17.23645520136506
Poland,2031,7,18.634514591748484
Poland,2031,8,17.982191135551147
Poland,2031,9,15.368445048651665
Poland,2031,10,11.283631491719461
Poland,2031,11,6.64200156021343
Poland,2031,12,2.8042032742205265
Poland,2032,1,1.7113058801960506
Poland,2032,2,2.22796645579092
Poland,2032,3,5.480678348901165
Poland,2032,4,9.889505231477415
Poland,2032,5,14.163331233871759
Poland,2032,6,17.3223619346727
Poland,2032,7,18.72062535067471
Poland,2032,8,18.06847292672046
Poland,2032,9,15.455080525648555
Poland,2032,10,11.370949418150303
Poland,2032,11,6.7304072726446975
Poland,2032,12,2.8941091452588807
Poland,2033,1,1.7844383924248177
Poland,2033,2,2.30735931225081
Poland,2033,3,5.564139364400944
Poland,2033,4,9.975408070154117
Poland,2033,5,14.250545872190742
Poland,2033,6,17.41018512446408
Poland,2033,7,18.808711082147965
Poland,2033,8,18.15676289147541
Poland,2033,9,15.543734579675402
Poland,2033,10,11.460276044887905
Poland,2033,11,6.8207940459988095
Poland,2033,12,2.9859531925476404
Poland,2034,1,1.858744868816757
Poland,2034,2,2.3881497150332507
Poland,2034,3,5.649183552451177
Poland,2034,4,10.063044269129932
Poland,2034,5,14.339611137486827
Poland,2034,6,17.49994580431394
Poland,2034,7,18.898793280551217
Poland,2034,8,18.247082931314253
Poland,2034,9,15.634429465671019
Poland,2034,10,11.551633926618706
Poland,2034,11,6.913184680936865
Poland,2034,12,3.0797584091169483
Poland,2035,1,1.9342432804050986
Poland,2035,2,2.4703563653756646
Poland,2035,3,5.735830290785998
Poland,2035,4,10.15243382888093
Poland,2035,5,14.430547599321471
Poland,2035,6,17.591665059099796
Poland,2035,7,18.99089349247606
Poland,2035,8,18.339455000769703
Poland,2035,9,15.72718749239084
Poland,2035,10,11.645045672631568
Poland,2035,11,7.0076020336173315
Poland,2035,12,3.1755478441637024
Portugal,2025,1,11.543431580238575
Portugal,2025,2,11.609615198886786
Portugal,2025,3,13.289653052274844
Portugal,2025,4,15.72272138761491
Portugal,2025,5,18.17799120026848
Portugal,2025,6,20.07712922364317
Portugal,2025,7,21.0167989190968
Portugal,2025,8,20.791161465790537
Portugal,2025,9,19.41437675065481
Portugal,2025,10,17.143104358238816
Portugal,2025,11,14.499004560643698
Portugal,2025,12,12.291239307386604
Portugal,2026,1,11.598372652316357
Portugal,2026,2,11.669561353538484
Portugal,2026,3,13.352873560322223
Portugal,2026,4,15.787947378900753
Portugal,2026,5,18.24434612663117
Portugal,2026,6,20.14405932200407
Portugal,2026,7,21.084003674416635
Portugal,2026,8,20.85852407413131
Portugal,2026,9,19.481894582183486
Portugal,2026,10,17.210819420256485
Portugal,2026,11,14.56693396056744
Portugal,2026,12,12.359305715800474
Portugal,2027,1,11.654326732355003
Portugal,2027,2,11.730715674356361
Portugal,2027,3,13.41746187776971
Portugal,2027,4,15.854667825254182
Portugal,2027,5,18.31229167368747
Portugal,2027,6,20.2126482439935
Portugal,2027,7,21.152910011104723
Portugal,2027,8,20.927608093807976
Portugal,2027,9,19.551133244695848
Portugal,2027,10,17.280236839997997
Portugal,2027,11,14.63653186952888
Portugal,2027,12,12.428993926566363
Portugal,2028,1,11.711311605698029
Portugal,2028,2,11.793096632839479
Portugal,2028,3,13.483437108538965
Portugal,2028,4,15.922902409362905
Portugal,2028,5,18.381848049092696
Portugal,2028,6,20.28291666860696
Portugal,2028,7,21.223539025763785
Portugal,2028,8,20.99843498534483
Portugal,2028,9,19.6221145088939
Portugal,2028,10,17.35137864466833
Portugal,2028,11,14.7078205175103
Portugal,2028,12,12.50032631873637
Portugal,2029,1,11.769345105088178
Portugal,2029,2,11.856722748661014
Portugal,2029,3,13.550818405569771
Portugal,2029,4,15.992670863707644
Portugal,2029,5,18.453035511197413
Portugal,2029,6,20.354885326299154
Portugal,2029,7,21.295911867281575
Portugal,2029,8,21.071026262293344
Portugal,2029,9,19.694860199339928
Portugal,2029,10,17.424266916129454
Portugal,2029,11,14.78082218995496
Portugal,2029,12,12.573325327620296
Portugal,2030,1,11.82844511071471
Portugal,2030,2,11.921612589802862
Portugal,2030,3,13.6196249708928
Portugal,2030,4,16.06399297064945
Portugal,2030,5,18.52587436900376
Portugal,2030,6,20.428574999024022
Portugal,2030,7,21.37004973680905
Portugal,2030,8,21.145403491355864
Portugal,2030,9,19.769392194565626
Portugal,2030,10,17.498923790994922
Portugal,2030,11,14.855559227879894
Portugal,2030,12,12.648013444938442
Portugal,2031,1,11.888629550278893
Portugal,2031,2,11.987784772526538
Portugal,2031,3,13.689876055633249
Portugal,2031,4,16.136888562484273
Portugal,2031,5,18.6003849822564
Portugal,2031,6,20.50400652026383
Portugal,2031,7,21.445973887869513
Portugal,2031,8,21.221588292389242
Portugal,2031,9,19.84573242702845
Portugal,2031,10,17.575371460655333
Portugal,2031,11,14.932054027854065
Portugal,2031,12,12.724413218745212
Portugal,2032,1,11.94991639899763
Portugal,2032,2,12.055257961438656
Portugal,2032,3,13.761590960069043
Portugal,2032,4,16.21137752146842
Portugal,2032,5,18.676587761471637
Portugal,2032,6,20.581200775061916
Portugal,2032,7,21.523705626380433
Portugal,2032,8,21.29960233842303
Portugal,2032,9,19.92390288315164
Portugal,2032,10,17.653632171249228
Portugal,2032,11,15.010329042071135
Portugal,2032,12,12.80254725352006
Portugal,2033,1,12.012323679705332
Portugal,2033,2,12.124050869549137
Portugal,2033,3,13.834789033718152
Portugal,2033,4,16.287479779858586
Portugal,2033,5,18.75450316795923
Portugal,2033,6,20.66017870014275
Portugal,2033,7,21.603266310649815
Portugal,2033,8,21.379467355739507
Portugal,2033,9,20.003925603506104
Portugal,2033,10,17.733728223874095
Portugal,2033,11,15.090406778407669
Portugal,2033,12,12.88243821026208
Portugal,2034,1,12.075869462843002
Portugal,2034,2,12.19418225831123
Portugal,2034,3,13.909489675291297
Portugal,2034,4,16.365215319991876
Portugal,2034,5,18.834151713927895
Portugal,2034,6,20.740961283824618
Portugal,2034,7,21.684677351539904
Portugal,2034,8,21.461205123899163
Portugal,2034,9,20.0858226826831
Portugal,2034,10,17.81568197443721
Portugal,2034,11,15.172309800408584
Portugal,2034,12,12.964108806464537
Portugal,2035,1,12.140571866541904
Portugal,2035,2,12.265670937657887
Portugal,2035,3,13.985712332841103
Portugal,2035,4,16.44460417427854
Portugal,2035,5,18.915553962488957
Portugal,2035,6,20.82356956622698
Portugal,2035,7,21.7679602123726
Portugal,2035,8,21.544837475831628
Portugal,2035,9,20.169616269443395
Portugal,2035,10,17.89951583385573
Portugal,2035,11,15.256060727436306
Portugal,2035,12,13.047581816173079
Puerto Rico,2025,1,23.413452690773738
Puerto Rico,2025,2,25.00456315585052
Puerto Rico,2025,3,26.019651583531413
Puerto Rico,2025,4,26.68707891898248
Puerto Rico,2025,5,27.13482288954492
Puerto Rico,2025,6,27.412978994559126
Puerto Rico,2025,7,27.516261495363324
Puerto Rico,2025,8,27.40650440511763
Puerto Rico,2025,9,27.035162478726306
Puerto Rico,2025,10,26.365812202738198
Puerto Rico,2025,11,25.396652785225342
Puerto Rico,2025,12,24.18300714571251
Puerto Rico,2026,1,23.445621154592118
Puerto Rico,2026,2,25.04415550806607
Puerto Rico,2026,3,26.064897594708782
Puerto Rico,2026,4,26.73654532368255
Puerto Rico,2026,5,27.18734384930667
Puerto Rico,2026,6,27.46758656097245
Puerto Rico,2026,7,27.572116073050893
Puerto Rico,2026,8,27.46282521478588
Puerto Rico,2026,9,27.09115802015458
Puerto Rico,2026,10,26.420610717793352
Puerto Rico,2026,11,25.449232720909094
Puerto Rico,2026,12,24.232127617161495
Puerto Rico,2027,1,23.478609947896075
Puerto Rico,2027,2,25.084733851200326
Puerto Rico,2027,3,26.11126272940328
Puerto Rico,2027,4,26.787233973119328
Puerto Rico,2027,5,27.241162681098103
Puerto Rico,2027,6,27.52354265023405
Puerto Rico,2027,7,27.62934736535408
Puerto Rico,2027,8,27.520530989194413
Puerto Rico,2027,9,27.14852935226827
Puerto Rico,2027,10,26.47676094277722
Puerto Rico,2027,11,25.50312789648251
Puerto Rico,2027,12,24.282516986609153
Puerto Rico,2028,1,23.512436887981494
Puerto Rico,2028,2,25.1263166331928
Puerto Rico,2028,3,26.158766012497836
Puerto Rico,2028,4,26.83916441540441
Puerto Rico,2028,5,27.29629940256291
Puerto Rico,2028,6,27.580867695754023
Puerto Rico,2028,7,27.68797616774191
Puerto Rico,2028,8,27.579642832229183
Puerto Rico,2028,9,27.20729783367733
Puerto Rico,2028,10,26.53428443726898
Puerto Rico,2028,11,25.558360018771964
Puerto Rico,2028,12,24.33419705443248
Puerto Rico,2029,1,23.54711984007463
Puerto Rico,2029,2,25.16892235067371
Puerto Rico,2029,3,26.207426518370085
Puerto Rico,2029,4,26.892356248951728
Puerto Rico,2029,5,27.35277408240745
Puerto Rico,2029,6,27.639582182885533
Puerto Rico,2029,7,27.7480233285105
Puerto Rico,2029,8,27.6401819013563
Puerto Rico,2029,9,27.267484877321294
Puerto Rico,2029,10,26.593202816003213
Puerto Rico,2029,11,25.614950850588684
Puerto Rico,2029,12,24.387189677826427
Puerto Rico,2030,1,23.582676717303002
Puerto Rico,2030,2,25.212569549065847
Puerto Rico,2030,3,26.257263370968758
Puerto Rico,2030,4,26.946829122553936
Puerto Rico,2030,5,27.410606840586297
Puerto Rico,2030,6,27.699706648979372
Puerto Rico,2030,7,27.809509748710298
Puerto Rico,2030,8,27.702169407658403
Puerto Rico,2030,9,27.329111950585684
Puerto Rico,2030,10,26.653537748920826
Puerto Rico,2030,11,25.67292221079788
Puerto Rico,2030,12,24.44151677082209
Puerto Rico,2031,1,23.61912548082273
Puerto Rico,2031,2,25.257276822580934
Puerto Rico,2031,3,26.308295743871895
Puerto Rico,2031,4,27.00260273542972
Puerto Rico,2031,5,27.469817848233106
Puerto Rico,2031,6,27.761261683431258
Puerto Rico,2031,7,27.872456382251585
Puerto Rico,2031,8,27.76562661585649
Puerto Rico,2031,9,27.392200575280185
Puerto Rico,2031,10,26.715310961289106
Puerto Rico,2031,11,25.73229597430054
Puerto Rico,2031,12,24.49720030429762
Puerto Rico,2032,1,23.65648413982217
Puerto Rico,2032,2,25.30306281427056
Puerto Rico,2032,3,26.360542860283203
Puerto Rico,2032,4,27.059696837234696
Puerto Rico,2032,5,27.530427327755206
Puerto Rico,2032,6,27.824267927689107
Puerto Rico,2032,7,27.936884235929938
Puerto Rico,2032,8,27.83057484436449
Puerto Rico,2032,9,27.456772327744147
Puerto Rico,2032,10,26.77854423361441
Puerto Rico,2032,11,25.793094072146232
Puerto Rico,2032,12,24.554262306109194
Puerto Rico,2033,1,23.69477075155828
Puerto Rico,2033,2,25.349946216077115
Puerto Rico,2033,3,26.414023993133924
Puerto Rico,2033,4,27.11813122817057
Puerto Rico,2033,5,27.59245555292091
Puerto Rico,2033,6,27.888746075329436
Puerto Rico,2033,7,28.002814369455336
Puerto Rico,2033,8,27.89703546532928
Puerto Rico,2033,9,27.522848838868413
Puerto Rico,2033,10,26.843259401802243
Puerto Rico,2033,11,25.855338491533075
Puerto Rico,2033,12,24.61272486103644
Puerto Rico,2034,1,23.734003421414855
Puerto Rico,2034,2,25.397945768862883
Puerto Rico,2034,3,26.468758465061
Puerto Rico,2034,4,27.177925758926904
Puerto Rico,2034,5,27.655922848779483
Puerto Rico,2034,6,27.95471687211557
Puerto Rico,2034,7,28.07026789552492
Puerto Rico,2034,8,27.965029904677976
Puerto Rico,2034,9,27.590451794091678
Puerto Rico,2034,10,26.90947835713905
Puerto Rico,2034,11,25.919051275855054
Puerto Rico,2034,12,24.67261011089886
Puerto Rico,2035,1,23.77420030297526
Puerto Rico,2035,2,25.44708026252647
Puerto Rico,2035,3,26.52476564851986
Puerto Rico,2035,4,27.239100330873953
Puerto Rico,2035,5,27.720849591864862
Puerto Rico,2035,6,28.022201115993994
Puerto Rico,2035,7,28.139265979873926
Puerto Rico,2035,8,28.03457964219433
Puerto Rico,2035,9,27.659602933556926
Puerto Rico,2035,10,26.977223046364998
Puerto Rico,2035,11,25.98425452478932
Puerto Rico,2035,12,24.73394025458856
Qatar,2025,1,24.686105006197067
Qatar,2025,2,27.09060185868384
Qatar,2025,3,28.377954552438496
Qatar,2025,4,28.99529744190022
Qatar,2025,5,29.244382854730247
Qatar,2025,6,29.304082081657725
Qatar,2025,7,29.252886366431085
Qatar,2025,8,29.091407895714838
Qatar,2025,9,28.764880788968185
Qatar,2025,10,28.18566208833454
Qatar,2025,11,27.255732748545597
Qatar,2025,12,25.889198626836333
Qatar,2026,1,24.714616897640553
Qatar,2026,2,27.127231246498013
Qatar,2026,3,28.420878665027885
Qatar,2026,4,29.043006076409256
Qatar,2026,5,29.29560884005059
Qatar,2026,6,29.35773174145379
Qatar,2026,7,29.30796998222013
Qatar,2026,8,29.14697016977607
Qatar,2026,9,28.819931307433762
Qatar,2026,10,28.239105784207823
Qatar,2026,11,27.30630036468301
Qatar,2026,12,25.935377179005627
Qatar,2027,1,24.743892211002276
Qatar,2027,2,27.16478454249318
Qatar,2027,3,28.46485522650346
Qatar,2027,4,29.091866272400694
Qatar,2027,5,29.348058588781896
Qatar,2027,6,29.41265297341033
Qatar,2027,7,29.364351103094123
Qatar,2027,8,29.203836523535756
Qatar,2027,9,28.87627563931983
Qatar,2027,10,28.29381870373345
Qatar,2027,11,27.358100808728523
Qatar,2027,12,25.982742874756696
Qatar,2028,1,24.773948745402777
Qatar,2028,2,27.203280165548676
Qatar,2028,3,28.509903221821332
Qatar,2028,4,29.14189752721086
Qatar,2028,5,29.401752056962323
Qatar,2028,6,29.46886613849074
Qatar,2028,7,29.422050441292413
Qatar,2028,8,29.26202796677262
Qatar,2028,9,28.933935038215168
Qatar,2028,10,28.349822290679185
Qatar,2028,11,27.411155660844997
Qatar,2028,12,26.031317376950938
Qatar,2029,1,24.804804347878417
Qatar,2029,2,27.242736583325495
Qatar,2029,3,28.556041685566925
Qatar,2029,4,29.193119388605737
Qatar,2029,5,29.456709251823668
Qatar,2029,6,29.52639164971788
Qatar,2029,7,29.481088761881438
Qatar,2029,8,29.32156556290738
Qatar,2029,9,28.992930812227314
Qatar,2029,10,28.40713804405914
Qatar,2029,11,27.465486557322038
Qatar,2029,12,26.081122405416863
Qatar,2030,1,24.83647691355236
Qatar,2030,2,27.28317231238634
Qatar,2030,3,28.6032897019586
Qatar,2030,4,29.245551454842825
Qatar,2030,5,29.512950231900504
Qatar,2030,6,29.585249972177735
Qatar,2030,7,29.541486882860227
Qatar,2030,8,29.382470429100977
Qatar,2030,9,29.05328432395345
Qatar,2030,10,28.465787518239267
Qatar,2030,11,27.521115190506862
Qatar,2030,12,26.13217973686278
Qatar,2031,1,24.868984385660042
Qatar,2031,2,27.324605918137422
Qatar,2031,3,28.651666404975003
Qatar,2031,4,29.299213374638384
Qatar,2031,5,29.570495107022907
Qatar,2031,6,29.64546162311035
Qatar,2031,7,29.60326567512766
Qatar,2031,8,29.44476373624002
Qatar,2031,9,29.11501699053497
Qatar,2031,10,28.525792322908273
Qatar,2031,11,27.578063308986202
Qatar,2031,12,26.184511204978662
Qatar,2032,1,24.90234475550551
Qatar,2032,2,27.367056014959417
Qatar,2032,3,28.701190978264094
Qatar,2032,4,29.354124847320236
Qatar,2032,5,29.62936403839285
Qatar,2032,6,29.70704717193894
Qatar,2032,7,29.66644606259524
Qatar,2032,8,29.50846670899864
Qatar,2032,9,29.17815028372661
Qatar,2032,10,28.587174123194018
Qatar,2032,11,27.636352717539012
Qatar,2032,12,26.23813870048707
Qatar,2033,1,24.9365760626506
Qatar,2033,2,27.410541266211112
Qatar,2033,3,28.751882655339614
Qatar,2033,4,29.41030562278047
Qatar,2033,5,29.689577238653328
Qatar,2033,6,29.770027240269883
Qatar,2033,7,29.731049022172556
Qatar,2033,8,29.5736006258785
Qatar,2033,9,29.242705729925547
Qatar,2033,10,28.64995463965988
Qatar,2033,11,27.696005277172844
Qatar,2033,12,26.293084171190458
Qatar,2034,1,24.971696394834908
Qatar,2034,2,27.455080384283974
Qatar,2034,3,28.803760719537422
Qatar,2034,4,29.46777550160641
Qatar,2034,5,29.75115497187744
Qatar,2034,6,29.83442250202006
Qatar,2034,7,29.797095583847295
Qatar,2034,8,29.640186819292467
Qatar,2034,9,29.308704910222332
Qatar,2034,10,28.714155648366614
Qatar,2034,11,27.75704290524027
Qatar,2034,12,26.349369621989354
Qatar,2035,1,25.007723888055807
Qatar,2035,2,27.500692130642165
Qatar,2035,3,28.85684450404824
Qatar,2035,4,29.52655433500786
Qatar,2035,5,29.814117553633878
Qatar,2035,6,29.900253683336814
Qatar,2035,7,29.864606830754383
Qatar,2035,8,29.708246675542796
Qatar,2035,9,29.376169460411802
Qatar,2035,10,28.779798980915984
Qatar,2035,11,27.819487575413405
Qatar,2035,12,26.40701711489328
Romania,2025,1,3.282178162481614
Romania,2025,2,3.6419217607954124
Romania,2025,3,6.543521324824724
Romania,2025,4,10.542894614141005
Romania,2025,5,14.454045516417864
Romania,2025,6,17.371565037273285
Romania,2025,7,18.693132290195535
Romania,2025,8,18.142015486465425
Romania,2025,9,15.789572924951244
Romania,2025,10,12.077753982161994
Romania,2025,11,7.841600102020493
Romania,2025,12,4.33174578582566
Romania,2026,1,3.3462406466178436
Romania,2026,2,3.7106528884041836
Romania,2026,3,6.615046224830621
Romania,2026,4,10.615869716807538
Romania,2026,5,14.52758901631114
Romania,2026,6,17.44518735630936
Romania,2026,7,18.76666654068049
Romania,2026,8,18.215547934040842
Romania,2026,9,15.863373451732514
Romania,2026,10,12.152206549625589
Romania,2026,11,7.917133214124078
Romania,2026,12,4.408762951957215
Romania,2027,1,3.411351714902594
Romania,2027,2,3.780646331289063
Romania,2027,3,6.688009995953507
Romania,2027,4,10.69042558855017
Romania,2027,5,14.602823042835553
Romania,2027,6,17.52058033657977
Romania,2027,7,18.84202448144515
Romania,2027,8,18.29093251289396
Romania,2027,9,15.939032480096103
Romania,2027,10,12.228504435804098
Romania,2027,11,7.994481426293532
Romania,2027,12,4.4875504812089275
Romania,2028,1,3.4775290442494224
Romania,2028,2,3.851920483354661
Romania,2028,3,6.762431695396117
Romania,2028,4,10.766581896187745
Romania,2028,5,14.679767818714936
Romania,2028,6,17.597764702962195
Romania,2028,7,18.91922728586087
Romania,2028,8,18.36819079113502
Romania,2028,9,16.01657191924187
Romania,2028,10,12.306669837239497
Romania,2028,11,8.073667168720021
Romania,2028,12,4.5681309836772925
Romania,2029,1,3.544790358669161
Romania,2029,2,3.9244937864614258
Romania,2029,3,6.838330429117377
Romania,2029,4,10.844358356077464
Romania,2029,5,14.758443616993645
Romania,2029,6,17.676761231524324
Romania,2029,7,18.998296179271165
Romania,2029,8,18.44734438967589
Romania,2029,9,16.09601373194255
Romania,2029,10,12.386725004857908
Romania,2029,11,8.154712926790125
Romania,2029,12,4.650527125480039
Romania,2030,1,3.613153429357226
Romania,2030,2,3.9983847304292794
Romania,2030,3,6.915725351861511
Romania,2030,4,10.923774734191284
Romania,2030,5,14.838870761156613
Romania,2030,6,17.757590749523843
Romania,2030,7,19.079252439024458
Romania,2030,8,18.52841498226644
Romania,2030,9,16.177379934612873
Romania,2030,10,12.468692244042359
Romania,2030,11,8.237641241118581
Romania,2030,12,4.734761628843444
Romania,2031,1,3.6826360747481885
Romania,2031,2,4.073611853121292
Romania,2031,3,6.994635667230796
Romania,2031,4,11.004850846148656
Romania,2031,5,14.921069625136624
Romania,2031,6,17.84027413549211
Romania,2031,7,19.162117394572306
Romania,2031,8,18.6114242955382
Romania,2031,9,16.26069259736778
Romania,2031,10,12.552593914676436
Romania,2031,11,8.322474707686524
Romania,2031,12,4.82085727206595
Romania,2032,1,3.7532561605194132
Romania,2032,2,4.150193740465511
Romania,2032,3,7.0750806276928415
Romania,2032,4,11.087606557241998
Romania,2032,5,15.005060633328867
Romania,2032,6,17.924832319285088
Romania,2032,7,19.246912427436655
Romania,2032,8,18.69639410902255
Romania,2032,9,16.345973844033324
Romania,2032,10,12.638452431195219
Romania,2032,11,8.40923597778692
Romania,2032,12,4.908836889580016
Romania,2033,1,3.8250315996710924
Romania,2033,2,4.228149026516803
Romania,2033,3,7.157079534653349
Romania,2033,4,11.172061782516721
Romania,2033,5,15.090864260725539
Romania,2033,6,18.01128628207971
Romania,2033,7,19.333658971351724
Romania,2033,8,18.78334625523439
Romania,2033,9,16.43324585224127
Romania,2033,10,12.726290262578004
Romania,2033,11,8.497947758093687
Romania,2033,12,4.998723372097629
Romania,2034,1,3.8979803525662646
Romania,2034,2,4.307496393500514
Romania,2034,3,7.24065173848885
Romania,2034,4,11.258236486782152
Romania,2034,5,15.178501032901295
Romania,2034,6,18.099657056479373
Romania,2034,7,19.422378512205796
Romania,2034,8,18.872302619708535
Romania,2034,9,16.522530853399985
Romania,2034,10,12.816129932482909
Romania,2034,11,8.58863281073809
Romania,2034,12,5.09053966648662
Romania,2035,1,3.9721204269453665
Romania,2035,2,4.388254571837933
Romania,2035,3,7.325816638561264
Romania,2035,4,11.346150684695203
Romania,2035,5,15.267991526013247
Romania,2035,6,18.18996572649212
Romania,2035,7,19.513092588172185
Romania,2035,8,18.963285141006963
Romania,2035,9,16.613851132821765
Romania,2035,10,12.907994019181388
Romania,2035,11,8.68131395330147
Romania,2035,12,5.184308775938007
Russia,2025,1,-16.547156121311673
Russia,2025,2,-15.536234332931599
Russia,2025,3,-9.911665578084467
Russia,2025,4,-2.488429371019265
Russia,2025,5,4.4926438267111735
Russia,2025,6,9.387373596125144
Russia,2025,7,11.170730550727058
Russia,2025,8,9.459337326407876
Russia,2025,9,4.533969571320085
Russia,2025,10,-2.6379430642000443
Russia,2025,11,-10.379815937768399
Russia,2025,12,-16.283408424976187
Russia,2026,1,-16.48921340481229
Russia,2026,2,-15.470404269110986
Russia,2026,3,-9.840686532711516
Russia,2026,4,-2.4143370610681814
Russia,2026,5,4.5684467960536495
Russia,2026,6,9.464048194550742
Russia,2026,7,11.247931785747824
Russia,2026,8,9.537144706425352
Russia,2026,9,4.612817568639912
Russia,2026,10,-2.5573345503826204
Russia,2026,11,-10.296511118295712
Russia,2026,12,-16.196325157804495
Russia,2027,1,-16.430353800230478
Russia,2027,2,-15.403391115635714
Russia,2027,3,-9.768299468239093
Russia,2027,4,-2.338650557240726
Russia,2027,5,4.645993896870095
Russia,2027,6,9.542583142240801
Russia,2027,7,11.327078385523237
Russia,2027,8,9.616953781785014
Russia,2027,9,4.693697424413585
Russia,2027,10,-2.474687664990597
Russia,2027,11,-10.211182546731834
Russia,2027,12,-16.107251373096915
Russia,2028,1,-16.37056017545092
Russia,2028,2,-15.335176947238324
Russia,2028,3,-9.694485719918703
Russia,2028,4,-2.2613505090002946
Russia,2028,5,4.7253051117231735
Russia,2028,6,9.622999000116579
Russia,2028,7,11.408191435560184
Russia,2028,8,9.698786108901004
Russia,2028,9,4.776631112295036
Russia,2028,10,-2.389980070874117
Russia,2028,11,-10.123807576076615
Russia,2028,12,-16.016164167786883
Russia,2029,1,-16.309815351901307
Russia,2029,2,-15.265743791379464
Russia,2029,3,-9.619226574936874
Russia,2029,4,-2.1824175169886075
Russia,2029,5,4.806400472830319
Russia,2029,6,9.705316379532633
Russia,2029,7,11.491292072701071
Russia,2029,8,9.782663296352439
Russia,2029,9,4.861640658878059
Russia,2029,10,-2.303189377110357
Russia,2029,11,-10.03436350483662
Russia,2029,12,-15.923040583492366
Russia,2030,1,-16.24810210454143
Russia,2030,2,-15.195073628196951
Russia,2030,3,-9.542503272367867
Russia,2030,4,-2.101832132902018
Russia,2030,5,4.889300062154689
Russia,2030,6,9.789555942418701
Russia,2030,7,11.576401485087445
Russia,2030,8,9.868607004828846
Russia,2030,9,4.948748143674493
Russia,2030,10,-2.2142931390799276
Russia,2030,11,-9.94282757694873
Russia,2030,12,-15.827857606439466
Russia,2031,1,-16.185403161746763
Russia,2031,2,-15.123148390513052
Russia,2031,3,-9.46429700313729
Russia,2031,4,-2.019574859484237
Russia,2031,5,4.974024011441543
Russia,2031,6,9.875738401276067
Russia,2031,7,11.663540912301869
Russia,2031,8,9.95663894723566
Russia,2031,9,5.037975699241542
Russia,2031,10,-2.1232688582813353
Russia,2031,11,-9.849176981707387
Russia,2031,12,-15.73059216737147
Russia,2032,1,-16.12170120535575
Russia,2032,2,-15.049949963714425
Russia,2032,3,-9.384588909945705
Russia,2032,4,-1.9356261504426584
Russia,2032,5,5.060592502232794
Russia,2032,6,9.963884519224848
Russia,2032,7,11.752731645295171
Russia,2032,8,10.046780888716057
Russia,2032,9,5.12934551116723
Russia,2032,10,-2.0300939823891895
Russia,2032,11,-9.753388853753677
Russia,2032,12,-15.631221141647075
Russia,2033,1,-16.056978870520652
Russia,2033,2,-14.975460185784868
Russia,2033,3,-9.303360087261353
Russia,2033,4,-1.8499664104629119
Russia,2033,5,5.149025765950682
Russia,2033,6,10.05401511006221
Russia,2033,7,11.843995026575612
Russia,2033,8,10.139054646712793
Russia,2033,9,5.222879818139518
Russia,2033,10,-1.934745905163254
Russia,2033,11,-9.655440272991655
Russia,2033,12,-15.529721349025749
Russia,2034,1,-15.991218745769402
Russia,2034,2,-14.89966084720345
Russia,2034,3,-9.22059158126558
Russia,2034,4,-1.7625759951251894
Russia,2034,5,5.239344083915967
Russia,2034,6,10.146151038302378
Russia,2034,7,11.937352450099752
Russia,2034,8,10.23348209096821
Russia,2034,9,5.318600911986323
Russia,2034,10,-1.837201966422981
Russia,2034,11,-9.555308264599262
Russia,2034,12,-15.42606955374049
Russia,2035,1,-15.92440337287826
Russia,2035,2,-14.822533690940872
Russia,2035,3,-9.136264389790995
Russia,2035,4,-1.6734352108351231
Russia,2035,5,5.331567787409767
Russia,2035,6,10.240313219209384
Russia,2035,7,12.032825361461619
Russia,2035,8,10.330085143651559
Russia,2035,9,5.4165311377337275
Russia,2035,10,-1.737439451989303
Russia,2035,11,-9.452969798948288
Russia,2035,12,-15.320242464443254
Rwanda,2025,1,17.00883427791723
Rwanda,2025,2,17.25356475544413
Rwanda,2025,3,18.338547290140014
Rwanda,2025,4,19.83126886298578
Rwanda,2025,5,21.33730813710008
Rwanda,2025,6,22.522836447647023
Rwanda,2025,7,23.13711879177663
Rwanda,2025,8,23.03501481843068
Rwanda,2025,9,22.199479818341388
Rwanda,2025,10,20.764065713844502
Rwanda,2025,11,19.03542204886344
Rwanda,2025,12,17.515796978693288
Rwanda,2026,1,17.05480902608997
Rwanda,2026,2,17.305258563618736
Rwanda,2026,3,18.39425970888351
Rwanda,2026,4,19.889711478362187
Rwanda,2026,5,21.397535033710483
Rwanda,2026,6,22.58417467167328
Rwanda,2026,7,23.199098813926867
Rwanda,2026,8,23.097300997041202
Rwanda,2026,9,22.26180086234035
Rwanda,2026,10,20.82614514580291
Rwanda,2026,11,19.096908667980642
Rwanda,2026,12,17.57619532384797
Rwanda,2027,1,17.10173972897337
Rwanda,2027,2,17.358091115617754
Rwanda,2027,3,18.451259336828116
Rwanda,2027,4,19.94955796204249
Rwanda,2027,5,21.459253168891337
Rwanda,2027,6,22.6470647330907
Rwanda,2027,7,23.262667018360844
Rwanda,2027,8,23.161189966308484
Rwanda,2027,9,22.32572008626903
Rwanda,2027,10,20.88980144533798
Rwanda,2027,11,19.159936658118568
Rwanda,2027,12,17.63808787673861
Rwanda,2028,1,17.149644209785947
Rwanda,2028,2,17.412080898667227
Rwanda,2028,3,18.509565271499923
Rwanda,2028,4,20.010827968130798
Rwanda,2028,5,21.52248269960637
Rwanda,2028,6,22.711527238084273
Rwanda,2028,7,23.327844406730037
Rwanda,2028,8,23.22670306960663
Rwanda,2028,9,22.391259121582152
Rwanda,2028,10,20.955056478233928
Rwanda,2028,11,19.224528065712548
Rwanda,2028,12,17.70149681066414
Rwanda,2029,1,17.198540339334613
Rwanda,2029,2,17.46724644839287
Rwanda,2029,3,18.569196659646877
Rwanda,2029,4,20.07354120078253
Rwanda,2029,5,21.58724383370736
Rwanda,2029,6,22.777582844458266
Rwanda,2029,7,23.39465203308373
Rwanda,2029,8,23.293861703584298
Rwanda,2029,9,22.458439653772984
Rwanda,2029,10,21.021932165139333
Rwanda,2029,11,19.290704992837163
Rwanda,2029,12,17.766444355483145
Rwanda,2030,1,17.24844603610927
Rwanda,2030,2,17.523606348896465
Rwanda,2030,3,18.630172697264243
Rwanda,2030,4,20.137717414193503
Rwanda,2030,5,21.65355682988684
Rwanda,2030,6,22.845252261705355
Rwanda,2030,7,23.463111004032726
Rwanda,2030,8,23.362687318222925
Rwanda,2030,9,22.52728342246064
Rwanda,2030,10,21.090450481647167
Rwanda,2030,11,19.358489597326297
Rwanda,2030,12,17.832952797566577
Rwanda,2031,1,17.29937926626826
Rwanda,2031,2,17.58117923276677
Rwanda,2031,3,18.692512629678276
Rwanda,2031,4,20.20337641270544
Rwanda,2031,5,21.721441997790862
Rwanda,2031,6,22.914556251064823
Rwanda,2031,7,23.533242478698412
Rwanda,2031,8,23.433201416822158
Rwanda,2031,9,22.597812221444656
Rwanda,2031,10,21.160633458294797
Rwanda,2031,11,19.427904092784047
Rwanda,2031,12,17.90104447986323
Rwanda,2032,1,17.35135804372203
Rwanda,2032,2,17.639983781130468
Rwanda,2032,3,18.756235751549866
Rwanda,2032,4,20.270538050798677
Rwanda,2032,5,21.79091969802994
Rwanda,2032,6,22.985515625544394
Rwanda,2032,7,23.605067668763695
Rwanda,2032,8,23.50542555606171
Rwanda,2032,9,22.67004789866496
Rwanda,2032,10,21.232503180629465
Rwanda,2032,11,19.498970748642932
Rwanda,2032,12,17.97074180195068
Rwanda,2033,1,17.404400430158603
Rwanda,2033,2,17.70003872377947
Rwanda,2033,3,18.82136140696184
Rwanda,2033,4,20.339222233201326
Rwanda,2033,5,21.862010342222675
Rwanda,2033,6,23.058151249996627
Rwanda,2033,7,23.678607838607604
Rwanda,2033,8,23.579381346092305
Rwanda,2033,9,22.744012356412895
Rwanda,2033,10,21.306081789295604
Rwanda,2033,11,19.571711890182087
Rwanda,2033,12,18.042067220089848
Rwanda,2034,1,17.45852453509451
Rwanda,2034,2,17.76136283901087
Rwanda,2034,3,18.88790898942989
Rwanda,2034,4,20.409448914838322
Rwanda,2034,5,21.934734393053986
Rwanda,2034,6,23.132484041122552
Rwanda,2034,7,23.753884305221618
Rwanda,2034,8,23.655090450546595
Rwanda,2034,9,22.819727551160213
Rwanda,2034,10,21.381391479965714
Rwanda,2034,11,19.646149898585463
Rwanda,2034,12,18.115043247239555
Rwanda,2035,1,17.513748515929365
Rwanda,2035,2,17.823974953943434
Rwanda,2035,3,18.95589794195712
Rwanda,2035,4,20.481238100969676
Rwanda,2035,5,22.0091123643042
Rwanda,2035,6,23.2085349675408
Rwanda,2035,7,23.83091843837701
Rwanda,2035,8,23.732574586575538
Rwanda,2035,9,22.89721549379192
Rwanda,2035,10,21.45845450354045
Rwanda,2035,11,19.722307211047337
Rwanda,2035,12,18.18969245315111
Saint Helena,2025,1,19.75985715826846
Saint Helena,2025,2,20.332022340026924
Saint Helena,2025,3,21.251443211859623
Saint Helena,2025,4,22.332094643920755
Saint Helena,2025,5,23.373937181449037
Saint Helena,2025,6,24.185418034584472
Saint Helena,2025,7,24.605972068316078
Saint Helena,2025,8,24.5285227924187
Saint Helena,2025,9,23.92198335122248
Saint Helena,2025,10,22.853757513673372
Saint Helena,2025,11,21.51224066310988
Saint Helena,2025,12,20.229320787188954
Saint Helena,2026,1,19.800439272480617
Saint Helena,2026,2,20.378882886726387
Saint Helena,2026,3,21.302871764431075
Saint Helena,2026,4,22.38676456299163
Saint Helena,2026,5,23.430836077878666
Saint Helena,2026,6,24.243778232522345
Saint Helena,2026,7,24.665201068223723
Saint Helena,2026,8,24.58813373404064
Saint Helena,2026,9,23.981525476673596
Saint Helena,2026,10,22.91274663038803
Saint Helena,2026,11,21.57008960688563
Saint Helena,2026,12,20.2852698852339
Saint Helena,2027,1,19.84193330832295
Saint Helena,2027,2,20.426831486355695
Saint Helena,2027,3,21.35553085288575
Saint Helena,2027,4,22.44277636998686
Saint Helena,2027,5,23.489159600864696
Saint Helena,2027,6,24.30361969965179
Saint Helena,2027,7,24.725944401366178
Saint Helena,2027,8,24.649271011822748
Saint Helena,2027,9,24.042587397522766
Saint Helena,2027,10,22.973232975496103
Saint Helena,2027,11,21.629399703263516
Saint Helena,2027,12,20.34263306871162
Saint Helena,2028,1,19.884357095671476
Saint Helena,2028,2,20.47588662020371
Saint Helena,2028,3,21.409439556257894
Saint Helena,2028,4,22.5001496880368
Saint Helena,2028,5,23.5489278638388
Saint Helena,2028,6,24.364962985991042
Saint Helena,2028,7,24.788223000695325
Saint Helena,2028,8,24.711955887932163
Saint Helena,2028,9,24.10519065141216
Saint Helena,2028,10,23.03523830843278
Saint Helena,2028,11,21.690192879760616
Saint Helena,2028,12,20.40143237952816
Saint Helena,2029,1,19.927728512103386
Saint Helena,2029,2,20.526066818148138
Saint Helena,2029,3,21.464617002989144
Saint Helena,2029,4,22.558904190370413
Saint Helena,2029,5,23.610161031200732
Saint Helena,2029,6,24.427828693377705
Saint Helena,2029,7,24.85205785171729
Saint Helena,2029,8,24.776209677876068
Saint Helena,2029,9,24.169356830193465
Saint Helena,2029,10,23.098784443643126
Saint Helena,2029,11,21.75249111967878
Saint Helena,2029,12,20.46168991617469
Saint Helena,2030,1,19.972065482988
Saint Helena,2030,2,20.577390658611876
Saint Helena,2030,3,21.521082370841214
Saint Helena,2030,4,22.619059600431683
Saint Helena,2030,5,23.672879318300147
Saint Helena,2030,6,24.492237475385082
Saint Helena,2030,7,24.917469992583392
Saint Helena,2030,8,24.84205375061447
Saint Helena,2030,9,24.235107579931537
Saint Helena,2030,10,23.16389325059299
Saint Helena,2030,11,21.81631646220285
Saint Helena,2030,12,20.523427833785718
Saint Helena,2031,1,20.017385981479492
Saint Helena,2031,2,20.629876768628492
Saint Helena,2031,3,21.578854887008674
Saint Helena,2031,4,22.68063569185415
Saint Helena,2031,5,23.737102991553
Saint Helena,2031,6,24.558210037489516
Saint Helena,2031,7,24.984480514093775
Saint Helena,2031,8,24.909509528571107
Saint Helena,2031,9,24.302464600948042
Saint Helena,2031,10,23.230586653805403
Saint Helena,2031,11,21.881691002371554
Saint Helena,2031,12,20.586668344215468
Saint Helena,2032,1,20.063708028611472
Saint Helena,2032,2,20.683543823885884
Saint Helena,2032,3,21.63795382819535
Saint Helena,2032,4,22.743652288624617
Saint Helena,2032,5,23.80285236844884
Saint Helena,2032,6,24.625767137034018
Saint Helena,2032,7,25.053110559711968
Saint Helena,2032,8,24.97859848767348
Saint Helena,2032,9,24.371449647886948
Saint Helena,2032,10,23.298886632976973
Saint Helena,2032,11,21.94863689115391
Saint Helena,2032,12,20.65143371605609
Saint Helena,2033,1,20.111049693275163
Saint Helena,2033,2,20.7384105487954
Saint Helena,2033,3,21.698398520548835
Saint Helena,2033,4,22.808129264955824
Saint Helena,2033,5,23.870147817627185
Saint Helena,2033,6,24.694929583304656
Saint Helena,2033,7,25.12338132568857
Saint Helena,2033,8,25.049342157381943
Saint Helena,2033,9,24.442084529776366
Saint Helena,2033,10,23.36881522294152
Saint Helena,2033,11,22.01717633552562
Saint Helena,2033,12,20.71774627466675
Saint Helena,2034,1,20.159429092335813
Saint Helena,2034,2,20.79449571650639
Saint Helena,2034,3,21.76020833982784
Saint Helena,2034,4,22.874086545482896
Saint Helena,2034,5,23.939009758895736
Saint Helena,2034,6,24.765718237563306
Saint Helena,2034,7,25.19531406105034
Saint Helena,2034,8,25.121762120791573
Saint Helena,2034,9,24.514391110028555
Saint Helena,2034,10,23.44039451374283
Saint Helena,2034,11,22.08733159845815
Saint Helena,2034,12,20.785628402239126
Saint Helena,2035,1,20.208864390621784
Saint Helena,2035,2,20.851818148964412
Saint Helena,2035,3,21.823402711380368
Saint Helena,2035,4,22.94154410525971
Saint Helena,2035,5,24.009458663244914
Saint Helena,2035,6,24.838154013094936
Saint Helena,2035,7,25.26893006764385
Saint Helena,2035,8,25.195880014599425
Saint Helena,2035,9,24.588391306516314
Saint Helena,2035,10,23.513646650685587
Saint Helena,2035,11,22.15912499899514
Saint Helena,2035,12,20.855102537848325
Saint Vincent and the Grenadines,2025,1,24.26986103057152
Saint Vincent and the Grenadines,2025,2,26.34401083900684
Saint Vincent and the Grenadines,2025,3,27.50929805504802
Saint Vincent and the Grenadines,2025,4,28.130524521032385
Saint Vincent and the Grenadines,2025,5,28.443997271181615
Saint Vincent and the Grenadines,2025,6,28.58002952150582
Saint Vincent and the Grenadines,2025,7,28.585441659758544
Saint Vincent and the Grenadines,2025,8,28.446062235242607
Saint Vincent and the Grenadines,2025,9,28.109228948772397
Saint Vincent and the Grenadines,2025,10,27.506289642570664
Saint Vincent and the Grenadines,2025,11,26.575103290110746
Saint Vincent and the Grenadines,2025,12,25.282540986060667
Saint Vincent and the Grenadines,2026,1,24.299661324851513
Saint Vincent and the Grenadines,2026,2,26.38166111063856
Saint Vincent and the Grenadines,2026,3,27.552996967876425
Saint Vincent and the Grenadines,2026,4,28.17879246268876
Saint Vincent and the Grenadines,2026,5,28.495606816156396
Saint Vincent and the Grenadines,2026,6,28.633935894163187
Saint Vincent and the Grenadines,2026,7,28.640713197329205
Saint Vincent and the Grenadines,2026,8,28.501810850878428
Saint Vincent and the Grenadines,2026,9,28.1645405945319
Saint Vincent and the Grenadines,2026,10,27.560154772455462
Saint Vincent and the Grenadines,2026,11,26.626347323054688
Saint Vincent and the Grenadines,2026,12,25.329754769039027
Saint Vincent and the Grenadines,2027,1,24.330247134811543
Saint Vincent and the Grenadines,2027,2,26.420259303905368
Saint Vincent and the Grenadines,2027,3,27.59777404381839
Saint Vincent and the Grenadines,2027,4,28.22823916195648
Saint Vincent and the Grenadines,2027,5,28.54846858370456
Saint Vincent and the Grenadines,2027,6,28.689143342232455
Saint Vincent and the Grenadines,2027,7,28.697312568475354
Saint Vincent and the Grenadines,2027,8,28.558894481023344
Saint Vincent and the Grenadines,2027,9,28.221177375959996
Saint Vincent and the Grenadines,2027,10,27.615320616810095
Saint Vincent and the Grenadines,2027,11,26.678855624381868
Saint Vincent and the Grenadines,2027,12,25.37818686682749
Saint Vincent and the Grenadines,2028,1,24.361636267306494
Saint Vincent and the Grenadines,2028,2,26.459823849502754
Saint Vincent and the Grenadines,2028,3,27.643648283738912
Saint Vincent and the Grenadines,2028,4,28.278884136177112
Saint Vincent and the Grenadines,2028,5,28.60260255387493
Saint Vincent and the Grenadines,2028,6,28.745672254798592
Saint Vincent and the Grenadines,2028,7,28.75526051763245
Saint Vincent and the Grenadines,2028,8,28.617334171741277
Saint Vincent and the Grenadines,2028,9,28.279160586997932
Saint Vincent and the Grenadines,2028,10,27.671808663771117
Saint Vincent and the Grenadines,2028,11,26.73264982274577
Saint Vincent and the Grenadines,2028,12,25.427858994863527
Saint Vincent and the Grenadines,2029,1,24.39384657717619
Saint Vincent and the Grenadines,2029,2,26.500373226918782
Saint Vincent and the Grenadines,2029,3,27.690638738132293
Saint Vincent and the Grenadines,2029,4,28.330746953041853
Saint Vincent and the Grenadines,2029,5,28.658028757960892
Saint Vincent and the Grenadines,2029,6,28.803543072973298
Saint Vincent and the Grenadines,2029,7,28.814577842023027
Saint Vincent and the Grenadines,2029,8,28.677151022665385
Saint Vincent and the Grenadines,2029,9,28.338511576043857
Saint Vincent and the Grenadines,2029,10,27.729640456765082
Saint Vincent and the Grenadines,2029,11,26.78775160281384
Saint Vincent and the Grenadines,2029,12,25.478792925428024
Saint Vincent and the Grenadines,2030,1,24.426895967205382
Saint Vincent and the Grenadines,2030,2,26.54192596447774
Saint Vincent and the Grenadines,2030,3,27.738764507023916
Saint Vincent and the Grenadines,2030,4,28.38384723071522
Saint Vincent and the Grenadines,2030,5,28.71476727843128
Saint Vincent and the Grenadines,2030,6,28.862776289920475
Saint Vincent and the Grenadines,2030,7,28.875285391733087
Saint Vincent and the Grenadines,2030,8,28.73836618713267
Saint Vincent and the Grenadines,2030,9,28.39925174592736
Saint Vincent and the Grenadines,2030,10,27.78883759445762
Saint Vincent and the Grenadines,2030,11,26.84418270538754
Saint Vincent and the Grenadines,2030,12,25.531010487710773
Saint Vincent and the Grenadines,2031,1,24.46080238829836
Saint Vincent and the Grenadines,2031,2,26.58450063934015
Saint Vincent and the Grenadines,2031,3,27.788044740203077
Saint Vincent and the Grenadines,2031,4,28.43820463782413
Saint Vincent and the Grenadines,2031,5,28.772838249105007
Saint Vincent and the Grenadines,2031,6,28.92339245088533
Saint Vincent and the Grenadines,2031,7,28.937404069799413
Saint Vincent and the Grenadines,2031,8,28.801000872205805
Saint Vincent and the Grenadines,2031,9,28.461402554073175
Saint Vincent and the Grenadines,2031,10,27.84942173082618
Saint Vincent and the Grenadines,2031,11,26.901964927358677
Saint Vincent and the Grenadines,2031,12,25.584533567850485
Saint Vincent and the Grenadines,2032,1,24.49558383942076
Saint Vincent and the Grenadines,2032,2,26.628115877546406
Saint Vincent and the Grenadines,2032,3,27.838498637117482
Saint Vincent and the Grenadines,2032,4,28.49383889348337
Saint Vincent and the Grenadines,2032,5,28.83226185507101
Saint Vincent and the Grenadines,2032,6,28.985412153212565
Saint Vincent and the Grenadines,2032,7,29.000954832111347
Saint Vincent and the Grenadines,2032,8,28.865076338640392
Saint Vincent and the Grenadines,2032,9,28.524985512348394
Saint Vincent and the Grenadines,2032,10,27.911414575265553
Saint Vincent and the Grenadines,2032,11,26.96112012184767
Saint Vincent and the Grenadines,2032,12,25.639384108905688
Saint Vincent and the Grenadines,2033,1,24.531258367697774
Saint Vincent and the Grenadines,2033,2,26.672790354184144
Saint Vincent and the Grenadines,2033,3,27.890145447000577
Saint Vincent and the Grenadines,2033,4,28.55076976743385
Saint Vincent and the Grenadines,2033,5,28.893058332844703
Saint Vincent and the Grenadines,2033,6,29.04885604653191
Saint Vincent and the Grenadines,2033,7,29.065958687643615
Saint Vincent and the Grenadines,2033,8,28.930613901059587
Saint Vincent and the Grenadines,2033,9,28.590022187335308
Saint Vincent and the Grenadines,2033,10,27.974837892540563
Saint Vincent and the Grenadines,2033,11,27.02167019816352
Saint Vincent and the Grenadines,2033,12,25.69558411109847
Saint Vincent and the Grenadines,2034,1,24.567844068439626
Saint Vincent and the Grenadines,2034,2,26.718542793228153
Saint Vincent and the Grenadines,2034,3,27.943004468856998
Saint Vincent and the Grenadines,2034,4,28.60901707999892
Saint Vincent and the Grenadines,2034,5,28.955247970342498
Saint Vincent and the Grenadines,2034,6,29.113744832605335
Saint Vincent and the Grenadines,2034,7,29.132436698354468
Saint Vincent and the Grenadines,2034,8,28.997634927899526
Saint Vincent and the Grenadines,2034,9,28.656534200225906
Saint Vincent and the Grenadines,2034,10,28.039713502887935
Saint Vincent and the Grenadines,2034,11,27.083637121894753
Saint Vincent and the Grenadines,2034,12,25.753155631607115
Saint Vincent and the Grenadines,2035,1,24.60535908518159
Saint Vincent and the Grenadines,2035,2,26.76539196775866
Saint Vincent and the Grenadines,2035,3,27.997095051593533
Saint Vincent and the Grenadines,2035,4,28.66860070212806
Saint Vincent and the Grenadines,2035,5,29.01885110692183
Saint Vincent and the Grenadines,2035,6,29.180099265501667
Saint Vincent and the Grenadines,2035,7,29.20040997927663
Saint Vincent and the Grenadines,2035,8,29.06616084144207
Saint Vincent and the Grenadines,2035,9,28.724543226898277
Saint Vincent and the Grenadines,2035,10,28.106063282085415
Saint Vincent and the Grenadines,2035,11,27.147042914931262
Saint Vincent and the Grenadines,2035,12,25.81212078476983
Samoa,2025,1,23.495012015177963
Samoa,2025,2,25.12471092989017
Samoa,2025,3,26.150272364739976
Samoa,2025,4,26.811825317717194
Samoa,2025,5,27.246684682902014
Samoa,2025,6,27.51185224035453
Samoa,2025,7,27.606517646084285
Samoa,2025,8,27.494559421823396
Samoa,2025,9,27.127045945039754
Samoa,2025,10,26.46473643876834
Samoa,2025,11,25.50058196152986
Samoa,2025,12,24.28222639723117
Samoa,2026,1,23.52696596948317
Samoa,2026,2,25.164124641033595
Samoa,2026,3,26.195373139221374
Samoa,2026,4,26.86117610817837
Samoa,2026,5,27.299114551126877
Samoa,2026,6,27.56638682029825
Samoa,2026,7,27.662309606869712
Samoa,2026,8,27.5508189308066
Samoa,2026,9,27.18297113079916
Samoa,2026,10,26.519443854104793
Samoa,2026,11,25.553037046517602
Samoa,2026,12,24.331173942243367
Samoa,2027,1,23.559737339824096
Samoa,2027,2,25.2045211451632
Samoa,2027,3,26.24158958634962
Samoa,2027,4,26.91174547106948
Samoa,2027,5,27.352838429110307
Samoa,2027,6,27.622265902385152
Samoa,2027,7,27.719474134640222
Samoa,2027,8,27.608459161497194
Samoa,2027,9,27.240267800309994
Samoa,2027,10,26.575498640061596
Samoa,2027,11,25.606803031202617
Samoa,2027,12,24.381386075664523
Samoa,2028,1,23.593343942714455
Samoa,2028,2,25.245918888876076
Samoa,2028,3,26.28894072905041
Samoa,2028,4,26.963552951933707
Samoa,2028,5,27.407876331385523
Samoa,2028,6,27.679509916321877
Samoa,2028,7,27.77803202060113
Samoa,2028,8,27.667501212920797
Samoa,2028,9,27.298957306736156
Samoa,2028,10,26.632922350149784
Samoa,2028,11,25.661901615761053
Samoa,2028,12,24.43288459068299
Samoa,2029,1,23.627803642587423
Samoa,2029,2,25.288336367420015
Samoa,2029,3,26.33744563973687
Samoa,2029,4,27.016618146671135
Samoa,2029,5,27.464248323548418
Samoa,2029,6,27.738139343787225
Samoa,2029,7,27.83800410874119
Samoa,2029,8,27.727966237672263
Samoa,2029,9,27.359061057549297
Samoa,2029,10,26.69173659306125
Samoa,2029,11,25.718354556390295
Samoa,2029,12,24.485691337243225
Samoa,2030,1,23.663134351824738
Samoa,2030,2,25.331792124882668
Samoa,2030,3,26.38712344043688
Samoa,2030,4,27.070960701538752
Samoa,2030,5,27.521974522413984
Samoa,2030,6,27.798174718417613
Samoa,2030,7,27.899411295854406
Samoa,2030,8,27.7898754419557
Samoa,2030,9,27.42060051468161
Samoa,2030,10,26.7519630327306
Samoa,2030,11,25.776183665319877
Samoa,2030,12,24.539828222191318
Samoa,2031,1,23.699354030814902
Samoa,2031,2,25.376304754129706
Samoa,2031,3,26.43799330280035
Samoa,2031,4,27.12660031323412
Samoa,2031,5,27.58107509603451
Samoa,2031,6,27.859636625901658
Samoa,2031,7,27.96227453155825
Samoa,2031,8,27.85325008561722
Samoa,2031,9,27.483597194504
Samoa,2031,10,26.813623388331507
Samoa,2031,11,25.83541081083331
Samoa,2031,12,24.59531720920586
Samoa,2032,1,23.73648068796774
Samoa,2032,2,25.421892896826648
Samoa,2032,3,26.49007444808467
Samoa,2032,4,27.183556728909934
Samoa,2032,5,27.641570263721405
Samoa,2032,6,27.92254570400928
Samoa,2032,7,28.02661481834457
Samoa,2032,8,27.918111482214044
Samoa,2032,9,27.548072667887936
Samoa,2032,10,26.876739434396768
Samoa,2032,11,25.896057917348116
Samoa,2032,12,24.65218031889617
Samoa,2033,1,23.774532379801713
Samoa,2033,2,25.46857524360621
Samoa,2033,3,26.543386147285673
Samoa,2033,4,27.24184974624677
Samoa,2033,5,27.703480296092494
Samoa,2033,6,27.98692264264264
Samoa,2033,7,28.092453211703287
Samoa,2033,8,27.984480999065454
Samoa,2033,9,27.614048560303672
Samoa,2033,10,26.941333000785562
Samoa,2033,11,25.958146965474043
Samoa,2033,12,24.710439628896893
Samoa,2034,1,23.813527210954817
Samoa,2034,2,25.516370534006455
Samoa,2034,3,26.597947721155833
Samoa,2034,4,27.30149921343491
Samoa,2034,5,27.76682551518843
Samoa,2034,6,28.052788183865232
Samoa,2034,7,28.159810820046005
Samoa,2034,8,28.05238005721276
Samoa,2034,9,27.681546551732936
Samoa,2034,10,27.00742597273802
Samoa,2034,11,26.021699991980313
Samoa,2034,12,24.77011727379886
Samoa,2035,1,23.853483334253724
Samoa,2035,2,25.56529755656902
Samoa,2035,3,26.653778540204257
Samoa,2035,4,27.362525029334392
Samoa,2035,5,27.83162629438175
Samoa,2035,6,28.120163121974656
Samoa,2035,7,28.228708804826056
Samoa,2035,8,28.12183013161939
Samoa,2035,9,27.75058837690176
Samoa,2035,10,27.075040291009827
Samoa,2035,11,26.0867390899557
Samoa,2035,12,24.83123544531645
Sao Tome and Principe,2025,1,23.686006209941297
Sao Tome and Principe,2025,2,25.41117405429486
Sao Tome and Principe,2025,3,26.463907211154037
Sao Tome and Principe,2025,4,27.11273070270272
Sao Tome and Principe,2025,5,27.51749466120691
Sao Tome and Principe,2025,6,27.751875318751445
Sao Tome and Principe,2025,7,27.82587599728231
Sao Tome and Principe,2025,8,27.708328098379752
Sao Tome and Principe,2025,9,27.349392093249662
Sao Tome and Principe,2025,10,26.70305851256944
Sao Tome and Principe,2025,11,25.74964893642118
Sao Tome and Principe,2025,12,24.51831698415208
Sao Tome and Principe,2026,1,23.717450098699373
Sao Tome and Principe,2026,2,25.450164947594203
Sao Tome and Principe,2026,3,26.508666298924254
Sao Tome and Principe,2026,4,27.161811643735746
Sao Tome and Principe,2026,5,27.569714046095214
Sao Tome and Principe,2026,6,27.806243132964482
Sao Tome and Principe,2026,7,27.881526084137477
Sao Tome and Principe,2026,8,27.764448622122472
Sao Tome and Principe,2026,9,27.40515600200615
Sao Tome and Principe,2026,10,26.75755400142316
Sao Tome and Principe,2026,11,25.801809910376505
Sao Tome and Principe,2026,12,24.56685352119257
Sao Tome and Principe,2027,1,23.74970430373378
Sao Tome and Principe,2027,2,25.4901308505805
Sao Tome and Principe,2027,3,26.554532668474167
Sao Tome and Principe,2027,4,27.212102234720987
Sao Tome and Principe,2027,5,27.623218062651176
Sao Tome and Principe,2027,6,27.861945691552137
Sao Tome and Principe,2027,7,27.938538676514327
Sao Tome and Principe,2027,8,27.821939578360798
Sao Tome and Principe,2027,9,27.4622809535731
Sao Tome and Principe,2027,10,26.81338634412623
Sao Tome and Principe,2027,11,25.85527126742545
Sao Tome and Principe,2027,12,24.616644206199453
Sao Tome and Principe,2028,1,23.782786639593724
Sao Tome and Principe,2028,2,25.531090206463887
Sao Tome and Principe,2028,3,26.601525337923704
Sao Tome and Principe,2028,4,27.263622015017063
Sao Tome and Principe,2028,5,27.678026717779176
Sao Tome and Principe,2028,6,27.919003415206134
Sao Tome and Principe,2028,7,27.996934555177177
Sao Tome and Principe,2028,8,27.880822054307828
Sao Tome and Principe,2028,9,27.52078828782487
Sao Tome and Principe,2028,10,26.870577079535906
Sao Tome and Principe,2028,11,25.91005469167885
Sao Tome and Principe,2028,12,24.667710814840575
Sao Tome and Principe,2029,1,23.816714968751512
Sao Tome and Principe,2029,2,25.573061507145212
Sao Tome and Principe,2029,3,26.649663374956617
Sao Tome and Principe,2029,4,27.31639057432494
Sao Tome and Principe,2029,5,27.734160069457175
Sao Tome and Principe,2029,6,27.97743677656854
Sao Tome and Principe,2029,7,28.056734553691967
Sao Tome and Principe,2029,8,27.9411171906695
Sao Tome and Principe,2029,9,27.580699398965407
Sao Tome and Principe,2029,10,26.92914780166484
Sao Tome and Principe,2029,11,25.966181923254226
Sao Tome and Principe,2029,12,24.720075179601736
Sao Tome and Principe,2030,1,23.851507201613458
Sao Tome and Principe,2030,2,25.616063293310617
Sao Tome and Principe,2030,3,26.69896589675136
Sao Tome and Principe,2030,4,27.37042755267339
Sao Tome and Principe,2030,5,27.791638226907708
Sao Tome and Principe,2030,6,28.037266300253577
Sao Tome and Principe,2030,7,28.117959558375333
Sao Tome and Principe,2030,8,28.00284618180831
Sao Tome and Principe,2030,9,27.642035735684658
Sao Tome and Principe,2030,10,26.98912015977203
Sao Tome and Principe,2030,11,26.023674758279412
Sao Tome and Principe,2030,12,24.7737591897976
Sao Tome and Principe,2031,1,23.887181296647213
Sao Tome and Principe,2031,2,25.660114154460643
Sao Tome and Principe,2031,3,26.749452070221196
Sao Tome and Principe,2031,4,27.425752640640894
Sao Tome and Principe,2031,5,27.8504813505906
Sao Tome and Principe,2031,6,28.098512562953147
Sao Tome and Principe,2031,7,28.180630508480135
Sao Tome and Principe,2031,8,28.06603027577239
Sao Tome and Principe,2031,9,27.7048188011222
Sao Tome and Principe,2031,10,27.05051585839192
Sao Tome and Principe,2031,11,26.08255504897261
Sao Tome and Principe,2031,12,24.828784791644466
Sao Tome and Principe,2032,1,23.923755260316284
Sao Tome and Principe,2032,2,25.705232728993906
Sao Tome and Principe,2032,3,26.80114111187231
Sao Tome and Principe,2032,4,27.482385579162838
Sao Tome and Principe,2032,5,27.910709652224796
Sao Tome and Principe,2032,6,28.16119619345136
Sao Tome and Principe,2032,7,28.244768396093605
Sao Tome and Principe,2032,8,28.130690774310096
Sao Tome and Principe,2032,9,27.769070152918175
Sao Tome and Principe,2032,10,27.113356657407166
Sao Tome and Principe,2032,11,26.142844703736955
Sao Tome and Principe,2032,12,24.885173988300267
Sao Tome and Principe,2033,1,23.961247147254653
Sao Tome and Principe,2033,2,25.751437704163436
Sao Tome and Principe,2033,3,26.854052287963896
Sao Tome and Principe,2033,4,27.540346159811634
Sao Tome and Principe,2033,5,27.972343394933887
Sao Tome and Principe,2033,6,28.22533787267548
Sao Tome and Principe,2033,7,28.310394266301046
Sao Tome and Principe,2033,8,28.19684903289908
Sao Tome and Principe,2033,9,27.834811403329695
Sao Tome and Principe,2033,10,27.177664372059553
Sao Tome and Principe,2033,11,26.204565687116883
Sao Tome and Principe,2033,12,24.942948839959172
Sao Tome and Principe,2034,1,23.99967506019766
Sao Tome and Principe,2034,2,25.79874781618946
Sao Tome and Principe,2034,3,26.908204914519047
Sao Tome and Principe,2034,4,27.599654224607548
Sao Tome and Principe,2034,5,28.03540289311877
Sao Tome and Principe,2034,6,28.29095833374322
Sao Tome and Principe,2034,7,28.377529217138544
Sao Tome and Principe,2034,8,28.26452646085545
Sao Tome and Principe,2034,9,27.902064219158092
Sao Tome and Principe,2034,10,27.24346087300455
Sao Tome and Principe,2034,11,26.2677400198927
Sao Tome and Principe,2034,12,25.00213146374972
Sao Tome and Principe,2035,1,24.039057150047483
Sao Tome and Principe,2035,2,25.8471818503358
Sao Tome and Principe,2035,3,26.963618357342966
Sao Tome and Principe,2035,4,27.66032966629882
Sao Tome and Principe,2035,5,28.099908512665024
Sao Tome and Principe,2035,6,28.35807836197364
Sao Tome and Principe,2035,7,28.446194399720298
Sao Tome and Principe,2035,8,28.33374452130829
Sao Tome and Principe,2035,9,27.97085032191626
Sao Tome and Principe,2035,10,27.310768086369535
Sao Tome and Principe,2035,11,26.332389779095138
Sao Tome and Principe,2035,12,25.06274403397856
Saudi Arabia,2025,1,23.481941954590184
Saudi Arabia,2025,2,25.105373702456745
Saudi Arabia,2025,3,26.129213583336423
Saudi Arabia,2025,4,26.791691096533214
Saudi Arabia,2025,5,27.228613929958556
Saudi Arabia,2025,6,27.495868950060867
Saudi Arabia,2025,7,27.59192319178419
Saudi Arabia,2025,8,27.480324848294003
Saudi Arabia,2025,9,27.112204261055922
Saudi Arabia,2025,10,26.44877490964882
Saudi Arabia,2025,11,25.48383440165071
Saudi Arabia,2025,12,24.266265462571937
Saudi Arabia,2026,1,23.51393041146821
Saudi Arabia,2026,2,25.144816115059257
Saudi Arabia,2026,3,26.174337658708282
Saudi Arabia,2026,4,26.841060400515744
Saudi Arabia,2026,5,27.281058350211424
Saudi Arabia,2026,6,27.550415159127624
Saudi Arabia,2026,7,27.647725109997737
Saudi Arabia,2026,8,27.53659410693308
Saudi Arabia,2026,9,27.16814066527604
Saudi Arabia,2026,10,26.503496901507788
Saudi Arabia,2026,11,25.536309523159616
Saudi Arabia,2026,12,24.315240818687926
Saudi Arabia,2027,1,23.546736755787606
Saudi Arabia,2027,2,25.185241837932153
Saudi Arabia,2027,3,26.220577964782024
Saudi Arabia,2027,4,26.891648870671816
Saudi Arabia,2027,5,27.33479740463099
Saudi Arabia,2027,6,27.606306520237013
Saudi Arabia,2027,7,27.70490026555217
Saudi Arabia,2027,8,27.594244772987622
Saudi Arabia,2027,9,27.225449249232952
Saudi Arabia,2027,10,26.55956696515659
Saudi Arabia,2027,11,25.590096245626228
Saudi Arabia,2027,12,24.365481459522016
Saudi Arabia,2028,1,23.580378804203974
Saudi Arabia,2028,2,25.226669317868982
Saudi Arabia,2028,3,26.267953524792574
Saudi Arabia,2028,4,26.94347605298117
Saudi Arabia,2028,5,27.38985110819067
Saudi Arabia,2028,6,27.66356346370685
Saudi Arabia,2028,7,27.76346945034402
Saudi Arabia,2028,8,27.65329794628724
Saudi Arabia,2028,9,27.28415136698186
Saudi Arabia,2028,10,26.617006655106707
Saudi Arabia,2028,11,25.64521627034719
Saudi Arabia,2028,12,24.417009179404886
Saudi Arabia,2029,1,23.614874421266904
Saudi Arabia,2029,2,25.269117050394016
Saudi Arabia,2029,3,26.31648341150958
Saudi Arabia,2029,4,26.996561543765893
Saudi Arabia,2029,5,27.446239527039324
Saudi Arabia,2029,6,27.72220647180893
Saudi Arabia,2029,7,27.823453509067804
Saudi Arabia,2029,8,27.71377478019076
Saudi Arabia,2029,9,27.344268426874805
Saudi Arabia,2029,10,26.675837580992265
Saudi Arabia,2029,11,25.70169135454944
Saudi Arabia,2029,12,24.469845829488804
Saudi Arabia,2030,1,23.650241519496376
Saudi Arabia,2030,2,25.312603579758616
Saudi Arabia,2030,3,26.36618674724832
Saudi Arabia,2030,4,27.050924989664964
Saudi Arabia,2030,5,27.503982778486716
Saudi Arabia,2030,6,27.782256078787213
Saudi Arabia,2030,7,27.884873339183287
Saudi Arabia,2030,8,27.775696481702653
Saudi Arabia,2030,9,27.405821891698906
Saudi Arabia,2030,10,26.736081407748316
Saudi Arabia,2030,11,25.759543311542984
Saudi Arabia,2030,12,24.524013317743993
Saudi Arabia,2031,1,23.68649805937912
Saudi Arabia,2031,2,25.357147499061284
Saudi Arabia,2031,3,26.41708270396066
Saudi Arabia,2031,4,27.10658608780159
Saudi Arabia,2031,5,27.56310103106898
Saudi Arabia,2031,6,27.843732870908752
Saudi Arabia,2031,7,27.94774989099551
Saudi Arabia,2031,8,27.839084311462102
Saudi Arabia,2031,9,27.468833278730926
Saudi Arabia,2031,10,26.797759855534423
Saudi Arabia,2031,11,25.818794010680904
Saudi Arabia,2031,12,24.579533609016835
Saudi Arabia,2032,1,23.7236620494632
Saudi Arabia,2032,2,25.402767450214924
Saudi Arabia,2032,3,26.46919050323868
Saudi Arabia,2032,4,27.163564585717722
Saudi Arabia,2032,5,27.623614504614125
Saudi Arabia,2032,6,27.906657486561926
Saudi Arabia,2032,7,28.01210416773847
Saudi Arabia,2032,8,27.90395958379395
Saudi Arabia,2032,9,27.533324159740914
Saudi Arabia,2032,10,26.860894699818346
Saudi Arabia,2032,11,25.87946537746484
Saudi Arabia,2032,12,24.63642872512446
Saudi Arabia,2033,1,23.761751546401683
Saudi Arabia,2033,2,25.4494821240487
Saudi Arabia,2033,3,26.522529416383804
Saudi Arabia,2033,4,27.221880281494123
Saudi Arabia,2033,5,27.685543470267476
Saudi Arabia,2033,6,27.971050616220055
Saudi Arabia,2033,7,28.077957225531463
Saudi Arabia,2033,8,27.970343666799636
Saudi Arabia,2033,9,27.59931616101767
Saudi Arabia,2033,10,26.92550777145243
Saudi Arabia,2033,11,25.941579393548636
Saudi Arabia,2033,12,24.69472074478199
Saudi Arabia,2034,1,23.800784654934432
Saudi Arabia,2034,2,25.497310260315317
Saudi Arabia,2034,3,26.577118764465013
Saudi Arabia,2034,4,27.281553023794004
Saudi Arabia,2034,5,27.748908250509885
Saudi Arabia,2034,6,28.03693300256873
Saudi Arabia,2034,7,28.145330173510047
Saudi Arabia,2034,8,28.038257982346295
Saudi Arabia,2034,9,27.666830963496068
Saudi Arabia,2034,10,26.99162095666634
Saudi Arabia,2034,11,26.005158096785635
Saudi Arabia,2034,12,24.75443180383172
Saudi Arabia,2035,1,23.840779528033636
Saudi Arabia,2035,2,25.546270647771053
Saudi Arabia,2035,3,26.632977918293363
Saudi Arabia,2035,4,27.342602711790278
Saudi Arabia,2035,5,27.813729219281413
Saudi Arabia,2035,6,28.104325440491266
Saudi Arabia,2035,7,28.21424417381877
Saudi Arabia,2035,8,28.107724006128592
Saudi Arabia,2035,9,27.73589030270614
Saudi Arabia,2035,10,27.059256197187096
Saudi Arabia,2035,11,26.070223581330538
Saudi Arabia,2035,12,24.81558409509762
Senegal,2025,1,25.213025530288178
Senegal,2025,2,28.27113959894359
Senegal,2025,3,29.83276499558724
Senegal,2025,4,30.489441043450825
Senegal,2025,5,30.65784253030961
Senegal,2025,6,30.602280698361028
Senegal,2025,7,30.457204234136043
Senegal,2025,8,30.24970025838138
Senegal,2025,9,29.92199531598908
Senegal,2025,10,29.35395636582416
Senegal,2025,11,28.38559177073057
Senegal,2025,12,26.839552287322476
Senegal,2026,1,25.23958087921801
Senegal,2026,2,28.306299247234165
Senegal,2026,3,29.87466380317801
Senegal,2026,4,30.53651045565948
Senegal,2026,5,30.708741040835775
Senegal,2026,6,30.65582431227176
Senegal,2026,7,30.512296930927732
Senegal,2026,8,30.3052644550271
Senegal,2026,9,29.976902329869517
Senegal,2026,10,29.406956877844095
Senegal,2026,11,28.435246288242524
Senegal,2026,12,26.884161607210444
Senegal,2027,1,25.26685895497667
Senegal,2027,2,28.342338821833437
Senegal,2027,3,29.91756817314763
Senegal,2027,4,30.584682020352375
Senegal,2027,5,30.760811765409926
Senegal,2027,6,30.710586190773938
Senegal,2027,7,30.56863244924989
Senegal,2027,8,30.36207705391371
Senegal,2027,9,30.03304686797219
Senegal,2027,10,29.46117009475438
Senegal,2027,11,28.48607726746286
Senegal,2027,12,26.929902239208786
Senegal,2028,1,25.294877540419293
Senegal,2028,2,28.3792767182249
Senegal,2028,3,29.96149705994776
Senegal,2028,4,30.63397519726368
Senegal,2028,5,30.8140746153922
Senegal,2028,6,30.7665866430807
Senegal,2028,7,30.626231442413882
Senegal,2028,8,30.420158998801526
Senegal,2028,9,30.090450110817073
Senegal,2028,10,29.51661738009807
Senegal,2028,11,28.538106201261144
Senegal,2028,12,26.976795751798818
Senegal,2029,1,25.323654466360495
Senegal,2029,2,28.417131380768296
Senegal,2029,3,30.006469467746683
Senegal,2029,4,30.684409496633634
Senegal,2029,5,30.868549553383673
Senegal,2029,6,30.823846030442837
Senegal,2029,7,30.685114616663668
Senegal,2029,8,30.479531287202008
Senegal,2029,9,30.149133293417435
Senegal,2029,10,29.573320152740962
Senegal,2029,11,28.591354638619123
Senegal,2029,12,27.024863770378033
Senegal,2030,1,25.35320761179628
Senegal,2030,2,28.455921302757815
Senegal,2030,3,30.05250445040747
Senegal,2030,4,30.736004479237636
Senegal,2030,5,30.92425659334276
Senegal,2030,6,30.882384766319774
Senegal,2030,7,30.745302731201264
Senegal,2030,8,30.540214970377747
Senegal,2030,9,30.209117705399876
Senegal,2030,10,29.631299886969828
Senegal,2030,11,28.64584418477989
Senegal,2030,12,27.074127977398348
Senegal,2031,1,25.383554903831282
Senegal,2031,2,28.495665026418465
Senegal,2031,3,30.099621111618944
Senegal,2031,4,30.78877975645537
Senegal,2031,5,30.9812158006107
Senegal,2031,6,30.942223316325
Senegal,2031,7,30.806816598266778
Senegal,2031,8,30.602231153422508
Senegal,2031,9,30.27042469103344
Senegal,2031,10,29.69057811245966
Senegal,2031,11,28.701596501131462
Senegal,2031,12,27.124610112340633
Senegal,2032,1,25.414714317795188
Senegal,2032,2,28.53638114300429
Senegal,2032,3,30.147838604793833
Senegal,2032,4,30.842754990201684
Senegal,2032,5,31.039447291958822
Senegal,2032,6,31.00338219833884
Senegal,2032,7,30.869677083065653
Senegal,2032,8,30.66560099522121
Senegal,2032,9,30.33307564916049
Senegal,2032,10,29.751176414371912
Senegal,2032,11,28.758633305403237
Senegal,2032,12,27.17633197172927
Senegal,2033,1,25.44670387727183
Senegal,2033,2,28.578088292812936
Senegal,2033,3,30.19717613328703
Senegal,2033,4,30.897949893166697
Senegal,2033,5,31.098971235650424
Senegal,2033,6,31.065881982486644
Senegal,2033,7,30.933905103950565
Senegal,2033,8,30.730345708620916
Senegal,2033,9,30.397092033414992
Senegal,2033,10,29.81311643337267
Senegal,2033,11,28.816976371633245
Senegal,2033,12,27.229315409274022
Senegal,2034,1,25.47954165408828
Senegal,2034,2,28.62080516523656
Senegal,2034,3,30.247652950304655
Senegal,2034,4,30.95438422866664
Senegal,2034,5,31.159807851426194
Senegal,2034,6,31.12974329127701
Senegal,2034,7,30.999521632392316
Senegal,2034,8,30.79648656039808
Senegal,2034,9,30.462495352146107
Senegal,2034,10,29.876419865698153
Senegal,2034,11,28.87664753021545
Senegal,2034,12,27.28358233581548
Senegal,2035,1,25.51324576841671
Senegal,2035,2,28.664550498794597
Senegal,2035,3,30.29928835902774
Senegal,2035,4,31.012077810818482
Senegal,2035,5,31.22197741062064
Senegal,2035,6,31.194986799503567
Senegal,2035,7,31.066547693059874
Senegal,2035,8,30.864044871284023
Senegal,2035,9,30.529307168498235
Senegal,2035,10,29.941108463176533
Senegal,2035,11,28.93766866796159
Senegal,2035,12,27.33915471945602
Serbia,2025,1,5.105352126266553
Serbia,2025,2,5.368417691593095
Serbia,2025,3,7.982904241228425
Serbia,2025,4,11.630034367532971
Serbia,2025,5,15.221300216392592
Serbia,2025,6,17.920964477100824
Serbia,2025,7,19.168561372317527
Serbia,2025,8,18.70139764794385
Serbia,2025,9,16.577053562982655
Serbia,2025,10,13.195883879468056
Serbia,2025,11,9.323518852376765
Serbia,2025,12,6.113365219488514
Serbia,2026,1,5.167893391056168
Serbia,2026,2,5.435629995795352
Serbia,2026,3,8.052954106228754
Serbia,2026,4,11.701604535793194
Serbia,2026,5,15.293520114450985
Serbia,2026,6,17.993340678652203
Serbia,2026,7,19.240908061191476
Serbia,2026,8,18.773767081115693
Serbia,2026,9,16.64966653362444
Serbia,2026,10,13.26906017993042
Serbia,2026,11,9.397607737218095
Serbia,2026,12,6.188675868536848
Serbia,2027,1,5.231479867897178
Serbia,2027,2,5.504097077861843
Serbia,2027,3,8.124431500179526
Serbia,2027,4,11.774740686761106
Serbia,2027,5,15.367412669163059
Serbia,2027,6,18.067466948371475
Serbia,2027,7,19.315055484764343
Serbia,2027,8,18.847963688001073
Serbia,2027,9,16.724111406882912
Serbia,2027,10,13.344053919300677
Serbia,2027,11,9.473482922076983
Serbia,2027,12,6.265727520903056
Serbia,2028,1,5.29612926271966
Serbia,2028,2,5.573837354059833
Serbia,2028,3,8.197355495904958
Serbia,2028,4,11.849462496204978
Serbia,2028,5,15.44299810546454
Serbia,2028,6,18.14336400666889
Serbia,2028,7,19.391024805242523
Serbia,2028,8,18.92400901887686
Serbia,2028,9,16.800410067434314
Serbia,2028,10,13.420887262874203
Serbia,2028,11,9.551166799127714
Serbia,2028,12,6.344542742023805
Serbia,2029,1,5.361859328696482
Serbia,2029,2,5.644869288634254
Serbia,2029,3,8.271745215134615
Serbia,2029,4,11.925789689515113
Serbia,2029,5,15.52029669872445
Serbia,2029,6,18.22105262522473
Serbia,2029,7,19.468837236873696
Serbia,2029,8,19.00192467684701
Serbia,2029,9,16.87858445352049
Serbia,2029,10,13.499582430374176
Serbia,2029,11,9.630681815874595
Serbia,2029,12,6.425144153411566
Serbia,2030,1,5.428687866174187
Serbia,2030,2,5.717211393891375
Serbia,2030,3,8.347619828339703
Serbia,2030,4,12.003742041703845
Serbia,2030,5,15.59932877479605
Serbia,2030,6,18.300553626963847
Serbia,2030,7,19.548514045954107
Serbia,2030,8,19.08173231789715
Serbia,2030,9,16.958656557108952
Serbia,2030,10,13.580161696038886
Serbia,2030,11,9.712050475104661
Serbia,2030,12,6.507554432705547
Serbia,2031,1,5.496632722829418
Serbia,2031,2,5.79088223022427
Serbia,2031,3,8.42499855497681
Serbia,2031,4,12.08333937752559
Serbia,2031,5,15.680114710035014
Serbia,2031,6,18.381887886128425
Serbia,2031,7,19.63007655097772
Serbia,2031,8,19.163453651014606
Serbia,2031,9,17.04064842396565
Serbia,2031,10,13.66264738865084
Serbia,2031,11,9.795295334967705
Serbia,2031,12,6.591796313744453
Serbia,2032,1,5.565711793628907
Serbia,2032,2,5.865900406167384
Serbia,2032,3,8.503900663375134
Serbia,2032,4,12.164601571473213
Serbia,2032,5,15.762674931328547
Serbia,2032,6,18.465076328383475
Serbia,2032,7,19.71354612254163
Serbia,2032,8,19.24711043809384
Serbia,2032,9,17.12458215355673
Serbia,2032,10,13.747061891624071
Serbia,2032,11,9.88043900905268
Serbia,2032,12,6.677892586537382
Serbia,2033,1,5.635943020953164
Serbia,2033,2,5.942284578432918
Serbia,2033,3,8.58434547093293
Serbia,2033,4,12.24754854783987
Serbia,2033,5,15.847029916215433
Serbia,2033,6,18.550139930736805
Serbia,2033,7,19.798944183513413
Serbia,2033,8,19.332724494085596
Serbia,2033,9,17.21047989926319
Serbia,2033,10,13.83342764300778
Serbia,2033,11,9.967504166362232
Serbia,2033,12,6.765866097383878
Serbia,2034,1,5.707344394560096
Serbia,2034,2,6.020053451936292
Serbia,2034,3,8.666352344004736
Serbia,2034,4,12.332200280744473
Serbia,2034,5,15.933200192871482
Serbia,2034,6,18.637099721680897
Serbia,2034,7,19.886292208991108
Serbia,2034,8,19.420317687033275
Serbia,2034,9,17.298363868286287
Serbia,2034,10,13.921767135482696
Serbia,2034,11,10.056513531414566
Serbia,2034,12,6.855739748877568
Serbia,2035,1,5.779933951675957
Serbia,2035,2,6.099225779894368
Serbia,2035,3,8.749940698043247
Serbia,2035,4,12.418576794186265
Serbia,2035,5,16.021206340113167
Serbia,2035,6,18.725976781207464
Serbia,2035,7,19.97561172640144
Serbia,2035,8,19.509911938036566
Serbia,2035,9,17.388256321807603
Serbia,2035,10,14.01210291654661
Serbia,2035,11,10.147489884257993
Serbia,2035,12,6.947536499942544
Seychelles,2025,1,24.289955379431376
Seychelles,2025,2,26.378098399153714
Seychelles,2025,3,27.54827854170526
Seychelles,2025,4,28.168942442870502
Seychelles,2025,5,28.47929314126759
Seychelles,2025,6,28.6117910682633
Seychelles,2025,7,28.61465503789168
Seychelles,2025,8,28.47436323666716
Seychelles,2025,9,28.13815421360141
Seychelles,2025,10,27.536527870023747
Seychelles,2025,11,26.605746449434264
Seychelles,2025,12,25.310335527557072
Seychelles,2026,1,24.319696238603683
Seychelles,2026,2,26.41570091738413
Seychelles,2026,3,27.591940476083437
Seychelles,2026,4,28.21718286833584
Seychelles,2026,5,28.530882913700225
Seychelles,2026,6,28.66568328744779
Seychelles,2026,7,28.669915510542523
Seychelles,2026,8,28.530100939501608
Seychelles,2026,9,28.193451756274044
Seychelles,2026,10,27.590371958181095
Seychelles,2026,11,26.656958347780346
Seychelles,2026,12,25.35750152278797
Seychelles,2027,1,24.35022165257851
Seychelles,2027,2,26.454250310668613
Seychelles,2027,3,27.636679451007694
Seychelles,2027,4,28.266600862590167
Seychelles,2027,5,28.583723663284218
Seychelles,2027,6,28.720875289757714
Seychelles,2027,7,28.726502487345897
Seychelles,2027,8,28.58717229994454
Seychelles,2027,9,28.25007305995041
Seychelles,2027,10,27.64551537810712
Seychelles,2027,11,26.709433133449238
Seychelles,2027,12,25.405884463173606
Seychelles,2028,1,24.381549427890604
Seychelles,2028,2,26.493765009218805
Seychelles,2028,3,27.68251446668819
Seychelles,2028,4,28.317215942072835
Seychelles,2028,5,28.63783536905703
Seychelles,2028,6,28.77738746306659
Seychelles,2028,7,28.78443671128207
Seychelles,2028,8,28.64559836245553
Seychelles,2028,9,28.308039416818247
Seychelles,2028,10,27.701979616035715
Seychelles,2028,11,26.763192433002587
Seychelles,2028,12,25.455506061801316
Seychelles,2029,1,24.41369741903418
Seychelles,2029,2,26.5342634919989
Seychelles,2029,3,27.72946457289163
Seychelles,2029,4,28.369047673663772
Seychelles,2029,5,28.693238061217016
Seychelles,2029,6,28.83524024725648
Seychelles,2029,7,28.843738978202055
Seychelles,2029,8,28.705400225114317
Seychelles,2029,9,28.36737217351856
Seychelles,2029,10,27.759786213377993
Seychelles,2029,11,26.818257928946878
Seychelles,2029,12,25.506388088703716
Seychelles,2030,1,24.446683528521135
Seychelles,2030,2,26.57576428686025
Seychelles,2030,3,27.77754886901039
Seychelles,2030,4,28.422115674625275
Seychelles,2030,5,28.749951821239847
Seychelles,2030,6,28.89445413426529
Seychelles,2030,7,28.904430136827614
Seychelles,2030,8,28.766599039671746
Seychelles,2030,9,28.42809273112016
Seychelles,2030,10,27.818956766878728
Seychelles,2030,11,26.874651359999007
Seychelles,2030,12,25.558552370720463
Seychelles,2031,1,24.480525706913795
Seychelles,2031,2,26.6182859704395
Seychelles,2031,3,27.826786504146185
Seychelles,2031,4,28.476439612736613
Seychelles,2031,5,28.807996781885777
Seychelles,2031,6,28.955049668108586
Seychelles,2031,7,28.966531088707598
Seychelles,2031,8,28.829216011593417
Seychelles,2031,9,28.490222545254255
Seychelles,2031,10,27.879512928619988
Seychelles,2031,11,26.93239452092257
Seychelles,2031,12,25.612020791705618
Seychelles,2032,1,24.515241952864926
Seychelles,2032,2,26.661847168336863
Seychelles,2032,3,27.877196677055508
Seychelles,2032,4,28.532039206286754
Seychelles,2032,5,28.867393127228752
Seychelles,2032,6,29.017047444981472
Seychelles,2032,7,29.030062788439864
Seychelles,2032,8,28.893272400103342
Seychelles,2032,9,28.553783126096278
Seychelles,2032,10,27.94147640599931
Seychelles,2032,11,26.991509262720683
Seychelles,2032,12,25.666815292476713
Seychelles,2033,1,24.550850313190494
Seychelles,2033,2,26.7064665550688
Seychelles,2033,3,27.928798636306055
Seychelles,2033,4,28.58893422411802
Seychelles,2033,5,28.92816109272917
Seychelles,2033,6,29.080468113222196
Seychelles,2033,7,29.095046243518482
Seychelles,2033,8,28.958789518191224
Seychelles,2033,9,28.618796038427718
Seychelles,2033,10,28.004868961882494
Seychelles,2033,11,27.052017492585037
Seychelles,2033,12,25.72295787084022
Seychelles,2034,1,24.58736888286967
Seychelles,2034,2,26.752162854173548
Seychelles,2034,3,27.981611680243986
Seychelles,2034,4,28.64714448572431
Seychelles,2034,5,28.990320965252067
Seychelles,2034,6,29.145332373403107
Seychelles,2034,7,29.161502514533822
Seychelles,2034,8,29.025788732739784
Seychelles,2034,9,28.685282901679784
Seychelles,2034,10,28.06971241457086
Seychelles,2034,11,27.113941173975945
Seychelles,2034,12,25.780470581766167
Seychelles,2035,1,24.624815805157596
Seychelles,2035,2,26.79895483821474
Seychelles,2035,3,28.035655157070323
Seychelles,2035,4,28.70668986122564
Seychelles,2035,5,29.053893083168987
Seychelles,2035,6,29.21166097837795
Seychelles,2035,7,29.229452715150728
Seychelles,2035,8,29.094291464473827
Seychelles,2035,9,28.75326538999161
Seychelles,2035,10,28.136028637870368
Seychelles,2035,11,27.17730232667691
Seychelles,2035,12,25.83937553727901
Sierra Leone,2025,1,23.774179283723242
Sierra Leone,2025,2,25.54607346645662
Sierra Leone,2025,3,26.61272363604894
Sierra Leone,2025,4,27.256201107390552
Sierra Leone,2025,5,27.647108850699624
Sierra Leone,2025,6,27.86708248132436
Sierra Leone,2025,7,27.93129124976349
Sierra Leone,2025,8,27.810939031472117
Sierra Leone,2025,9,27.455765316765792
Sierra Leone,2025,10,26.816546200768244
Sierra Leone,2025,11,25.86759537328635
Sierra Leone,2025,12,24.629265108670552
Sierra Leone,2026,1,23.805383722091392
Sierra Leone,2026,2,25.58486687500499
Sierra Leone,2026,3,26.6573242019158
Sierra Leone,2026,4,27.30515797211865
Sierra Leone,2026,5,27.699232573228983
Sierra Leone,2026,6,27.921375501065086
Sierra Leone,2026,7,27.986878349559447
Sierra Leone,2026,8,27.86699780062645
Sierra Leone,2026,9,27.51145661411374
Sierra Leone,2026,10,26.87094461761899
Sierra Leone,2026,11,25.91961969649219
Sierra Leone,2026,12,24.677608783645155
Sierra Leone,2027,1,23.83739505516951
Sierra Leone,2027,2,25.624631547042554
Sierra Leone,2027,3,26.70302801490925
Sierra Leone,2027,4,27.355320199917514
Sierra Leone,2027,5,27.752636424543198
Sierra Leone,2027,6,27.976998582472334
Sierra Leone,2027,7,28.043823128530676
Sierra Leone,2027,8,27.92442206855867
Sierra Leone,2027,9,27.56850394933008
Sierra Leone,2027,10,26.92667484841968
Sierra Leone,2027,11,25.972939364136437
Sierra Leone,2027,12,24.72720160535482
Sierra Leone,2028,1,23.870231096546377
Sierra Leone,2028,2,25.665385924109614
Sierra Leone,2028,3,26.749854090828194
Sierra Leone,2028,4,27.40670732714443
Sierra Leone,2028,5,27.807340407810443
Sierra Leone,2028,6,28.03397214184679
Sierra Leone,2028,7,28.10214636242108
Sierra Leone,2028,8,27.983232916744782
Sierra Leone,2028,9,27.626928655919073
Sierra Leone,2028,10,26.983758424958978
Sierra Leone,2028,11,26.02757605255556
Sierra Leone,2028,12,24.778065341041838
Sierra Leone,2029,1,23.90390970768658
Sierra Leone,2029,2,25.70714849644446
Sierra Leone,2029,3,26.797821494991695
Sierra Leone,2029,4,27.459338940469934
Sierra Leone,2029,5,27.863364577367065
Sierra Leone,2029,6,28.092316647490406
Sierra Leone,2029,7,28.161868879768917
Sierra Leone,2029,8,28.04345148019729
Sierra Leone,2029,9,27.686752121743666
Sierra Leone,2029,10,27.04221693420277
Sierra Leone,2029,11,26.08355149416184
Sierra Leone,2029,12,24.830221814806464
Sierra Leone,2030,1,23.93844879803237
Sierra Leone,2030,2,25.749937803096145
Sierra Leone,2030,3,26.846949342297194
Sierra Leone,2030,4,27.51323467695056
Sierra Leone,2030,5,27.92072903875396
Sierra Leone,2030,6,28.15205261967003
Sierra Leone,2030,7,28.22301156188132
Sierra Leone,2030,8,28.105098947621627
Sierra Leone,2030,9,27.74799578910188
Sierra Leone,2030,10,27.10207201837784
Sierra Leone,2030,11,26.14088747738151
Sierra Leone,2030,12,24.883692907577824
Sierra Leone,2031,1,23.973866325076415
Sierra Leone,2031,2,25.79377243192812
Sierra Leone,2031,3,26.89725679732237
Sierra Leone,2031,4,27.568414224152548
Sierra Leone,2031,5,27.97945394877479
Sierra Leone,2031,6,28.21320063076655
Sierra Leone,2031,7,28.285595342994384
Sierra Leone,2031,8,28.16819656135067
Sierra Leone,2031,9,27.810681154763188
Sierra Leone,2031,10,27.163345375030076
Sierra Leone,2031,11,26.199605846742088
Sierra Leone,2031,12,24.938500557215775
Sierra Leone,2032,1,24.0101802943218
Sierra Leone,2032,2,25.838671019665526
Sierra Leone,2032,3,26.94876307424147
Sierra Leone,2032,4,27.624897320068158
Sierra Leone,2032,5,28.039559515481415
Sierra Leone,2032,6,28.275781305220335
Sierra Leone,2032,7,28.34964121019675
Sierra Leone,2032,8,28.23276561745388
Sierra Leone,2032,9,27.874829770059478
Sierra Leone,2032,10,27.22605875695899
Sierra Leone,2032,11,26.259728502952385
Sierra Leone,2032,12,24.994666758489075
Sierra Leone,2033,1,24.047408759423888
Sierra Leone,2033,2,25.88465225193886
Sierra Leone,2033,3,27.001487437047217
Sierra Leone,2033,4,27.682703753224814
Sierra Leone,2033,5,28.101065998323065
Sierra Leone,2033,6,28.339815319622176
Sierra Leone,2033,7,28.415170203560592
Sierra Leone,2033,8,28.298827465766408
Sierra Leone,2033,9,27.940463240852296
Sierra Leone,2033,10,27.290233972406895
Sierra Leone,2033,11,26.321277402829764
Sierra Leone,2033,12,25.05221356322454
Sierra Leone,2034,1,24.085569822153957
Sierra Leone,2034,2,25.931734863367637
Sierra Leone,2034,3,27.05544919942713
Sierra Leone,2034,4,27.741853362721486
Sierra Leone,2034,5,28.163993708095404
Sierra Leone,2034,6,28.40532340275695
Sierra Leone,2034,7,28.482203416134325
Sierra Leone,2034,8,28.36640350988546
Sierra Leone,2034,9,28.00760322764563
Sierra Leone,2034,10,27.355892885018875
Sierra Leone,2034,11,26.384274559489313
Sierra Leone,2034,12,25.111163080223378
Sierra Leone,2035,1,24.12468163252288
Sierra Leone,2035,2,25.979937637564035
Sierra Leone,2035,3,27.110667724912673
Sierra Leone,2035,4,27.80236603832691
Sierra Leone,2035,5,28.228363007027838
Sierra Leone,2035,6,28.47232633565818
Sierra Leone,2035,7,28.550761994073582
Sierra Leone,2035,8,28.435515207344906
Sierra Leone,2035,9,28.076271445607745
Sierra Leone,2035,10,27.423057413933748
Sierra Leone,2035,11,26.448742042296544
Sierra Leone,2035,12,25.17153747539942
Slovakia,2025,1,1.0130768325880126
Slovakia,2025,2,1.505179500808481
Slovakia,2025,3,4.769463381359856
Slovakia,2025,4,9.207331064067148
Slovakia,2025,5,13.512804772407435
Slovakia,2025,6,16.695027353446676
Slovakia,2025,7,18.100763267707407
Slovakia,2025,8,17.436899579054625
Slovakia,2025,9,14.79294694463988
Slovakia,2025,10,10.663540604754417
Slovakia,2025,11,5.970941372747802
Slovakia,2025,12,2.0875366249174476
Slovakia,2026,1,1.0786111071183768
Slovakia,2026,2,1.5754375653641546
Slovakia,2026,3,4.842511188232493
Slovakia,2026,4,9.28178458853381
Slovakia,2026,5,13.587760475759751
Slovakia,2026,6,16.76999264600545
Slovakia,2026,7,18.175586971829944
Slovakia,2026,8,17.511702392189363
Slovakia,2026,9,14.8680519022937
Slovakia,2026,10,10.73940354356182
Slovakia,2026,11,6.048081393452776
Slovakia,2026,12,2.1664665554062594
Slovakia,2027,1,1.1451947887553615
Slovakia,2027,2,1.6469640411496584
Slovakia,2027,3,4.917008787532723
Slovakia,2027,4,9.357834181148974
Slovakia,2027,5,13.664425934945939
Slovakia,2027,6,16.846751311481967
Slovakia,2027,7,18.25226011281211
Slovakia,2027,8,17.588385670403113
Slovakia,2027,9,14.945045835004748
Slovakia,2027,10,10.817143966539334
Slovakia,2027,11,6.127069924067655
Slovakia,2027,12,2.2472010556130044
Slovakia,2028,1,1.2128455140891674
Slovakia,2028,2,1.719777290069942
Slovakia,2028,3,4.9929752127691245
Slovakia,2028,4,9.43549949334647
Slovakia,2028,5,13.742821365606687
Slovakia,2028,6,16.92532407602721
Slovakia,2028,7,18.33080387359678
Slovakia,2028,8,17.666970999737714
Slovakia,2028,9,15.023950678144502
Slovakia,2028,10,10.896784104764265
Slovakia,2028,11,6.207929437649909
Slovakia,2028,12,2.329762786831452
Slovakia,2029,1,1.2815809667199574
Slovakia,2029,2,1.7938957218802898
Slovakia,2029,3,5.070429546181003
Slovakia,2029,4,9.514800226062107
Slovakia,2029,5,13.822967033703208
Slovakia,2029,6,17.00573171691667
Slovakia,2029,7,18.411239489073523
Slovakia,2029,8,17.747480018956594
Slovakia,2029,9,15.104788420708246
Slovakia,2029,10,10.978346243701708
Slovakia,2029,11,6.290682462397854
Slovakia,2029,12,2.414174466332952
Slovakia,2030,1,1.3514188773815476
Slovakia,2030,2,1.8693377942627194
Slovakia,2030,3,5.149390918661993
Slovakia,2030,4,9.595756129759138
Slovakia,2030,5,13.904883255517234
Slovakia,2030,6,17.08799506253945
Slovakia,2030,7,18.493588246024046
Slovakia,2030,8,17.829934419584788
Slovakia,2030,9,15.187581105205936
Slovakia,2030,10,11.06185272310995
Slovakia,2030,11,6.375351581694304
Slovakia,2030,12,2.500458867370071
Slovakia,2031,1,1.422377023941408
Slovakia,2031,2,1.946122012855085
Slovakia,2031,3,5.229878509898299
Slovakia,2031,4,9.678387004453725
Slovakia,2031,5,13.988590397709231
Slovakia,2031,6,17.172134992503743
Slovakia,2031,7,18.57787148328225
Slovakia,2031,8,17.914355945934403
Slovakia,2031,9,15.27235082774223
Slovakia,2031,10,11.147325937247842
Slovakia,2031,11,6.461959434150231
Slovakia,2031,12,2.58863881923844
Slovakia,2032,1,1.494473231473421
Slovakia,2032,2,2.024266931291095
Slovakia,2032,3,5.31191154838325
Slovakia,2032,4,9.76271269980225
Slovakia,2032,5,14.074108877369326
Slovakia,2032,6,17.258172437625944
Slovakia,2032,7,18.66411059168695
Slovakia,2032,8,18.000766395188293
Slovakia,2032,9,15.3591197381038
Slovakia,2032,10,11.234788334769291
Slovakia,2032,11,6.5505287136520565
Slovakia,2032,12,2.6787372073131337
Slovakia,2033,1,1.5677253722797104
Slovakia,2033,2,2.103791151233054
Slovakia,2033,3,5.395509311460955
Slovakia,2033,4,9.84875311509768
Slovakia,2033,5,14.16145916205005
Slovakia,2033,6,17.346128379996117
Slovakia,2033,7,18.752327014176444
Slovakia,2033,8,18.089187617381867
Slovakia,2033,9,15.447910039784801
Slovakia,2033,10,11.324262418897888
Slovakia,2033,11,6.641082169398032
Slovakia,2033,12,2.770776973063221
Slovakia,2034,1,1.6421513659342963
Slovakia,2034,2,2.1847133224555364
Slovakia,2034,3,5.480691125380872
Slovakia,2034,4,9.936528199345958
Slovakia,2034,5,14.250661769831822
Slovakia,2034,6,17.436023853039842
Slovakia,2034,7,18.842542245814002
Slovakia,2034,8,18.179641515552248
Slovakia,2034,9,15.538743990026887
Slovakia,2034,10,11.415770747354145
Slovakia,2034,11,6.7336426059273435
Slovakia,2034,12,2.8647811141754573
Slovakia,2035,1,1.7177691793558552
Slovakia,2035,2,2.2670521428672146
Slovakia,2035,3,5.567476365312359
Slovakia,2035,4,10.02605795132422
Slovakia,2035,5,14.341737269330224
Slovakia,2035,6,17.52787994154005
Slovakia,2035,7,18.934777833849694
Slovakia,2035,8,18.27215004565096
Slovakia,2035,9,15.631643899808296
Slovakia,2035,10,11.509335932522845
Slovakia,2035,11,6.82823288322561
Slovakia,2035,12,2.960772684525182
Slovenia,2025,1,3.2325861189283387
Slovenia,2025,2,3.5951051764322983
Slovenia,2025,3,6.504584847535625
Slovenia,2025,4,10.513550995209698
Slovenia,2025,5,14.433370912004648
Slovenia,2025,6,17.35675430993888
Slovenia,2025,7,18.680254310403143
Slovenia,2025,8,18.12676843400277
Slovenia,2025,9,15.768039590592707
Slovenia,2025,10,12.04715706897423
Slovenia,2025,11,7.80105752700274
Slovenia,2025,12,4.283025981328137
Slovenia,2026,1,3.2966858395238887
Slovenia,2026,2,3.6638740505450187
Slovenia,2026,3,6.576146802094627
Slovenia,2026,4,10.586561667933893
Slovenia,2026,5,14.506948114424631
Slovenia,2026,6,17.430408490411537
Slovenia,2026,7,18.753819017100795
Slovenia,2026,8,18.20033077797507
Slovenia,2026,9,15.841870708741226
Slovenia,2026,10,12.12164258714347
Slovenia,2026,11,7.8766280228965115
Slovenia,2026,12,4.360087447600563
Slovenia,2027,1,3.361834202148202
Slovenia,2027,2,3.733905411912019
Slovenia,2027,3,6.649147904071469
Slovenia,2027,4,10.661153480593384
Slovenia,2027,5,14.582216299103493
Slovenia,2027,6,17.50583386267772
Slovenia,2027,7,18.829208009811737
Slovenia,2027,8,18.27574590432141
Slovenia,2027,9,15.917561025192299
Slovenia,2027,10,12.19797415652738
Slovenia,2027,11,7.954014377382009
Slovenia,2027,12,4.438920051733476
Slovenia,2028,1,3.428048882848998
Slovenia,2028,2,3.8052176538012645
Slovenia,2028,3,6.723607210206865
Slovenia,2028,4,10.73734609971234
Slovenia,2028,5,14.659195688612272
Slovenia,2028,6,17.58305115170242
Slovenia,2028,7,18.90644246219472
Slovenia,2028,8,18.353035381632253
Slovenia,2028,9,15.99513244976788
Slovenia,2028,10,12.276173974464655
Slovenia,2028,11,8.033239021618101
Slovenia,2028,12,4.519546405002075
Slovenia,2029,1,3.4953476048222
Slovenia,2029,2,3.8778292173965383
Slovenia,2029,3,6.799543825997716
Slovenia,2029,4,10.815159241375113
Slovenia,2029,5,14.737906555922564
Slovenia,2029,6,17.662081133600623
Slovenia,2029,7,18.98554359980426
Slovenia,2029,8,18.432220831216
Slovenia,2029,9,16.074606945830055
Slovenia,2029,10,12.356264292699962
Slovenia,2029,11,8.11432444197726
Slovenia,2029,12,4.601989174670052
Slovenia,2030,1,3.5637481384155762
Slovenia,2030,2,3.9517585918847544
Slovenia,2030,3,6.876976905726224
Slovenia,2030,4,10.894612671233517
Slovenia,2030,5,14.818369224402886
Slovenia,2030,6,17.742944635760978
Slovenia,2030,7,19.06653270026527
Slovenia,2030,8,18.513323927299098
Slovenia,2030,9,16.156006530433842
Slovenia,2030,10,12.438267417442148
Slovenia,2030,11,8.197293180078304
Slovenia,2030,12,4.6862710841314765
Slovenia,2031,1,3.6332683012306006
Slovenia,2031,2,4.027024314455957
Slovenia,2031,3,6.955925652503538
Slovenia,2031,4,10.975726204641433
Slovenia,2031,5,14.90060406786597
Slovenia,2031,6,17.825662536733034
Slovenia,2031,7,19.149431093287603
Slovenia,2031,8,18.596366396916892
Slovenia,2031,9,16.239353274316272
Slovenia,2031,10,12.52220570933514
Slovenia,2031,11,8.282167832880987
Slovenia,2031,12,4.772414912841668
Slovenia,2032,1,3.703925958118816
Slovenia,2032,2,4.103644970408823
Slovenia,2032,3,7.036409318324331
Slovenia,2032,4,11.058519706585685
Slovenia,2032,5,14.984631510645158
Slovenia,2032,6,17.910255766481896
Slovenia,2032,7,19.234260160651502
Slovenia,2032,8,18.681370020066424
Slovenia,2032,9,16.324669301925496
Slovenia,2032,10,12.60810158363256
Slovenia,2032,11,8.368971052645975
Slovenia,2032,12,4.860443496437256
Slovenia,2033,1,3.7757390212254904
Slovenia,2033,2,4.181639193121555
Slovenia,2033,3,7.118447204132281
Slovenia,2033,4,11.1430130918352
Slovenia,2033,5,15.070472027558026
Slovenia,2033,6,17.996745306239063
Slovenia,2033,7,19.32104133633493
Slovenia,2033,8,18.76835662969188
Slovenia,2033,9,16.41197679149718
Slovenia,2033,10,12.695977510106786
Slovenia,2033,11,8.45772554702944
Slovenia,2033,12,4.950379726739811
Slovenia,2034,1,3.8487254500805648
Slovenia,2034,2,4.261025664171939
Slovenia,2034,3,7.202058659809154
Slovenia,2034,4,11.229226324890078
Slovenia,2034,5,15.15814614408464
Slovenia,2034,6,18.08515218867342
Slovenia,2034,7,19.409796106480826
Slovenia,2034,8,18.857348111742795
Slovenia,2034,9,16.50129797505815
Slovenia,2034,10,12.785856013219927
Slovenia,2034,11,8.54845407915218
Slovenia,2034,12,5.042246551810422
Slovenia,2035,1,3.9229032515768267
Slovenia,2035,2,4.341823113293685
Slovenia,2035,3,7.28726308424757
Slovenia,2035,4,11.317179420105276
Slovenia,2035,5,15.247674436291163
Slovenia,2035,6,18.1754974978694
Slovenia,2035,7,19.500546009498976
Slovenia,2035,8,18.94836640523954
Slovenia,2035,9,16.592655138520968
Slovenia,2035,10,12.877759672036518
Slovenia,2035,11,8.641179467577786
Slovenia,2035,12,5.136066976004258
Solomon Islands,2025,1,24.037394584859612
Solomon Islands,2025,2,25.960437584494684
Solomon Islands,2025,3,27.074651983294643
Solomon Islands,2025,4,27.704480382618385
Solomon Islands,2025,5,28.05416951112511
Solomon Islands,2025,6,28.230271214663844
Solomon Islands,2025,7,28.264143446173875
Solomon Islands,2025,8,28.134451255563363
Solomon Islands,2025,9,27.789667779657066
Solomon Islands,2025,10,27.170575231998555
Solomon Islands,2025,11,26.232765892863426
Solomon Islands,2025,12,24.96914309906515
Solomon Islands,2026,1,24.067866995724216
Solomon Islands,2026,2,25.99863164209546
Solomon Islands,2026,3,27.11877612939952
Solomon Islands,2026,4,27.75306928192458
Solomon Islands,2026,5,28.106014514299204
Solomon Islands,2026,6,28.28435082134547
Solomon Islands,2026,7,28.319553767975776
Solomon Islands,2026,8,28.19033647914057
Solomon Islands,2026,9,27.845150629666932
Solomon Islands,2026,10,27.2246874341663
Solomon Islands,2026,11,26.28437863696763
Solomon Islands,2026,12,25.016897501981475
Solomon Islands,2027,1,24.0991354552325
Solomon Islands,2027,2,26.037785107550917
Solomon Islands,2027,3,27.163990770576675
Solomon Islands,2027,4,27.80285000895765
Solomon Islands,2027,5,28.159125440725802
Solomon Islands,2027,6,28.339745727110312
Solomon Islands,2027,7,28.37630656248166
Solomon Islands,2027,8,28.247571664212046
Solomon Islands,2027,9,27.901973762615853
Solomon Islands,2027,10,27.28011559080278
Solomon Islands,2027,11,26.337270874585556
Solomon Islands,2027,12,25.06588532243495
Solomon Islands,2028,1,24.13121777364813
Solomon Islands,2028,2,26.077916417006236
Solomon Islands,2028,3,27.210314915112576
Solomon Islands,2028,4,27.85384209044878
Solomon Islands,2028,5,28.213522281858786
Solomon Islands,2028,6,28.39647633448203
Solomon Islands,2028,7,28.434422589497444
Solomon Islands,2028,8,28.306177874231253
Solomon Islands,2028,9,27.960158491868242
Solomon Islands,2028,10,27.33688121144678
Solomon Islands,2028,11,26.391464257773805
Solomon Islands,2028,12,25.116128301241588
Solomon Islands,2029,1,24.164131809168794
Solomon Islands,2029,2,26.119044055322775
Solomon Islands,2029,3,27.257767620853883
Solomon Islands,2029,4,27.906065103496985
Solomon Islands,2029,5,28.269225080389333
Solomon Islands,2029,6,28.454563097930986
Solomon Islands,2029,7,28.493922661685247
Solomon Islands,2029,8,28.3661762262318
Solomon Islands,2029,9,28.019726185179934
Solomon Islands,2029,10,27.39500586090162
Solomon Islands,2029,11,26.446980494617492
Solomon Islands,2029,12,25.16764823611902
Solomon Islands,2030,1,24.197895467995295
Solomon Islands,2030,2,26.16118655619448
Solomon Islands,2030,3,27.306367995247456
Solomon Islands,2030,4,27.959538675612748
Solomon Islands,2030,5,28.326253930154962
Solomon Islands,2030,6,28.514026524005203
Solomon Islands,2030,7,28.554827644472425
Solomon Islands,2030,8,28.427587890947507
Solomon Islands,2030,9,28.08069826477822
Solomon Islands,2030,10,27.45451115920605
Solomon Islands,2030,11,26.503841349259346
Solomon Islands,2030,12,25.220466981577374
Solomon Islands,2031,1,24.23252670437887
Solomon Islands,2031,2,26.204362502133336
Solomon Islands,2031,3,27.35613519540584
Solomon Islands,2031,4,28.014282484787145
Solomon Islands,2031,5,28.384628976325075
Solomon Islands,2031,6,28.574887171293994
Solomon Islands,2031,7,28.617158456229845
Solomon Islands,2031,8,28.490434092721443
Solomon Islands,2031,9,28.143096207394592
Solomon Islands,2031,10,27.51541878171429
Solomon Islands,2031,11,26.562068641965197
Solomon Islands,2031,12,25.274606449122984
Solomon Islands,2032,1,24.268043520610263
Solomon Islands,2032,2,26.24859052454576
Solomon Islands,2032,3,27.407088428125462
Solomon Islands,2032,4,28.070316259517313
Solomon Islands,2032,5,28.444370415324556
Solomon Islands,2032,6,28.63716565051891
Solomon Islands,2032,7,28.680936068235496
Solomon Islands,2032,8,28.554736109746045
Solomon Islands,2032,9,28.20694154429748
Solomon Islands,2032,10,27.57775045911785
Solomon Islands,2032,11,26.621684249174905
Solomon Islands,2032,12,25.330088607200196
Solomon Islands,2033,1,24.30446396714342
Solomon Islands,2033,2,26.293889303812648
Solomon Islands,2033,3,27.459246949944827
Solomon Islands,2033,4,28.127659778806446
Solomon Islands,2033,5,28.50549849500112
Solomon Islands,2033,6,28.700882624581027
Solomon Islands,2033,7,28.746181504747256
Solomon Islands,2033,8,28.620515273870296
Solomon Islands,2033,9,28.272255861361373
Solomon Islands,2033,10,27.641527977525584
Solomon Islands,2033,11,26.68271010353874
Solomon Islands,2033,12,25.38693548125684
Solomon Islands,2034,1,24.34180614258821
Solomon Islands,2034,2,26.340277569202044
Solomon Islands,2034,3,27.512630067206373
Solomon Islands,2034,4,28.18633287227658
Solomon Islands,2034,5,28.568033514552553
Solomon Islands,2034,6,28.766058808546404
Solomon Islands,2034,7,28.812915843013798
Solomon Islands,2034,8,28.687792970858027
Solomon Islands,2034,9,28.339060799045
Solomon Islands,2034,10,27.70677317847094
Solomon Islands,2034,11,26.745168193902828
Solomon Islands,2034,12,25.44516915382428
Solomon Islands,2035,1,24.38008819375409
Solomon Islands,2035,2,26.38777409909835
Solomon Islands,2035,3,27.567257136045555
Solomon Islands,2035,4,28.246355420201326
Solomon Islands,2035,5,28.6319958246213
Solomon Islands,2035,6,28.832714969777044
Solomon Islands,2035,7,28.881160213365547
Solomon Islands,2035,8,28.7565906403006
Solomon Islands,2035,9,28.407378052533204
Solomon Islands,2035,10,27.773507959002927
Solomon Islands,2035,11,26.809080565480144
Solomon Islands,2035,12,25.5048117645174
Somalia,2025,1,24.305059373470613
Somalia,2025,2,26.403828800940573
Somalia,2025,3,27.57774228123617
Somalia,2025,4,28.19800428301187
Somalia,2025,5,28.50600918098371
Somalia,2025,6,28.635842245811546
Somalia,2025,7,28.636780634097704
Somalia,2025,8,28.49579437821467
Somalia,2025,9,28.160047376180046
Somalia,2025,10,27.55939838161885
Somalia,2025,11,26.628901993598447
Somalia,2025,12,25.331309646565387
Somalia,2026,1,24.33475540339805
Somalia,2026,2,26.441395338949405
Somalia,2026,3,27.6213763957212
Somalia,2026,4,28.24622405312857
Somalia,2026,5,28.557584159644648
Somalia,2026,6,28.689723922791927
Somalia,2026,7,28.692032898969956
Somalia,2026,8,28.55152398338123
Somalia,2026,9,28.215334399935273
Somalia,2026,10,27.6132266911236
Somalia,2026,11,26.680089707916522
Somalia,2026,12,25.37843959967813
Somalia,2027,1,24.365235260008376
Somalia,2027,2,26.479907959092998
Somalia,2027,3,27.666086700407504
Somalia,2027,4,28.29562049153992
Somalia,2027,5,28.61040917223454
Somalia,2027,6,28.7449044042487
Somalia,2027,7,28.74861066122412
Somalia,2027,8,28.608586218689197
Somalia,2027,9,28.271944143828478
Somalia,2027,10,27.668353285484955
Somalia,2027,11,26.73253926392954
Somalia,2027,12,25.426785460943393
Somalia,2028,1,24.39651674959623
Somalia,2028,2,26.519385091211916
Somalia,2028,3,27.711892194955908
Somalia,2028,4,28.346213114077727
Somalia,2028,5,28.66450419697594
Somalia,2028,6,28.801404077094958
Somalia,2028,7,28.806534662836384
Somalia,2028,8,28.667002127390333
Somalia,2028,9,28.329897898726813
Somalia,2028,10,27.724799649419765
Somalia,2028,11,26.78627228656569
Somalia,2028,12,25.476368941720466
Somalia,2029,1,24.428617726430275
Somalia,2029,2,26.559845213928384
Somalia,2029,3,27.758811928652904
Somalia,2029,4,28.398021486937978
Somalia,2029,5,28.719889263310506
Somalia,2029,6,28.859243380346925
Somalia,2029,7,28.865825698573644
Somalia,2029,8,28.726792806385674
Somalia,2029,9,28.389217009907043
Somalia,2029,10,27.782587322923973
Somalia,2029,11,26.841310456799874
Somalia,2029,12,25.527211810270273
Somalia,2030,1,24.46155609274956
Somalia,2030,2,26.601306854653558
Somalia,2030,3,27.806865000334255
Somalia,2030,4,28.451065226728133
Somalia,2030,5,28.77658445189536
Somalia,2030,6,28.91844280496025
Somalia,2030,7,28.926504616055354
Somalia,2030,8,28.787979406178238
Somalia,2030,9,28.449922877106474
Somalia,2030,10,27.84173790127261
Somalia,2030,11,26.897675511653688
Somalia,2030,12,25.579335891715345
Somalia,2031,1,24.495349798894495
Somalia,2031,2,26.643788589667565
Somalia,2031,3,27.856070558632382
Somalia,2031,4,28.505364000609006
Somalia,2031,5,28.83460989471223
Somalia,2031,6,28.979022894070113
Somalia,2031,7,28.98859231584447
Somalia,2031,8,28.850583131094936
Somalia,2031,9,28.51203695464301
Somalia,2031,10,27.902273035012513
Somalia,2031,11,26.955389244326398
Somalia,2031,12,25.632763068159875
Somalia,2032,1,24.53001684328865
Somalia,2032,2,26.687309044206813
Somalia,2032,3,27.9064478017508
Somalia,2032,4,28.560937526207454
Somalia,2032,5,28.89398577504926
Somalia,2032,6,29.041004242907547
Somalia,2032,7,29.05210975141472
Somalia,2032,8,28.91462523910468
Somalia,2032,9,28.575580751338748
Somalia,2032,10,27.964214430151515
Somalia,2032,11,27.01447350419494
Somalia,2032,12,25.687515278653336
Somalia,2033,1,24.565575272475144
Somalia,2033,2,26.731886892420334
Somalia,2033,3,27.95801597778427
Somalia,2033,4,28.61780557171096
Somalia,2033,5,28.954732327591955
Somalia,2033,6,29.104407498912224
Somalia,2033,7,29.117077929241532
Somalia,2033,8,28.98012704205121
Somalia,2033,9,28.640575830640046
Somalia,2033,10,28.027583848038375
Somalia,2033,11,27.074950196872123
Somalia,2033,12,25.743614519317816
Somalia,2034,1,24.602043181240333
Somalia,2034,2,26.777540857442546
Somalia,2034,3,28.010794384533256
Somalia,2034,4,28.675987955962228
Somalia,2034,5,29.016869838419552
Somalia,2034,6,29.169253361746996
Somalia,2034,7,29.183517908863905
Somalia,2034,8,29.04710990560943
Somalia,2034,9,28.707043810686628
Somalia,2034,10,28.092403105519224
Somalia,2034,11,27.136841284203
Somalia,2034,12,25.8010828433371
Somalia,2035,1,24.63943871255924
Somalia,2035,2,26.824289711487836
Somalia,2035,3,28.064802369714926
Somalia,2035,4,28.735504548444624
Somalia,2035,5,29.08041864509596
Somalia,2035,6,29.2355625833452
Somalia,2035,7,29.251450802858926
Somalia,2035,8,29.115595249321814
Somalia,2035,9,28.775006364253386
Somalia,2035,10,28.158694074955747
Somalia,2035,11,27.200168784370362
Somalia,2035,12,25.859942361011235
South Africa,2025,1,15.116133727137822
South Africa,2025,2,15.244823680300215
South Africa,2025,3,16.50488500962547
South Africa,2025,4,18.30883762335816
South Africa,2025,5,20.14034155221907
South Africa,2025,6,21.57669793918558
South Africa,2025,7,22.31135002954852
South Africa,2025,8,22.17638416068894
South Africa,2025,9,21.165030752029452
South Africa,2025,10,19.45416529492013
South Africa,2025,11,17.426809342535307
South Africa,2025,12,15.694631499755815
South Africa,2026,1,15.165467670683029
South Africa,2026,2,15.299578180944991
South Africa,2026,3,16.56335576555739
South Africa,2026,4,18.369750284841757
South Africa,2026,5,20.20278218461044
South Africa,2026,6,21.640043486023387
South Africa,2026,7,22.375198775484932
South Africa,2026,8,22.240486194562436
South Africa,2026,9,21.229218429883076
South Africa,2026,10,19.51828370299063
South Africa,2026,11,17.490646760307754
South Africa,2026,12,15.757849862956391
South Africa,2027,1,15.215781115680329
South Africa,2027,2,15.355499328078622
South Africa,2027,3,16.62314556088768
South Africa,2027,4,18.432102143976408
South Africa,2027,5,20.26675245569004
South Africa,2027,6,21.704981912790572
South Africa,2027,7,22.440678960288096
South Africa,2027,8,22.306236061344862
South Africa,2027,9,21.29505068720846
South Africa,2027,10,19.584026307108616
South Africa,2027,11,17.55607337809215
South Africa,2027,12,15.822610335036188
South Africa,2028,1,15.267091875591177
South Africa,2028,2,15.412605607104524
South Africa,2028,3,16.684273499279698
South Africa,2028,4,18.495912868970663
South Africa,2028,5,20.3322725445405
South Africa,2028,6,21.77153385573274
South Africa,2028,7,22.507811623589987
South Africa,2028,8,22.37365515037618
South Africa,2028,9,21.362549209389726
South Africa,2028,10,19.65141503493669
South Africa,2028,11,17.623111312209403
South Africa,2028,12,15.888935167165073
South Africa,2029,1,15.31941781135265
South Africa,2029,2,15.470915551763937
South Africa,2029,3,16.746758733560455
South Africa,2029,4,18.56120217802618
South Africa,2029,5,20.399362680954255
South Africa,2029,6,21.839720002583817
South Africa,2029,7,22.576617857420388
South Africa,2029,8,22.442764904201795
South Africa,2029,9,21.431735735754955
South Africa,2029,10,19.720471868921777
South Africa,2029,11,17.69178273446323
South Africa,2029,12,15.956846666897945
South Africa,2030,1,15.372776831533884
South Africa,2030,2,15.530447744175945
South Africa,2030,3,16.810620465716966
South Africa,2030,4,18.627989839286784
South Africa,2030,5,20.468043145611773
South Africa,2030,6,21.90956109275521
South Africa,2030,7,22.6471188061887
South Africa,2030,8,22.513586818576186
South Africa,2030,9,21.502632059714415
South Africa,2030,10,19.791218846422453
South Africa,2030,11,17.76210987243485
South Africa,2030,12,16.026367198291155
South Africa,2031,1,15.427186892306963
South Africa,2031,2,15.591220814924782
South Africa,2031,3,16.875877947019944
South Africa,2031,4,18.69629567103493
South Africa,2031,5,20.538334269983352
South Africa,2031,6,21.98107791730672
South Africa,2031,7,22.719335666825828
South Africa,2031,8,22.586142442590244
South Africa,2031,9,21.575260028782395
South Africa,2031,10,19.8636780596471
South Africa,2031,11,17.834115009337438
South Africa,2031,12,16.09751918189886
South Africa,2032,1,15.482665997505137
South Africa,2032,2,15.653253443038011
South Africa,2032,3,16.942550477983787
South Africa,2032,4,18.766139541535267
South Africa,2032,5,20.610256436441887
South Africa,2032,6,22.054291318986543
South Africa,2032,7,22.793289688736877
South Africa,2032,8,22.66045337858759
South Africa,2032,9,21.649641544562655
South Africa,2032,10,19.93787165574122
South Africa,2032,11,17.90782048420533
South Africa,2032,12,16.17032509483124
South Africa,2033,1,15.539232198673744
South Africa,2033,2,15.71656435607747
South Africa,2033,3,17.010657408479346
South Africa,2033,4,18.83754136925654
South Africa,2033,5,20.68383007837201
South Africa,2033,6,22.12922219230404
South Africa,2033,7,22.86900217391394
South Africa,2033,8,22.736541282317376
South Africa,2033,9,21.725798562839373
South Africa,2033,10,20.01382183687474
South Africa,2033,11,17.98324869177759
South Africa,2033,12,16.24480747080179
South Africa,2034,1,15.5969035951357
South Africa,2034,2,15.781172330182926
South Africa,2034,3,17.080218137752126
South Africa,2034,4,18.91052112284615
South Africa,2034,5,20.759075680086426
South Africa,2034,6,22.205891483606138
South Africa,2034,7,22.94649447696156
South Africa,2034,8,22.814427862967023
South Africa,2034,9,21.80375309367173
South Africa,2034,10,20.091550860198367
South Africa,2034,11,18.060422082698096
South Africa,2034,12,16.320988900163684
South Africa,2035,1,15.655698334006047
South Africa,2035,2,15.847096190093907
South Africa,2035,3,17.151252114429553
South Africa,2035,4,18.98509882115195
South Africa,2035,5,20.83601377693867
South Africa,2035,6,22.28432019103002
South Africa,2035,7,23.025788005100367
South Africa,2035,8,22.89413488313312
South Africa,2035,9,21.883527201328434
South Africa,2035,10,20.17108103798546
South Africa,2035,11,18.139363163439157
South Africa,2035,12,16.39889202995346
South Georgia and the South Sandwich Islands,2025,1,-12.195295992761203
South Georgia and the South Sandwich Islands,2025,2,-11.099810945629542
South Georgia and the South Sandwich Islands,2025,3,-5.899952482685876
South Georgia and the South Sandwich Islands,2025,4,0.9049716408599124
South Georgia and the South Sandwich Islands,2025,5,7.315000217252418
South Georgia and the South Sandwich Islands,2025,6,11.852019576047496
South Georgia and the South Sandwich Islands,2025,7,13.582264574074543
South Georgia and the South Sandwich Islands,2025,8,12.138819585267811
South Georgia and the South Sandwich Islands,2025,9,7.744119490610501
South Georgia and the South Sandwich Islands,2025,10,1.2324506680315608
South Georgia and the South Sandwich Islands,2025,11,-5.9275480177702775
South Georgia and the South Sandwich Islands,2025,12,-11.610384225309645
South Georgia and the South Sandwich Islands,2026,1,-12.131868258827126
South Georgia and the South Sandwich Islands,2026,2,-11.029846128599274
South Georgia and the South Sandwich Islands,2026,3,-5.8259193007097565
South Georgia and the South Sandwich Islands,2026,4,0.9812665656945683
South Georgia and the South Sandwich Islands,2026,5,7.392342821914099
South Georgia and the South Sandwich Islands,2026,6,11.92971881959329
South Georgia and the South Sandwich Islands,2026,7,13.660082900657471
South Georgia and the South Sandwich Islands,2026,8,12.216903387169623
South Georgia and the South Sandwich Islands,2026,9,7.8229295712708335
South Georgia and the South Sandwich Islands,2026,10,1.3126927050006998
South Georgia and the South Sandwich Islands,2026,11,-5.84499300970765
South Georgia and the South Sandwich Islands,2026,12,-11.524529431207156
South Georgia and the South Sandwich Islands,2027,1,-12.067464202161318
South Georgia and the South Sandwich Islands,2027,2,-10.95865205935388
South Georgia and the South Sandwich Islands,2027,3,-5.750444239517492
South Georgia and the South Sandwich Islands,2027,4,1.05917821166895
South Georgia and the South Sandwich Islands,2027,5,7.4714417220138785
South Georgia and the South Sandwich Islands,2027,6,12.009281182688028
South Georgia and the South Sandwich Islands,2027,7,13.739840938172165
South Georgia and the South Sandwich Islands,2027,8,12.296975776070212
South Georgia and the South Sandwich Islands,2027,9,7.903751917096997
South Georgia and the South Sandwich Islands,2027,10,1.3949480049423073
South Georgia and the South Sandwich Islands,2027,11,-5.76044390388688
South Georgia and the South Sandwich Islands,2027,12,-11.436717350078652
South Georgia and the South Sandwich Islands,2028,1,-12.002066526099043
South Georgia and the South Sandwich Islands,2028,2,-10.886210666040824
South Georgia and the South Sandwich Islands,2028,3,-5.67350850582352
South Georgia and the South Sandwich Islands,2028,4,1.1387260398014405
South Georgia and the South Sandwich Islands,2028,5,7.552316992591841
South Georgia and the South Sandwich Islands,2028,6,12.090727300686012
South Georgia and the South Sandwich Islands,2028,7,13.8215598285542
South Georgia and the South Sandwich Islands,2028,8,12.379058346797137
South Georgia and the South Sandwich Islands,2028,9,7.986608522181086
South Georgia and the South Sandwich Islands,2028,10,1.4792389073891172
South Georgia and the South Sandwich Islands,2028,11,-5.673878068965678
South Georgia and the South Sandwich Islands,2028,12,-11.346925112523422
South Georgia and the South Sandwich Islands,2029,1,-11.93565788736214
South Georgia and the South Sandwich Islands,2029,2,-10.812503829433808
South Georgia and the South Sandwich Islands,2029,3,-5.595093258160887
South Georgia and the South Sandwich Islands,2029,4,1.2199295601067206
South Georgia and the South Sandwich Islands,2029,5,7.634988758499276
South Georgia and the South Sandwich Islands,2029,6,12.174077859574936
South Georgia and the South Sandwich Islands,2029,7,13.905260765216553
South Georgia and the South Sandwich Islands,2029,8,12.463172746492091
South Georgia and the South Sandwich Islands,2029,9,8.071521433598718
South Georgia and the South Sandwich Islands,2029,10,1.5655878057414157
South Georgia and the South Sandwich Islands,2029,11,-5.585272818995691
South Georgia and the South Sandwich Islands,2029,12,-11.255129793712513
South Georgia and the South Sandwich Islands,2030,1,-11.86822089596808
South Georgia and the South Sandwich Islands,2030,2,-10.737513382823636
South Georgia and the South Sandwich Islands,2030,3,-5.515179606735728
South Georgia and the South Sandwich Islands,2030,4,1.3028083317085475
South Georgia and the South Sandwich Islands,2030,5,7.719477194493265
South Georgia and the South Sandwich Islands,2030,6,12.25935359603045
South Georgia and the South Sandwich Islands,2030,7,13.990964993060516
South Georgia and the South Sandwich Islands,2030,8,12.549340674541781
South Georgia and the South Sandwich Islands,2030,9,8.158512751594571
South Georgia and the South Sandwich Islands,2030,10,1.6540171473106966
South Georgia and the South Sandwich Islands,2030,11,-5.494605413244244
South Georgia and the South Sandwich Islands,2030,12,-11.161308413225015
South Georgia and the South Sandwich Islands,2031,1,-11.799738115288164
South Georgia and the South Sandwich Islands,2031,2,-10.661221111956365
South Georgia and the South Sandwich Islands,2031,3,-5.433748613478201
South Georgia and the South Sandwich Islands,2031,4,1.387381962850668
South Georgia and the South Sandwich Islands,2031,5,7.805802525280342
South Georgia and the South Sandwich Islands,2031,6,12.34657529749984
South Georgia and the South Sandwich Islands,2031,7,14.078693808570279
South Georgia and the South Sandwich Islands,2031,8,12.637583882778017
South Georgia and the South Sandwich Islands,2031,9,8.247604629578746
South Georgia and the South Sandwich Islands,2031,10,1.7445494334397154
South Georgia and the South Sandwich Islands,2031,11,-5.401853056187065
South Georgia and the South Sandwich Islands,2031,12,-11.065437935044429
South Georgia and the South Sandwich Islands,2032,1,-11.730192061916568
South Georgia and the South Sandwich Islands,2032,2,-10.58360875508788
South Georgia and the South Sandwich Islands,2032,3,-5.350781291929707
South Georgia and the South Sandwich Islands,2032,4,1.4736701109513888
South Georgia and the South Sandwich Islands,2032,5,7.893985025516486
South Georgia and the South Sandwich Islands,2032,6,12.435763802187466
South Georgia and the South Sandwich Islands,2032,7,14.168468559780194
South Georgia and the South Sandwich Islands,2032,8,12.727924175354019
South Georgia and the South Sandwich Islands,2032,9,8.338819274141315
South Georgia and the South Sandwich Islands,2032,10,1.8372072194442808
South Georgia and the South Sandwich Islands,2032,11,-5.30699289749009
South Georgia and the South Sandwich Islands,2032,12,-10.967495267555023
South Georgia and the South Sandwich Islands,2033,1,-11.659565205648505
South Georgia and the South Sandwich Islands,2033,2,-10.50465800281654
South Georgia and the South Sandwich Islands,2033,3,-5.2662586072283375
South Georgia and the South Sandwich Islands,2033,4,1.5616924826399554
South Georgia and the South Sandwich Islands,2033,5,7.984045019887162
South Georgia and the South Sandwich Islands,2033,6,12.526939999149363
South Georgia and the South Sandwich Islands,2033,7,14.260310646398466
South Georgia and the South Sandwich Islands,2033,8,12.820383408915404
South Georgia and the South Sandwich Islands,2033,9,8.432178945168744
South Georgia and the South Sandwich Islands,2033,10,1.9320131147114807
South Georgia and the South Sandwich Islands,2033,11,-5.210002031947624
South Georgia and the South Sandwich Islands,2033,12,-10.867457263421784
South Georgia and the South Sandwich Islands,2034,1,-11.587839969472952
South Georgia and the South Sandwich Islands,2034,2,-10.424350498119566
South Georgia and the South Sandwich Islands,2034,3,-5.180161476054309
South Georgia and the South Sandwich Islands,2034,4,1.6514688338002088
South Georgia and the South Sandwich Islands,2034,5,8.076002883187357
South Georgia and the South Sandwich Islands,2034,6,12.620124828311418
South Georgia and the South Sandwich Islands,2034,7,14.354241519807147
South Georgia and the South Sandwich Islands,2034,8,12.914983492607462
South Georgia and the South Sandwich Islands,2034,9,8.527705955843885
South Georgia and the South Sandwich Islands,2034,10,2.028989782743338
South Georgia and the South Sandwich Islands,2034,11,-5.110857499435042
South Georgia and the South Sandwich Islands,2034,12,-10.765300719601328
South Georgia and the South Sandwich Islands,2035,1,-11.514998729463514
South Georgia and the South Sandwich Islands,2035,2,-10.342667836294822
South Georgia and the South Sandwich Islands,2035,3,-5.092470766633596
South Georgia and the South Sandwich Islands,2035,4,1.7430189696433445
South Georgia and the South Sandwich Islands,2035,5,8.169879040274282
South Georgia and the South Sandwich Islands,2035,6,12.715339280520311
South Georgia and the South Sandwich Islands,2035,7,14.45028268312035
South Georgia and the South Sandwich Islands,2035,8,13.011746388082429
South Georgia and the South Sandwich Islands,2035,9,8.625422672660534
South Georgia and the South Sandwich Islands,2035,10,2.128159941215017
South Georgia and the South Sandwich Islands,2035,11,-5.009536284868773
South Georgia and the South Sandwich Islands,2035,12,-10.661002377298246
South Korea,2025,1,6.924547937266652
South Korea,2025,2,7.104702789391922
South Korea,2025,3,9.43978818769483
South Korea,2025,4,12.737524333840156
South Korea,2025,5,16.007987592737663
South Korea,2025,6,18.48611148246073
South Korea,2025,7,19.654187664164965
South Korea,2025,8,19.264366931890436
South Korea,2025,9,17.36116020261852
South Korea,2025,10,14.303939506026836
South Korea,2025,11,10.789438974436962
South Korea,2025,12,7.87425583273307
South Korea,2026,1,6.985284161143682
South Korea,2026,2,7.170153015901633
South Korea,2026,3,9.508154847289006
South Korea,2026,4,12.807510945339345
South Korea,2026,5,16.078729226342148
South Korea,2026,6,18.557105222794235
South Korea,2026,7,19.725223073267443
South Korea,2026,8,19.335456512269047
South Korea,2026,9,17.432469860229503
South Korea,2026,10,14.37571901330466
South Korea,2026,11,10.861952433345323
South Korea,2026,12,7.947712137750386
South Korea,2027,1,7.047059784284102
South Korea,2027,2,7.236848101293617
South Korea,2027,3,9.577935372447428
South Korea,2027,4,12.879046493600072
South Korea,2027,5,16.151123449883926
South Korea,2027,6,18.629826305635106
South Korea,2027,7,19.79803419428299
South Korea,2027,8,19.408346308250657
South Korea,2027,9,17.50558288886259
South Korea,2027,10,14.44928621620511
South Korea,2027,11,10.936221599066812
South Korea,2027,12,8.022878364824464
South Korea,2028,1,7.109892538720487
South Korea,2028,2,7.304806481170999
South Korea,2028,3,9.649148848676305
South Korea,2028,4,12.952150660309599
South Korea,2028,5,16.22519048749109
South Korea,2028,6,18.704295443859337
South Korea,2028,7,19.872642175142573
South Korea,2028,8,19.483057849106444
South Korea,2028,9,17.580521145410785
South Korea,2028,10,14.52466324552097
South Korea,2028,11,11.012268822608348
South Korea,2028,12,8.099777031447047
South Korea,2029,1,7.173800203746396
South Korea,2029,2,7.374046639245535
South Korea,2029,3,9.72181441032535
South Korea,2029,4,13.026843176806324
South Korea,2029,5,16.300950613779605
South Korea,2029,6,18.780533401645698
South Korea,2029,7,19.949068215883926
South Korea,2029,8,19.559612717011078
South Korea,2029,9,17.657306540496393
South Korea,2029,10,14.601872286614707
South Korea,2029,11,11.090116510357802
South Korea,2029,12,8.178430711349392
South Korea,2030,1,7.238800605952747
South Korea,2030,2,7.4445871072721275
South Korea,2030,3,9.795951240696922
South Korea,2030,4,13.103143824145263
South Korea,2030,5,16.378424153904234
South Korea,2030,6,18.858560994515756
South Korea,2030,7,20.027333568669746
South Korea,2030,8,19.638032547104558
South Korea,2030,9,17.735961038507412
South Korea,2030,10,14.680935579385732
South Korea,2030,11,11.16978712404034
South Korea,2030,12,8.258862034371305
South Korea,2031,1,7.304911619246013
South Korea,2031,2,7.516446465212539
South Korea,2031,3,9.871578572013277
South Korea,2031,4,13.18107243317445
South Korea,2031,5,16.45763148356582
South Korea,2031,6,18.9383990893557
South Korea,2031,7,20.107459537871364
South Korea,2031,8,19.718339027506772
South Korea,2031,9,17.816506657601167
South Korea,2031,10,14.761875418379532
South Korea,2031,11,11.251303180842115
South Korea,2031,12,8.341093686617569
South Korea,2032,1,7.3721511649609965
South Korea,2032,2,7.589643341169904
South Korea,2032,3,9.948715685518437
South Korea,2032,4,13.260648884520378
South Korea,2032,5,16.538593029109506
South Korea,2032,6,19.020068604496373
South Korea,2032,7,20.18946748009421
South Korea,2032,8,19.800553899372062
South Korea,2032,9,17.898965469813447
South Korea,2032,10,14.844714152769484
South Korea,2032,11,11.334687253381162
South Korea,2032,12,8.425148410450674
South Korea,2033,1,7.440537211824449
South Korea,2033,2,7.664196411530611
South Korea,2033,3,10.027381911496377
South Korea,2033,4,13.34189310869715
South Korea,2033,5,16.621329267539295
South Korea,2033,6,19.103590509727837
South Korea,2033,7,20.273378804203276
South Korea,2033,8,19.884698956980174
South Korea,2033,9,17.983359601083976
South Korea,2033,10,14.929474186469633
South Korea,2033,11,11.419961969820179
South Korea,2033,12,8.511049004581764
South Korea,2034,1,7.510087776053297
South Korea,2034,2,7.740124400949753
South Korea,2034,3,10.107596629329237
South Korea,2034,4,13.42482508609919
South Korea,2034,5,16.705860726547144
South Korea,2034,6,19.188985826375756
South Korea,2034,7,20.359214971410438
South Korea,2034,8,19.970796047718068
South Korea,2034,9,18.06971123128551
South Korea,2034,10,15.016177978091036
South Korea,2034,11,11.50715001385197
South Korea,2034,12,8.598818324056083
South Korea,2035,1,7.580820921387385
South Korea,2035,2,7.817446082394781
South Korea,2035,3,10.18937926752642
South Korea,2035,4,13.509464847041272
South Korea,2035,5,16.792207984607558
South Korea,2035,6,19.276275627257746
South Korea,2035,7,20.446997495310825
South Korea,2035,8,20.058867072156318
South Korea,2035,9,18.158042594271137
South Korea,2035,10,15.104848041072728
South Korea,2035,11,11.59627412476857
South Korea,2035,12,8.688479280340289
South Sudan,2025,1,24.73631600704266
South Sudan,2025,2,27.18793099451159
South Sudan,2025,3,28.493718309314318
South Sudan,2025,4,29.11197623717544
South Sudan,2025,5,29.353335575030542
South Sudan,2025,6,29.403260620922993
South Sudan,2025,7,29.34455016396987
South Sudan,2025,8,29.179838474207827
South Sudan,2025,9,28.85409629247897
South Sudan,2025,10,28.277131820385875
South Sudan,2025,11,27.346091710130167
South Sudan,2025,12,25.96796205445662
South Sudan,2026,1,24.764662301579847
South Sudan,2026,2,27.2244316359438
South Sudan,2026,3,28.536547466535012
South Sudan,2026,4,29.159619408809704
South Sudan,2026,5,29.40452005239149
South Sudan,2026,6,29.45688595113188
South Sudan,2026,7,29.399618612908853
South Sudan,2026,8,29.235385489574583
South Sudan,2026,9,28.909120966761293
South Sudan,2026,10,28.330527353938123
South Sudan,2026,11,27.396575874136943
South Sudan,2026,12,26.01400765399103
South Sudan,2027,1,24.79376895990663
South Sudan,2027,2,27.261852869681206
South Sudan,2027,3,28.58042552867937
South Sudan,2027,4,29.20841039944662
South Sudan,2027,5,29.456924381852332
South Sudan,2027,6,29.51177880292107
South Sudan,2027,7,29.45598040677669
South Sudan,2027,8,29.29223234447727
South Sudan,2027,9,28.9654351639374
South Sudan,2027,10,28.385187799890446
South Sudan,2027,11,27.44828856368349
South Sudan,2027,12,26.06123613325053
South Sudan,2028,1,24.823653779961205
South Sudan,2028,2,27.300213112915117
South Sudan,2028,3,28.625371478433408
South Sudan,2028,4,29.258368703654014
South Sudan,2028,5,29.510568516089734
South Sudan,2028,6,29.56795953339042
South Sudan,2028,7,29.513656253352565
South Sudan,2028,8,29.350400043703303
South Sudan,2028,9,29.023060132084538
South Sudan,2028,10,28.441134595909716
South Sudan,2028,11,27.501251352311556
South Sudan,2028,12,26.109669147915156
South Sudan,2029,1,24.85433460767763
South Sudan,2029,2,27.33953083164033
South Sudan,2029,3,28.671404348137912
South Sudan,2029,4,29.309513866414818
South Sudan,2029,5,29.565472459003104
South Sudan,2029,6,29.6254485516738
South Sudan,2029,7,29.572666913264584
South Sudan,2029,8,29.40990964570028
South Sudan,2029,9,29.082017173729582
South Sudan,2029,10,28.498389234930983
South Sudan,2029,11,27.55548586959503
South Sudan,2029,12,26.159328410570197
South Sudan,2030,1,24.885829337044015
South Sudan,2030,2,27.37982454069879
South Sudan,2030,3,28.71854321981391
South Sudan,2030,4,29.361865483163456
South Sudan,2030,5,29.62165626578735
South Sudan,2030,6,29.68426631895727
South Sudan,2030,7,29.633033200098907
South Sudan,2030,8,29.470782262634202
South Sudan,2030,9,29.142327645958176
South Sudan,2030,10,28.556973265219312
South Sudan,2030,11,27.61101380134005
South Sudan,2030,12,26.210235690811714
South Sudan,2031,1,24.918155910182577
South Sudan,2031,2,27.421112803837786
South Sudan,2031,3,28.76680722518813
South Sudan,2031,4,29.415443199905894
South Sudan,2031,5,29.679140042958352
South Sudan,2031,6,29.7444333486319
South Sudan,2031,7,29.694775980294253
South Sudan,2031,8,29.533039060411284
South Sudan,2031,9,29.20401296037835
South Sudan,2031,10,28.616908290398896
South Sudan,2031,11,27.667856889435825
South Sudan,2031,12,26.2624128150901
South Sudan,2032,1,24.951332317273227
South Sudan,2032,2,27.463414233768162
South Sudan,2032,3,28.81621554571484
South Sudan,2032,4,29.470266713125056
South Sudan,2032,5,29.73794394840752
South Sudan,2032,6,29.8059702062028
South Sudan,2032,7,29.75791617334562
South Sudan,2032,8,29.596701258732537
South Sudan,2032,9,29.26709458321875
South Sudan,2032,10,28.678215969496705
South Sudan,2032,11,27.7260369320511
South Sudan,2032,12,26.315881666982932
South Sudan,2033,1,24.985376596739115
South Sudan,2033,2,27.506747492193426
South Sudan,2033,3,28.866787412677695
South Sudan,2033,4,29.526355770020928
South Sudan,2033,5,29.798088191430907
South Sudan,2033,6,29.868897509452836
South Sudan,2033,7,29.822474751767913
South Sudan,2033,8,29.661790131151974
South Sudan,2033,9,29.331594035361377
South Sudan,2033,10,28.740918017037075
South Sudan,2033,11,27.785575783586864
South Sudan,2033,12,26.370664187078546
South Sudan,2034,1,25.020306835239353
South Sudan,2034,2,27.551131289849764
South Sudan,2034,3,28.91854210719339
South Sudan,2034,4,29.583730168350485
South Sudan,2034,5,29.85959303281652
South Sudan,2034,6,29.933235928413524
South Sudan,2034,7,29.888472741125042
South Sudan,2034,8,29.728327005076608
South Sudan,2034,9,29.397532892359777
South Sudan,2034,10,28.80503620300169
South Sudan,2034,11,27.84649535475637
South Sudan,2034,12,26.426782373147034
South Sudan,2035,1,25.056141167661735
South Sudan,2035,2,27.596584386531504
South Sudan,2035,3,28.971498960248027
South Sudan,2035,4,29.64240975661687
South Sudan,2035,5,29.922478784815212
South Sudan,2035,6,29.9990061853905
South Sudan,2035,7,29.955931220124512
South Sudan,2035,8,29.796333261861037
South Sudan,2035,9,29.464932784529992
South Sudan,2035,10,28.870592352924177
South Sudan,2035,11,27.908817612636085
South Sudan,2035,12,26.484258280052927
Spain,2025,1,9.415191228546064
Spain,2025,2,9.512989224012017
Spain,2025,3,11.482894193411084
Spain,2025,4,14.30910816449341
Spain,2025,5,17.139522568851135
Spain,2025,6,19.30821923179701
Spain,2025,7,20.357971362286662
Spain,2025,8,20.062744542717155
Spain,2025,9,18.45019771896932
Spain,2025,10,15.824184190191772
Spain,2025,11,12.787252598755913
Spain,2025,12,10.26314792013818
Spain,2026,1,9.473012188428584
Spain,2026,2,9.575648344683032
Spain,2026,3,11.548634334959388
Spain,2026,4,14.376652312975239
Spain,2026,5,17.208004299253844
Spain,2026,6,19.37711317106823
Spain,2026,7,20.427023652334356
Spain,2026,8,20.131903303478794
Spain,2026,9,18.51954351141194
Spain,2026,10,15.893860479308387
Spain,2026,11,12.85739621657649
Spain,2026,12,10.333819528766071
Spain,2027,1,9.531860477579357
Spain,2027,2,9.639534687962623
Spain,2027,3,11.615765640764039
Spain,2027,4,14.445718133048103
Spain,2027,5,17.278107291725064
Spain,2027,6,19.44769956348773
Spain,2027,7,20.497813704682812
Spain,2027,8,20.202821771174968
Spain,2027,9,18.590650108305454
Spain,2027,10,15.96528034075618
Spain,2027,11,12.929250362435596
Spain,2027,12,10.406155326426415
Spain,2028,1,9.591753859117489
Spain,2028,2,9.70466671124177
Spain,2028,3,11.684307208736755
Spain,2028,4,14.516325309473359
Spain,2028,5,17.349851764204686
Spain,2028,6,19.519999106451905
Spain,2028,7,20.57036264241924
Spain,2028,8,20.275521440901684
Spain,2028,9,18.66353932307993
Spain,2028,10,16.0384658525918
Spain,2028,11,13.002837325290784
Spain,2028,12,10.480177759211983
Spain,2029,1,9.652710143437616
Spain,2029,2,9.771062919990982
Spain,2029,3,11.754278185727344
Spain,2029,4,14.588493576772635
Spain,2029,5,17.4232579851423
Spain,2029,6,19.59403254865265
Spain,2029,7,20.644691640803103
Spain,2029,8,20.350023860698457
Spain,2029,9,18.73823302292385
Spain,2029,10,16.113439147430654
Spain,2029,11,13.078179449451454
Spain,2029,12,10.555909329444148
Spain,2030,1,9.71474718835907
Spain,2030,2,9.838741867924
Spain,2030,3,11.825697767632846
Spain,2030,4,14.662242719293317
Spain,2030,5,17.498346273646348
Spain,2030,6,19.66982069023743
Spain,2030,7,20.72082192732796
Spain,2030,8,20.426350631759306
Spain,2030,9,18.814753128907796
Spain,2030,10,16.190222412545154
Spain,2030,11,13.15529913473165
Spain,2030,12,10.633372595742003
Spain,2031,1,9.777882899104043
Spain,2031,2,9.907722156943237
Spain,2031,3,11.898585199339323
Spain,2031,4,14.737592571208552
Spain,2031,5,17.57513699949868
Spain,2031,6,19.747384382852943
Spain,2031,7,20.79877478176877
Spain,2031,8,20.504523408283603
Spain,2031,9,18.893121615999007
Spain,2031,10,16.26883788993746
Spain,2031,11,13.234218836413675
Spain,2031,12,10.712590173000535
Spain,2032,1,9.842135228381267
Spain,2032,2,9.97802243724891
Spain,2032,3,11.972959774823721
Spain,2032,4,14.814563016615466
Spain,2032,5,17.653650583092713
Spain,2032,6,19.82674452959418
Spain,2032,7,20.878571536189156
Spain,2032,8,20.58456389758885
Spain,2032,9,18.973360513065018
Spain,2032,10,16.349307876317653
Spain,2032,11,13.314961065368152
Spain,2032,12,10.793584732507043
Spain,2033,1,9.907522176382372
Spain,2033,2,10.0496614073827
Spain,2033,3,12.048840837248463
Spain,2033,4,14.893173989516981
Spain,2033,5,17.733907495680796
Spain,2033,6,19.907922085153587
Spain,2033,7,20.96023357505055
Spain,2033,8,20.666493860208902
Spain,2033,9,19.055491902982794
Spain,2033,10,16.43165472318742
Spain,2033,11,13.397548388028554
Spain,2033,12,10.876379001941132
Spain,2034,1,9.974061790894666
Spain,2034,2,10.122657814213198
Spain,2034,3,12.126247778881407
Spain,2034,4,14.973445473887296
Spain,2034,5,17.81592825925054
Spain,2034,6,19.99093805578832
Spain,2034,7,21.0437823352122
Spain,2034,8,20.750335109832122
Spain,2034,9,19.139537922591444
Spain,2034,10,16.515900836876426
Spain,2034,11,13.482003426460324
Spain,2034,12,10.96099576538927
Spain,2035,1,10.041772167279305
Spain,2035,2,10.197030453037769
Spain,2035,3,12.205200041245007
Spain,2035,4,15.055397503802851
Spain,2035,5,17.89973344659029
Spain,2035,6,20.0758134994403
Spain,2035,7,21.129239305963893
Spain,2035,8,20.836109513486917
Spain,2035,9,19.225520762906854
Spain,2035,10,16.602068678625983
Spain,2035,11,13.568348858462741
Spain,2035,12,11.047457863508498
Sri Lanka,2025,1,24.29645418029122
Sri Lanka,2025,2,26.389157902130137
Sri Lanka,2025,3,27.560938481009543
Sri Lanka,2025,4,28.181427228869325
Sri Lanka,2025,5,28.490768503897016
Sri Lanka,2025,6,28.622120700406413
Sri Lanka,2025,7,28.62415723873437
Sri Lanka,2025,8,28.483567555104855
Sri Lanka,2025,9,28.147558091594874
Sri Lanka,2025,10,27.546353285954865
Sri Lanka,2025,11,26.615696561570985
Sri Lanka,2025,12,25.3193513173037
Sri Lanka,2026,1,24.32617576720895
Sri Lanka,2026,2,26.42674494831317
Sri Lanka,2026,3,27.60458844794357
Sri Lanka,2026,4,28.22965876402759
Sri Lanka,2026,5,28.54235190374402
Sri Lanka,2026,6,28.67600837334703
Sri Lanka,2026,7,28.67941416819758
Sri Lanka,2026,8,28.53930176258018
Sri Lanka,2026,9,28.202851099581494
Sri Lanka,2026,10,27.600190581045354
Sri Lanka,2026,11,26.66689805742226
Sri Lanka,2026,12,25.36650181767709
Sri Lanka,2027,1,24.35668159625584
Sri Lanka,2027,2,26.465278529020907
Sri Lanka,2027,3,27.649315090261553
Sri Lanka,2027,4,28.279067481257698
Sri Lanka,2027,5,28.595185875642528
Sri Lanka,2027,6,28.73119540908101
Sri Lanka,2027,7,28.735997169421353
Sri Lanka,2027,8,28.596369186369884
Sri Lanka,2027,9,28.259467421529735
Sri Lanka,2027,10,27.6553267582467
Sri Lanka,2027,11,26.719361991495134
Sri Lanka,2027,12,25.414868817803836
Sri Lanka,2028,1,24.387989473882953
Sri Lanka,2028,2,26.50477707434129
Sri Lanka,2028,3,27.69513740790444
Sri Lanka,2028,4,28.329672896751617
Sri Lanka,2028,5,28.64929039829167
Sri Lanka,2028,6,28.787702195128986
Sri Lanka,2028,7,28.79392698495667
Sri Lanka,2028,8,28.654790870435136
Sri Lanka,2028,9,28.317428349074362
Sri Lanka,2028,10,27.711783303152515
Sri Lanka,2028,11,26.77310998964549
Sri Lanka,2028,12,25.46447403005459
Sri Lanka,2029,1,24.420117254471734
Sri Lanka,2029,2,26.545259063078447
Sri Lanka,2029,3,27.742074450460677
Sri Lanka,2029,4,28.381494577050944
Sri Lanka,2029,5,28.704685501573294
Sri Lanka,2029,6,28.845549170954655
Sri Lanka,2029,7,28.853224410196162
Sri Lanka,2029,8,28.71458791232817
Sri Lanka,2029,9,28.376755228216098
Sri Lanka,2029,10,27.769581756570005
Sri Lanka,2029,11,26.828163733746806
Sri Lanka,2029,12,25.515339223672527
Sri Lanka,2030,1,24.45308284042494
Sri Lanka,2030,2,26.586743022887276
Sri Lanka,2030,3,27.790145317082533
Sri Lanka,2030,4,28.43455213917423
Sri Lanka,2030,5,28.761391266621104
Sri Lanka,2030,6,28.90475682808119
Sri Lanka,2030,7,28.91391029337774
Sri Lanka,2030,8,28.775781463286876
Sri Lanka,2030,9,28.437469459532622
Sri Lanka,2030,10,27.828743714614575
Sri Lanka,2030,11,26.884544961752
Sri Lanka,2030,12,25.56748622476971
Sri Lanka,2031,1,24.486904182206672
Sri Lanka,2031,2,26.629247530277098
Sri Lanka,2031,3,27.83936915664617
Sri Lanka,2031,4,28.488865250609706
Sri Lanka,2031,5,28.819427825831553
Sri Lanka,2031,6,28.965345710156726
Sri Lanka,2031,7,28.976005535635522
Sri Lanka,2031,8,28.838392728263898
Sri Lanka,2031,9,28.499592498029415
Sri Lanka,2031,10,27.889290828713456
Sri Lanka,2031,11,26.942275467798936
Sri Lanka,2031,12,25.62093691643986
Sri Lanka,2032,1,24.52159927836783
Sri Lanka,2032,2,26.67279121066622
Sri Lanka,2032,3,27.889765167697078
Sri Lanka,2032,4,28.544453629366217
Sri Lanka,2032,5,28.87881536295481
Sri Lanka,2032,6,29.027336412957993
Sri Lanka,2032,7,29.039531091054414
Sri Lanka,2032,8,28.90244296594483
Sri Lanka,2032,9,28.563145853307105
Sri Lanka,2032,10,27.951244805634815
Sri Lanka,2032,11,27.00137710214858
Sri Lanka,2032,12,25.67571323874381
Sri Lanka,2033,1,24.55718617560433
Sri Lanka,2033,2,26.71739273840376
Sri Lanka,2033,3,27.941352598577396
Sri Lanka,2033,4,28.601337044035063
Sri Lanka,2033,5,28.939574113116578
Sri Lanka,2033,6,29.09074958443034
Sri Lanka,2033,7,29.104507966735582
Sri Lanka,2033,8,28.967953488860985
Sri Lanka,2033,9,28.62815108959785
Sri Lanka,2033,10,28.014627407604166
Sri Lanka,2033,11,27.06187177132324
Sri Lanka,2033,12,25.731837188785903
Sri Lanka,2034,1,24.593682968829853
Sri Lanka,2034,2,26.763070836904262
Sri Lanka,2034,3,27.994150747418644
Sri Lanka,2034,4,28.65953531379364
Sri Lanka,2034,5,29.001724362858113
Sri Lanka,2034,6,29.15560592476413
Sri Lanka,2034,7,29.170957222785546
Sri Lanka,2034,8,29.034945663334838
Sri Lanka,2034,9,28.694629825765332
Sri Lanka,2034,10,28.07946045234803
Sri Lanka,2034,11,27.123781438099286
Sri Lanka,2034,12,25.78933082074309
Sri Lanka,2035,1,24.631107801175858
Sri Lanka,2035,2,26.809844278545825
Sri Lanka,2035,3,28.048178962199927
Sri Lanka,2035,4,28.71906830849275
Sri Lanka,2035,5,29.065286450208987
Sri Lanka,2035,6,29.221926186434757
Sri Lanka,2035,7,29.238899972425315
Sri Lanka,2035,8,29.103440909603705
Sri Lanka,2035,9,28.762603735377525
Sri Lanka,2035,10,28.14576581300298
Sri Lanka,2035,11,27.18712812159447
Sri Lanka,2035,12,25.848216245901313
Sudan,2025,1,24.446785294459005
Sudan,2025,2,26.650164117266286
Sudan,2025,3,27.8616176077785
Sudan,2025,4,28.479052588446393
Sudan,2025,5,28.76508406999801
Sudan,2025,6,28.86953624144826
Sudan,2025,7,28.851943459864742
Sudan,2025,8,28.704051240362787
Sudan,2025,9,28.372317245980412
Sudan,2025,10,27.78041227751328
Sudan,2025,11,26.851721263509717
Sudan,2025,12,25.531844250112954
Sudan,2026,1,24.476053715331545
Sudan,2026,2,26.687389171526775
Sudan,2026,3,27.90498957973341
Sudan,2026,4,28.52707980132709
Sudan,2026,5,28.816523349055387
Sudan,2026,6,28.92332337688731
Sudan,2026,7,28.907123669942848
Sudan,2026,8,28.7597096343643
Sudan,2026,9,28.42750928724581
Sudan,2026,10,27.834094246461063
Sudan,2026,11,26.902680720632816
Sudan,2026,12,25.578630499015162
Sudan,2027,1,24.506098865801505
Sudan,2027,2,26.725552585417063
Sudan,2027,3,27.949429464993045
Sudan,2027,4,28.57627492231859
Sudan,2027,5,28.869203489551182
Sudan,2027,6,28.978399803128013
Sudan,2027,7,28.9636195936082
Sudan,2027,8,28.81669067560233
Sudan,2027,9,28.48401393770564
Sudan,2027,10,27.8890643323075
Sudan,2027,11,26.954891865579157
Sudan,2027,12,25.626622587319616
Sudan,2028,1,24.536938549736988
Sudan,2028,2,26.764672785016046
Sudan,2028,3,27.99495625817599
Sudan,2028,4,28.626657460849856
Sudan,2028,5,28.92314446205728
Sudan,2028,6,29.034785898108566
Sudan,2028,7,29.02145196245783
Sudan,2028,8,28.875015395665287
Sudan,2028,9,28.541852475221276
Sudan,2028,10,27.945344005501283
Sudan,2028,11,27.008376307655453
Sudan,2028,12,25.675842209439907
Sudan,2029,1,24.568590618965573
Sudan,2029,2,26.804768245202467
Sudan,2029,3,28.04158900348648
Sudan,2029,4,28.678246976732225
Sudan,2029,5,28.978366288277357
Sudan,2029,6,29.092502091739334
Sudan,2029,7,29.08064156094133
Sudan,2029,8,28.9347048797581
Sudan,2029,9,28.60104623209645
Sudan,2029,10,28.002954791701086
Sudan,2029,11,27.063155712153275
Sudan,2029,12,25.726311116658508
Sudan,2030,1,24.60107297333616
Sudan,2030,2,26.845857489658556
Sudan,2030,3,28.089346794739868
Sudan,2030,4,28.73106308023216
Sudan,2030,5,29.034889041214228
Sudan,2030,6,29.151568866026537
Sudan,2030,7,29.14120922633174
Sudan,2030,8,28.995780266775
Sudan,2030,9,28.66161659509544
Sudan,2030,10,28.06191827188468
Sudan,2030,11,27.119251800549137
Sudan,2030,12,25.778051117192263
Sudan,2031,1,24.634403560788087
Sudan,2031,2,26.887959090993718
Sudan,2031,3,28.138248775486318
Sudan,2031,4,28.785125432122186
Sudan,2031,5,29.092732845137107
Sudan,2031,6,29.212006755104994
Sudan,2031,7,29.203175848878345
Sudan,2031,8,29.058262749368623
Sudan,2031,9,28.72358500556311
Sudan,2031,10,28.122256082341664
Sudan,2031,11,27.176686350420823
Sudan,2031,12,25.831084076203297
Sudan,2032,1,24.668600377347502
Sudan,2032,2,26.931091670675414
Sudan,2032,3,28.188314138967144
Sudan,2032,4,28.840453743677244
Sudan,2032,5,29.15191787566164
Sudan,2032,6,29.273836345194468
Sudan,2032,7,29.266562371723012
Sudan,2032,8,29.122173573895452
Sudan,2032,9,28.786972959373998
Sudan,2032,10,28.183989914778977
Sudan,2032,11,27.23548119553834
Sudan,2032,12,25.885431915842673
Sudan,2033,1,24.70368146724377
Sudan,2033,2,26.975273899189233
Sudan,2033,3,28.239562128213038
Sudan,2033,4,28.897067776776566
Sudan,2033,5,29.21246435986268
Sudan,2033,6,29.337078274759733
Sudan,2033,7,29.331389791085712
Sudan,2033,8,29.18753404057952
Sudan,2033,9,28.851802007070546
Sudan,2033,10,28.247141516313604
Sudan,2033,11,27.295658225940315
Sudan,2033,12,25.941116615337705
Sudan,2034,1,24.7396649228549
Sudan,2034,2,27.020524496006146
Sudan,2034,3,28.292012036054984
Sudan,2034,4,28.9549873439546
Sudan,2034,5,29.27439257615788
Sudan,2034,6,29.40175323452513
Sudan,2034,7,29.397679156199047
Sudan,2034,8,29.25436550348695
Sudan,2034,9,28.91809375381581
Sudan,2034,10,28.31173268954535
Sudan,2034,11,27.357239387897607
Sudan,2034,12,25.9981602109483
Sudan,2035,1,24.776568884805783
Sudan,2035,2,27.066862229669823
Sudan,2035,3,28.34568320519338
Sudan,2035,4,29.014232308328246
Sudan,2035,5,29.337722854471394
Sudan,2035,6,29.467881967441826
Sudan,2035,7,29.46545156936645
Sudan,2035,8,29.322689370584158
Sudan,2035,9,28.9858698595026
Sudan,2035,10,28.37778529256775
Sudan,2035,11,27.42024668407703
Sudan,2035,12,26.05658479614158
Suriname,2025,1,23.861864420640813
Suriname,2025,2,25.68206633661339
Suriname,2025,3,26.763507147196833
Suriname,2025,4,27.402033871193453
Suriname,2025,5,27.779186023916736
Suriname,2025,6,27.98469660702267
Suriname,2025,7,28.038993098479295
Suriname,2025,8,27.915698442456232
Suriname,2025,9,27.564132039166907
Suriname,2025,10,26.93181073483447
Suriname,2025,11,25.986949811523118
Suriname,2025,12,24.740963977085812
Suriname,2026,1,23.892828003169598
Suriname,2026,2,25.720661791322527
Suriname,2026,3,26.807949551425736
Suriname,2026,4,27.450867717508117
Suriname,2026,5,27.831215683051596
Suriname,2026,6,28.038916790993426
Suriname,2026,7,28.094519323564782
Suriname,2026,8,27.971697492194835
Suriname,2026,9,27.61975242741846
Suriname,2026,10,26.986113168740303
Suriname,2026,11,26.038837654578856
Suriname,2026,12,24.789113712152357
Suriname,2027,1,23.924594978053392
Suriname,2027,2,25.760224677950646
Suriname,2027,3,26.85349107881939
Suriname,2027,4,27.500902547290934
Suriname,2027,5,27.88452087254791
Suriname,2027,6,28.094462256228326
Suriname,2027,7,28.151398302231428
Suriname,2027,8,28.029057006716357
Suriname,2027,9,27.676723747933465
Suriname,2027,10,27.041742276190234
Suriname,2027,11,26.09201570364985
Suriname,2027,12,24.838507494322585
Suriname,2028,1,23.957183157796862
Suriname,2028,2,25.800773436280906
Suriname,2028,3,26.90015074269195
Suriname,2028,4,27.55215789378508
Suriname,2028,5,27.939121591826733
Suriname,2028,6,28.15135341457153
Suriname,2028,7,28.209650805064484
Suriname,2028,8,28.087798061632384
Suriname,2028,9,27.7350673277042
Suriname,2028,10,27.098719581762452
Suriname,2028,11,26.146505627218176
Suriname,2028,12,24.889167082314998
Suriname,2029,1,23.990610402867787
Suriname,2029,2,25.842326554867213
Suriname,2029,3,26.94794760604873
Suriname,2029,4,27.604653340623372
Suriname,2029,5,27.99503789147002
Suriname,2029,6,28.209610729861197
Suriname,2029,7,28.26929765546538
Suriname,2029,8,28.14794178617467
Suriname,2029,9,27.79480454806344
Suriname,2029,10,27.157066665252387
Suriname,2029,11,26.20232914981989
Suriname,2029,12,24.941114291644226
Suriname,2030,1,24.024894621671592
Suriname,2030,2,25.884902571034218
Suriname,2030,3,26.996900781331533
Suriname,2030,4,27.658408521780984
Suriname,2030,5,28.052289873224254
Suriname,2030,6,28.26925471794766
Suriname,2030,7,28.330359729604425
Suriname,2030,8,28.20950936319514
Suriname,2030,9,27.855956844826324
Suriname,2030,10,27.216805161716366
Suriname,2030,11,26.259508052005003
Suriname,2030,12,24.994370994722885
Suriname,2031,1,24.06005377067504
Suriname,2031,2,25.928520070946433
Suriname,2031,3,27.04702943076063
Suriname,2031,4,27.71344312173551
Suriname,2031,5,28.110897690142338
Suriname,2031,6,28.330305946711633
Suriname,2031,7,28.39285795660635
Suriname,2031,8,28.27252202926047
Suriname,2031,9,27.91854570830492
Suriname,2031,10,27.277956761457062
Suriname,2031,11,26.318064170439357
Suriname,2031,12,25.048959120832478
Suriname,2032,1,24.09610585439168
Suriname,2032,2,25.97319768962643
Suriname,2032,3,27.098352766138305
Suriname,2032,4,27.769776875397838
Suriname,2032,5,28.17088154654357
Suriname,2032,6,28.392785036206078
Suriname,2032,7,28.45681331843025
Suriname,2032,8,28.337001074604814
Suriname,2032,9,27.982592683297298
Suriname,2032,10,27.340543210190845
Suriname,2032,11,26.378019397966455
Suriname,2032,12,25.104900656225254
Suriname,2033,1,24.13306892543278
Suriname,2033,2,26.018954111031235
Suriname,2033,3,27.1508900490453
Suriname,2033,4,27.827429568257685
Suriname,2033,5,28.232261698119146
Suriname,2033,6,28.456712658587094
Suriname,2033,7,28.522246850055126
Suriname,2033,8,28.40296784327529
Suriname,2033,9,28.048119369207598
Suriname,2033,10,27.40458630894591
Suriname,2033,11,26.43939568359292
Suriname,2033,12,25.162217644186057
Suriname,2034,1,24.170961084620103
Suriname,2034,2,26.065808068059596
Suriname,2034,3,27.20466059082264
Suriname,2034,4,27.88642103636903
Suriname,2034,5,28.2950584519358
Suriname,2034,6,28.522109538208497
Suriname,2034,7,28.589179639418035
Suriname,2034,8,28.470443733117463
Suriname,2034,9,28.11514742005329
Suriname,2034,10,27.470107914222353
Suriname,2034,11,26.502215032543063
Suriname,2034,12,25.220932184999583
Suriname,2035,1,24.209800480894955
Suriname,2035,2,26.1137783426866
Suriname,2035,3,27.259683752629826
Suriname,2035,4,27.946771166444705
Suriname,2035,5,28.359292166479463
Suriname,2035,6,28.588996451709136
Suriname,2035,7,28.657632827563248
Suriname,2035,8,28.539450195811696
Suriname,2035,9,28.1836985445525
Suriname,2035,10,27.537129937977625
Suriname,2035,11,26.566499506397122
Suriname,2035,12,25.28106643605952
Sweden,2025,1,-6.253091494126238
Sweden,2025,2,-5.341669689659284
Sweden,2025,3,-0.9400172670530083
Sweden,2025,4,4.861938236682363
Sweden,2025,5,10.378471573782917
Sweden,2025,6,14.35056077578065
Sweden,2025,7,15.968388143272932
Sweden,2025,8,14.893841235881155
Sweden,2025,9,11.283013862154803
Sweden,2025,10,5.808707069457341
Sweden,2025,11,-0.3170698661915594
Sweden,2025,12,-5.320598450139187
Sweden,2026,1,-6.186284909602364
Sweden,2026,2,-5.269492105496283
Sweden,2026,3,-0.8646529189527428
Sweden,2026,4,4.938915628380528
Sweden,2026,5,10.456029267200392
Sweden,2026,6,14.428137470456022
Sweden,2026,7,16.045824443202036
Sweden,2026,8,14.971310112549872
Sweden,2026,9,11.360951117535478
Sweden,2026,10,5.887741799041578
Sweden,2026,11,-0.23618481040739425
Sweden,2026,12,-5.237055996544768
Sweden,2027,1,-6.118451748657208
Sweden,2027,2,-5.196051131583772
Sweden,2027,3,-0.7878274370514191
Sweden,2027,4,5.017515346154141
Sweden,2027,5,10.53533644458821
Sweden,2027,6,14.507559290054814
Sweden,2027,7,16.125172509543518
Sweden,2027,8,15.050730915075292
Sweden,2027,9,11.44085649360295
Sweden,2027,10,5.968739396958881
Sweden,2027,11,-0.15336106831728102
Sweden,2027,12,-5.151615450987265
Sweden,2028,1,-6.04957453723091
Sweden,2028,2,-5.121328541647927
Sweden,2028,3,-0.7095218965323511
Sweden,2028,4,5.0977569596043395
Sweden,2028,5,10.616413266639029
Sweden,2028,6,14.588846932690103
Sweden,2028,7,16.206453524076096
Sweden,2028,8,15.132125255183382
Sweden,2028,9,11.5227519783557
Sweden,2028,10,6.051722173809139
Sweden,2028,11,-0.06857606049652532
Sweden,2028,12,-5.0642540189064675
Sweden,2029,1,-5.979635754420997
Sweden,2029,2,-5.045306061768315
Sweden,2029,3,-0.6297173241646306
Sweden,2029,4,5.179660087608681
Sweden,2029,5,10.699279944133195
Sweden,2029,6,14.672021147308442
Sweden,2029,7,16.289688720252343
Sweden,2029,8,15.215514797132528
Sweden,2029,9,11.606659613114061
Sweden,2029,10,6.136712494256244
Sweden,2029,11,0.018192847391219402
Sweden,2029,12,-4.974948850001056
Sweden,2030,1,-5.908617832489654
Sweden,2030,2,-4.967965370330603
Sweden,2030,3,-0.5483946982158159
Sweden,2030,4,5.263244398270217
Sweden,2030,5,10.783956737902372
Sweden,2030,6,14.75710273378445
Sweden,2030,7,16.374899383224147
Sweden,2030,8,15.300921257655318
Sweden,2030,9,11.69260149251295
Sweden,2030,10,6.223732777111763
Sweden,2030,11,0.10696834458667581
Sweden,2030,12,-4.883677038235874
Sweden,2031,1,-5.836503156754588
Sweden,2031,2,-4.889288098055658
Sweden,2031,3,-0.46553494842646614
Sweden,2031,4,5.348529609110301
Sweden,2031,5,10.870463958975051
Sweden,2031,6,14.844112542917173
Sweden,2031,7,16.46210684991911
Sweden,2031,8,15.38836640608588
Sweden,2031,9,11.780599764560066
Sweden,2031,10,6.312805495360408
Sweden,2031,11,0.1977731753840999
Sweden,2031,12,-4.790415621780085
Sweden,2032,1,-5.76327406562541
Sweden,2032,2,-4.809255827854031
Sweden,2032,3,-0.38111895600650314
Sweden,2032,4,5.435535486952176
Sweden,2032,5,10.958821968511074
Sweden,2032,6,14.933071476517398
Sweden,2032,7,16.551332509047825
Sweden,2032,8,15.477872064338044
Sweden,2032,9,11.870676630665002
Sweden,2032,10,6.403953176218238
Sweden,2032,11,0.2906301390730732
Sweden,2032,12,-4.695141582996257
Sweden,2033,1,-5.688912850476299
Sweden,2033,2,-4.727850094873247
Sweden,2033,3,-0.29512755352971
Sweden,2033,4,5.52428184807377
Sweden,2033,5,11.049051177936235
Sweden,2033,6,15.024000487425837
Sweden,2033,7,16.642597801172997
Sweden,2033,8,15.569460106989027
Sweden,2033,9,11.962854345712003
Sweden,2033,10,6.497198401165406
Sweden,2033,11,0.38556209002581454
Sweden,2033,12,-4.597831848287569
Sweden,2034,1,-5.613401755675113
Sweden,2034,2,-4.645052386385032
Sweden,2034,3,-0.2075415249228172
Sweden,2034,4,5.6147885581967785
Sweden,2034,5,11.141172048909539
Sweden,2034,6,15.116920579545877
Sweden,2034,7,16.73592421873127
Sweden,2034,8,15.663152461290338
Sweden,2034,9,12.057155218078151
Sweden,2034,10,6.592563805971622
Sweden,2034,11,0.4825919377080936
Sweden,2034,12,-4.498463288214225
Sweden,2035,1,-5.536722978459693
Sweden,2035,2,-4.56084414178531
Sweden,2035,3,-0.11834160538546712
Sweden,2035,4,5.707075532588533
Sweden,2035,5,11.235205093443255
Sweden,2035,6,15.211852807941796
Sweden,2035,7,16.83133330613873
Sweden,2035,8,15.758971107280558
Sweden,2035,9,12.153601609735233
Sweden,2035,10,6.690072080827122
Sweden,2035,11,0.5817426468065605
Sweden,2035,12,-4.39701271730064
Switzerland,2025,1,-3.7252844839522368
Switzerland,2025,2,-2.9489109610540254
Switzerland,2025,3,1.068097284653959
Switzerland,2025,4,6.406872463060608
Switzerland,2025,5,11.513587565853413
Switzerland,2025,6,15.221957356426174
Switzerland,2025,7,16.775739359764884
Switzerland,2025,8,15.851234852413654
Switzerland,2025,9,12.579789852266003
Switzerland,2025,10,7.570296108538059
Switzerland,2025,11,1.9316920916544404
Switzerland,2025,12,-2.7045360169058767
Switzerland,2026,1,-3.658292654802608
Switzerland,2026,2,-2.876859961120317
Switzerland,2026,3,1.1431212863544715
Switzerland,2026,4,6.483372582232732
Switzerland,2026,5,11.59058666594592
Switzerland,2026,6,15.298928511671875
Switzerland,2026,7,16.852536318213424
Switzerland,2026,8,15.92802249889155
Switzerland,2026,9,12.656974671420357
Switzerland,2026,10,7.64845664792756
Switzerland,2026,11,2.0115094246366425
Switzerland,2026,12,-2.622347828036254
Switzerland,2027,1,-3.590261800184635
Switzerland,2027,2,-2.8035395069664446
Switzerland,2027,3,1.219606609372022
Switzerland,2027,4,6.561489845616052
Switzerland,2027,5,11.669325206396934
Switzerland,2027,6,15.377730394110586
Switzerland,2027,7,16.931226798785247
Switzerland,2027,8,16.006740488014657
Switzerland,2027,9,12.736103196778458
Switzerland,2027,10,7.7285533174590455
Switzerland,2027,11,2.0932368896437765
Switzerland,2027,12,-2.5382914099564005
Switzerland,2028,1,-3.521174383370635
Switzerland,2028,2,-2.72893131910223
Switzerland,2028,3,1.2975722222663535
Switzerland,2028,4,6.641243857136033
Switzerland,2028,5,11.74982337279016
Switzerland,2028,6,15.458383717273136
Switzerland,2028,7,17.011831989283564
Switzerland,2028,8,16.08741042811471
Switzerland,2028,9,12.817197403467617
Switzerland,2028,10,7.810608405431594
Switzerland,2028,11,2.176897034359172
Switzerland,2028,12,-2.4523440092552846
Switzerland,2029,1,-3.451012820786673
Switzerland,2029,2,-2.6530170703435942
Switzerland,2029,3,1.377037142124209
Switzerland,2029,4,6.7226542700745995
Switzerland,2029,5,11.832101400866122
Switzerland,2029,6,15.540909245662078
Switzerland,2029,7,17.094373129254564
Switzerland,2029,8,16.17005398008132
Switzerland,2029,9,12.90027932000612
Switzerland,2029,10,7.894644254291961
Switzerland,2029,11,2.2625124614760352
Switzerland,2029,12,-2.3644828167552987
Switzerland,2030,1,-3.3797594818634025
Switzerland,2030,2,-2.5757783857325194
Switzerland,2030,3,1.458020434584796
Switzerland,2030,4,6.8057407870483075
Switzerland,2030,5,11.91617957654762
Switzerland,2030,6,15.625327794744408
Switzerland,2030,7,17.17887151004561
Switzerland,2030,8,16.254692857423834
Switzerland,2030,9,12.98537102836508
Switzerland,2030,10,7.980683260721889
Switzerland,2030,11,2.3501058286901753
Switzerland,2030,12,-2.274684967403118
Switzerland,2031,1,-3.307396689054258
Switzerland,2031,2,-2.4971968425043087
Switzerland,2031,3,1.5405412139161854
Switzerland,2031,4,6.890523160117482
Switzerland,2031,5,12.002078235939734
Switzerland,2031,6,15.711660231053429
Switzerland,2031,7,17.26534847482708
Switzerland,2031,8,16.34134882628223
Switzerland,2031,9,13.07249466392841
Switzerland,2031,10,8.068747875667214
Switzerland,2031,11,2.4396998488018653
Switzerland,2031,12,-2.182927540262426
Switzerland,2032,1,-3.2339067178063488
Switzerland,2032,2,-2.417253970083948
Switzerland,2032,3,1.6246186430043963
Switzerland,2032,4,6.977021190768028
Switzerland,2032,5,12.089817765460793
Switzerland,2032,6,15.799927472152376
Switzerland,2032,7,17.353825418668748
Switzerland,2032,8,16.430043705478056
Switzerland,2032,9,13.161672415576504
Switzerland,2032,10,8.158860604399706
Switzerland,2032,11,2.53131728968674
Switzerland,2032,12,-2.089187558568483
Switzerland,2033,1,-3.1592717964185795
Switzerland,2033,2,-2.3359312499769658
Switzerland,2033,3,1.7102719334734502
Switzerland,2033,4,7.0652547300460355
Switzerland,2033,5,12.179418601820544
Switzerland,2033,6,15.890150486765378
Switzerland,2033,7,17.44432378856891
Switzerland,2033,8,16.520799366612664
Switzerland,2033,9,13.25292652580265
Switzerland,2033,10,8.251044006495249
Switzerland,2033,11,2.6249809744304002
Switzerland,2033,12,-1.9934419894516395
Switzerland,2034,1,-3.0834741061471505
Switzerland,2034,2,-2.253210115769434
Switzerland,2034,3,1.7975203456526287
Switzerland,2034,4,7.155243678477746
Switzerland,2034,5,12.270901232096548
Switzerland,2034,6,15.982350294748358
Switzerland,2034,7,17.536865083483463
Switzerland,2034,8,16.61363773400899
Switzerland,2034,9,13.34627929058206
Switzerland,2034,10,8.345320695964801
Switzerland,2034,11,2.72071378126293
Switzerland,2034,12,-1.8956677441265128
Switzerland,2035,1,-3.0064957810200212
Switzerland,2035,2,-2.169071953044295
Switzerland,2035,3,1.8863831886746993
Switzerland,2035,4,7.247007986244171
Switzerland,2035,5,12.364286193756016
Switzerland,2035,6,16.076547967216356
Switzerland,2035,7,17.63147085442779
Switzerland,2035,8,16.70858078486799
Switzerland,2035,9,13.44175305961926
Switzerland,2035,10,8.441713341268951
Switzerland,2035,11,2.818538643751708
Switzerland,2035,12,-1.7958416777064485
Syria,2025,1,16.29123210166017
Syria,2025,2,16.48352416327998
Syria,2025,3,17.630102148120386
Syria,2025,4,19.238617605301442
Syria,2025,5,20.867547499740795
Syria,2025,6,22.14869520206139
Syria,2025,7,22.809691478510103
Syria,2025,8,22.696495480854537
Syria,2025,9,21.795895736232524
Syria,2025,10,20.25801113711441
Syria,2025,11,18.418791931167107
Syria,2025,12,16.82252071113271
Syria,2026,1,16.338512628311037
Syria,2026,2,16.536403390812666
Syria,2026,3,17.686879078527454
Syria,2026,4,19.298010179446464
Syria,2026,5,20.928623060354766
Syria,2026,6,22.210800956804633
Syria,2026,7,22.872384962961405
Syria,2026,8,22.75947502152212
Syria,2026,9,21.858930913586846
Syria,2026,10,20.32087324862823
Syria,2026,11,18.48118445426826
Syria,2026,12,16.884009766313284
Syria,2027,1,16.38675858523584
Syria,2027,2,16.59043250384002
Syria,2027,3,17.744955860883238
Syria,2027,4,19.35882060062886
Syria,2027,5,20.991205009214355
Syria,2027,6,22.27447470453353
Syria,2027,7,22.936683626115155
Syria,2027,8,22.82407502503429
Syria,2027,9,21.92358245381638
Syria,2027,10,20.38533075631949
Syria,2027,11,18.54513705764566
Syria,2027,12,16.94701175402315
Syria,2028,1,16.435987792367996
Syria,2028,2,16.645629989377085
Syria,2028,3,17.80435159554054
Syria,2028,4,19.421068528882643
Syria,2028,5,21.055313512305474
Syria,2028,6,22.339737063482062
Syria,2028,7,23.002608484749544
Syria,2028,8,22.890316853013246
Syria,2028,9,21.9898720096362
Syria,2028,10,20.45140555033595
Syria,2028,11,18.610671815106798
Syria,2028,12,17.011548878065696
Syria,2029,1,16.48621811725843
Syria,2029,2,16.702014382867674
Syria,2029,3,17.865085432135857
Syria,2029,4,19.484773674296775
Syria,2029,5,21.12096878646571
Syria,2029,6,22.40660870353622
Syria,2029,7,23.07018060808423
Syria,2029,8,22.958221920297547
Syria,2029,9,22.05782128781084
Syria,2029,10,20.51911957567154
Syria,2029,11,18.677810856163887
Syria,2029,12,17.0776433987603
Syria,2030,1,16.537467475053745
Syria,2030,2,16.75960426812253
Syria,2030,3,17.92717656946934
Syria,2030,4,19.54995579694969
Syria,2030,5,21.188191099344294
Syria,2030,6,22.475110346190377
Syria,2030,7,23.13942111778033
Syria,2030,8,23.027811694993034
Syria,2030,9,22.127452049197927
Syria,2030,10,20.58849483218819
Syria,2030,11,18.746576366004774
Syria,2030,12,17.14531763290597
Syria,2031,1,16.589753828605353
Syria,2031,2,16.818418277501223
Syria,2031,3,17.9906442556794
Syria,2031,4,19.616634707065714
Syria,2031,5,21.25700076951125
Syria,2031,6,22.54526276469278
Syria,2031,7,23.210351188042296
Syria,2031,8,23.09910769855651
Syria,2031,9,22.19878610879914
Syria,2031,10,20.659553374706775
Syria,2031,11,18.81699058556933
Syria,2031,12,17.21459395387592
Syria,2032,1,16.643095188418556
Syria,2032,2,16.878475091817563
Syria,2032,3,18.055507788177238
Syria,2032,4,19.684830264938682
Syria,2032,5,21.32741816647558
Syria,2032,6,22.61708678404557
Syria,2032,7,23.28299204560699
Syria,2032,8,23.17213150580301
Syria,2032,9,22.271845335742
Syria,2032,10,20.73231731303622
Syria,2032,11,18.88907581161493
Syria,2032,12,17.285494791599376
Syria,2033,1,16.697509612805334
Syria,2033,2,16.93979344049967
Syria,2033,3,18.121786513799634
Syria,2033,4,19.75456238109564
Syria,2033,5,21.399463710758027
Syria,2033,6,22.690603281015683
Syria,2033,7,23.357364969856462
Syria,2033,8,23.246904744920357
Syria,2033,9,22.346651653429035
Syria,2033,10,20.806808812017152
Syria,2033,11,18.962854396701914
Syria,2033,12,17.35804263274349
Syria,2034,1,16.753015207862518
Syria,2034,2,17.00239210156451
Syria,2034,3,18.189499828776206
Syria,2034,4,19.825851016289562
Syria,2034,5,21.47315787389107
Syria,2034,6,22.765833184240364
Syria,2034,7,23.433491292777944
Syria,2034,8,23.32344909764379
Syria,2034,9,22.42322703949776
Syria,2034,10,20.883050091551013
Syria,2034,11,19.03834874928816
Syria,2034,12,17.432260020564172
Syria,2035,1,16.80963012752636
Syria,2035,2,17.0662899016761
Syria,2035,3,18.258667178794894
Syria,2035,4,19.898716181517557
Syria,2035,5,21.548521178488045
Syria,2035,6,22.842797474223516
Syria,2035,7,23.511392399091164
Syria,2035,8,23.401786299128617
Syria,2035,9,22.501593525937096
Syria,2035,10,20.961063426658257
Syria,2035,11,19.115581333780028
Syria,2035,12,17.508169555117092
Tajikistan,2025,1,-11.374490441513444
Tajikistan,2025,2,-10.288334258892974
Tajikistan,2025,3,-5.1865950364435776
Tajikistan,2025,4,1.488998782487215
Tajikistan,2025,5,7.782558616531787
Tajikistan,2025,6,12.246536736144662
Tajikistan,2025,7,13.96422725361208
Tajikistan,2025,8,12.572267112861482
Tajikistan,2025,9,8.28313707938014
Tajikistan,2025,10,1.9076627301374174
Tajikistan,2025,11,-5.122484556565723
Tajikistan,2025,12,-10.732286611148993
Tajikistan,2026,1,-11.310331945554026
Tajikistan,2026,2,-10.217840823911502
Tajikistan,2026,3,-5.11219100658036
Tajikistan,2026,4,1.5655438367402894
Tajikistan,2026,5,7.860060361342221
Tajikistan,2026,6,12.324326537412162
Tajikistan,2026,7,14.042082639906766
Tajikistan,2026,8,12.650342238500343
Tajikistan,2026,9,8.361893187430724
Tajikistan,2026,10,1.987798615417887
Tajikistan,2026,11,-5.040102084431965
Tajikistan,2026,12,-10.646692264733247
Tajikistan,2027,1,-11.245188265324941
Tajikistan,2027,2,-10.146111615186783
Tajikistan,2027,3,-5.036340740919513
Tajikistan,2027,4,1.6437079788347546
Tajikistan,2027,5,7.9393189535012425
Tajikistan,2027,6,12.40397837038563
Tajikistan,2027,7,14.121875184629062
Tajikistan,2027,8,12.730402109032184
Tajikistan,2027,9,8.442656604061085
Tajikistan,2027,10,2.0699418676313144
Tajikistan,2027,11,-4.955732174933473
Tajikistan,2027,12,-10.559147880971977
Tajikistan,2028,1,-11.179042076803853
Tajikistan,2028,2,-10.073128536775585
Tajikistan,2028,3,-4.959025425366235
Tajikistan,2028,4,1.723510687349517
Tajikistan,2028,5,8.020354482335279
Tajikistan,2028,6,12.485512881493378
Tajikistan,2028,7,14.203626037532558
Tajikistan,2028,8,12.81246832389752
Tajikistan,2028,9,8.525449324636611
Tajikistan,2028,10,2.1541148243604766
Tajikistan,2028,11,-4.869352201933907
Tajikistan,2028,12,-10.469630598944605
Tajikistan,2029,1,-11.11187600930407
Tajikistan,2029,2,-9.99887344531362
Tajikistan,2029,3,-4.880226197538832
Tajikistan,2029,4,1.8049714899507308
Tajikistan,2029,5,8.103187087098377
Tajikistan,2029,6,12.568950767833485
Tajikistan,2029,7,14.287356399895543
Tajikistan,2029,8,12.896562534789155
Tajikistan,2029,9,8.610293397629903
Tajikistan,2029,10,2.240339877124825
Tajikistan,2029,11,-4.780939484636292
Tajikistan,2029,12,-10.378117502214991
Tajikistan,2030,1,-11.043672645434526
Tajikistan,2030,2,-9.923328149917324
Tajikistan,2030,3,-4.799924146739613
Tajikistan,2030,4,1.8881099634172642
Tajikistan,2030,5,8.187836956957653
Tajikistan,2030,6,12.654312777250198
Tajikistan,2030,7,14.373087524528273
Tajikistan,2030,8,12.982706445783151
Tajikistan,2030,9,8.697210924653518
Tajikistan,2030,10,2.328639471362294
Tajikistan,2030,11,-4.690471287433866
Tajikistan,2030,12,-10.284585618715028
Tajikistan,2031,1,-10.974414521099789
Tajikistan,2031,2,-9.846474412154748
Tajikistan,2031,3,-4.71810031395853
Tajikistan,2031,4,1.9729457336698033
Tajikistan,2031,5,8.274324331022399
Tajikistan,2031,6,12.741619708355756
Tajikistan,2031,7,14.460840715820268
Tajikistan,2031,8,13.070921813342466
Tajikistan,2031,9,8.786224060525456
Tajikistan,2031,10,2.41903610656027
Tajikistan,2031,11,-4.597924819902801
Tajikistan,2031,12,-10.189011920828307
Tajikistan,2032,1,-10.904084125452755
Tajikistan,2032,2,-9.768293946049198
Tajikistan,2032,3,-4.634735691774949
Tajikistan,2032,4,2.0594984758399733
Tajikistan,2032,5,8.362669498416835
Tajikistan,2032,6,12.830892410548586
Tajikistan,2032,7,14.550637329751225
Tajikistan,2032,8,13.16123044633514
Tajikistan,2032,9,8.877355013283704
Tajikistan,2032,10,2.5115523362264867
Tajikistan,2032,11,-4.503277236787653
Tajikistan,2032,12,-10.091373325240966
Tajikistan,2033,1,-10.83266390076733
Tajikistan,2033,2,-9.688768417940992
Tajikistan,2033,3,-4.549811224339464
Tajikistan,2033,4,2.1477879142994425
Tajikistan,2033,5,8.452892798323774
Tajikistan,2033,6,12.92215178412971
Tajikistan,2033,7,14.642498774029264
Tajikistan,2033,8,13.253654206128886
Tajikistan,2033,9,8.970626044280834
Tajikistan,2033,10,2.60621076795087
Tajikistan,2033,11,-4.4065056379031375
Tajikistan,2033,12,-9.991646692908944
Tajikistan,2034,1,-10.760136242485714
Tajikistan,2034,2,-9.60787944655658
Tajikistan,2034,3,-4.463307807293859
Tajikistan,2034,4,2.2378338227108543
Tajikistan,2034,5,8.545014620028269
Tajikistan,2034,6,13.015418780277287
Tajikistan,2034,7,14.73644650800361
Tajikistan,2034,8,13.348215006605642
Tajikistan,2034,9,9.06605946819127
Tajikistan,2034,10,2.7030340635074026
Tajikistan,2034,11,-4.30758706814504
Tajikistan,2034,12,-9.889808829072535
Tajikistan,2035,1,-10.686483499145652
Tajikistan,2035,2,-9.525608602852117
Tajikistan,2035,3,-4.375206287803849
Tajikistan,2035,4,2.3296560240642066
Tajikistan,2035,5,8.639055402954
Tajikistan,2035,6,13.110714401144833
Tajikistan,2035,7,14.832502042868327
Tajikistan,2035,8,13.44493481421614
Tajikistan,2035,9,9.163677653029481
Tajikistan,2035,10,2.802044938810468
Tajikistan,2035,11,-4.20649851741382
Tajikistan,2035,12,-9.78583648314725
Tanzania,2025,1,20.998272571040616
Tanzania,2025,2,21.809650615775354
Tanzania,2025,3,22.704903113518412
Tanzania,2025,4,23.622093027222036
Tanzania,2025,5,24.459246590559815
Tanzania,2025,6,25.096854297765276
Tanzania,2025,7,25.420371893506854
Tanzania,2025,8,25.342721362893826
Tanzania,2025,9,24.826791921278527
Tanzania,2025,10,23.90794100416042
Tanzania,2025,11,22.716495257122915
Tanzania,2025,12,21.500251525704698
Tanzania,2026,1,21.03620078790209
Tanzania,2026,2,21.854174976965624
Tanzania,2026,3,22.754300855006477
Tanzania,2026,4,23.675011064639875
Tanzania,2026,5,24.514631982253377
Tanzania,2026,6,25.153884707776342
Tanzania,2026,7,25.478386054678595
Tanzania,2026,8,25.401149539809012
Tanzania,2026,9,24.885086373277773
Tanzania,2026,10,23.96550644839317
Tanzania,2026,11,22.772619331580245
Tanzania,2026,12,21.5540352521939
Tanzania,2027,1,21.07501577214225
Tanzania,2027,2,21.89975900803347
Tanzania,2027,3,22.804897857798096
Tanzania,2027,4,23.72923716122841
Tanzania,2027,5,24.57140595483088
Tanzania,2027,6,25.212358461722943
Tanzania,2027,7,25.53787508154437
Tanzania,2027,8,25.46106338032132
Tanzania,2027,9,24.944859080424976
Tanzania,2027,10,24.02452705041378
Tanzania,2027,11,22.830162294926595
Tanzania,2027,12,21.609190944637703
Tanzania,2028,1,21.114735352938624
Tanzania,2028,2,21.946421183319217
Tanzania,2028,3,22.85671318774712
Tanzania,2028,4,23.784790920614796
Tanzania,2028,5,24.62958859598166
Tanzania,2028,6,25.272296077598185
Tanzania,2028,7,25.598859868708132
Tanzania,2028,8,25.522484102025373
Tanzania,2028,9,25.006131529550657
Tanzania,2028,10,24.085024512504788
Tanzania,2028,11,22.889146011290904
Tanzania,2028,12,21.665740575245763
Tanzania,2029,1,21.15537740727177
Tanzania,2029,2,21.994180025781134
Tanzania,2029,3,22.909765960092955
Tanzania,2029,4,23.84169199657572
Tanzania,2029,5,24.689200044363133
Tanzania,2029,6,25.333718125232735
Tanzania,2029,7,25.66136136346995
Tanzania,2029,8,25.58543297590677
Tanzania,2029,9,25.06892526167303
Tanzania,2029,10,24.14702059206411
Tanzania,2029,11,22.949592400645088
Tanzania,2029,12,21.723706172918355
Tanzania,2030,1,21.196959859903473
Tanzania,2030,2,22.04305410699544
Tanzania,2030,3,22.964075339482406
Tanzania,2030,4,23.899960093172012
Tanzania,2030,5,24.750260489688117
Tanzania,2030,6,25.396645226269356
Tanzania,2030,7,25.725400565760538
Tanzania,2030,8,25.649931326487604
Tanzania,2030,9,25.13326187210714
Tanzania,2030,10,24.210537101543196
Tanzania,2030,11,23.01152343888407
Tanzania,2030,12,21.783109823246377
Tanzania,2031,1,21.23950068349677
Tanzania,2031,2,22.09306204722907
Tanzania,2031,3,23.01966054006789
Tanzania,2031,4,23.9596149647341
Tanzania,2031,5,24.812790172768473
Tanzania,2031,6,25.461098054337526
Tanzania,2031,7,25.790998528243108
Tanzania,2031,8,25.716000531753707
Tanzania,2031,9,25.199163010548546
Tanzania,2031,10,24.275595908523428
Tanzania,2031,11,23.074961157818507
Tanzania,2031,12,21.843973668620492
Tanzania,2032,1,21.283017898590515
Tanzania,2032,2,22.14422251540327
Tanzania,2032,3,23.07654082550016
Tanzania,2032,4,24.020676415923845
Tanzania,2032,5,24.876809385558772
Tanzania,2032,6,25.52709733494794
Tanzania,2032,7,25.85817635629519
Tanzania,2032,8,25.783662023271063
Tanzania,2032,9,25.266650380978717
Tanzania,2032,10,24.34221893578888
Tanzania,2032,11,23.13992764528757
Tanzania,2032,12,21.9063199081329
Tanzania,2033,1,21.32752957368666
Tanzania,2033,2,22.196554229271896
Tanzania,2033,3,23.134735509033817
Tanzania,2033,4,24.083164301785473
Tanzania,2033,5,24.942338471185394
Tanzania,2033,6,25.59466384563075
Tanzania,2033,7,25.926955208128675
Tanzania,2033,8,25.852937286222186
Tanzania,2033,9,25.335745741872415
Tanzania,2033,10,24.41042816134086
Tanzania,2033,11,23.20644504511165
Tanzania,2033,12,21.970170797813807
Tanzania,2034,1,21.373053825283023
Tanzania,2034,2,22.250075955359534
Tanzania,2034,3,23.194263953509108
Tanzania,2034,4,24.14709852776741
Tanzania,2034,5,25.009397824030202
Tanzania,2034,6,25.66381841594648
Tanzania,2034,7,25.997356294811652
Tanzania,2034,8,25.923847859438865
Tanzania,2034,9,25.40647090611401
Tanzania,2034,10,24.480245618423396
Tanzania,2034,11,23.27453555723423
Tanzania,2034,12,22.03554865050046
Tanzania,2035,1,21.419608817927838
Tanzania,2035,2,22.304806509045193
Tanzania,2035,3,23.25514557142469
Tanzania,2035,4,24.212499049791404
Tanzania,2035,5,25.078007889712353
Tanzania,2035,6,25.73458192752969
Tanzania,2035,7,26.06940088025749
Tanzania,2035,8,25.99641533544218
Tanzania,2035,9,25.47884774112117
Tanzania,2035,10,24.55169339566146
Tanzania,2035,11,23.344221437692795
Tanzania,2035,12,22.102475836004487
Thailand,2025,1,24.063586042980205
Thailand,2025,2,26.00274442994214
Thailand,2025,3,27.122245689913143
Thailand,2025,4,27.750927515594412
Thailand,2025,5,28.09652731020924
Thailand,2025,6,28.26818317737434
Thailand,2025,7,28.298934911040305
Thailand,2025,8,28.168224985319284
Thailand,2025,9,27.824399544443622
Thailand,2025,10,27.20720939264811
Thailand,2025,11,26.270310984030402
Thailand,2025,12,25.003767412516936
Thailand,2026,1,24.093984041036492
Thailand,2026,2,26.040877958145757
Thailand,2026,3,27.16632214864967
Thailand,2026,4,27.799480037837384
Thailand,2026,5,28.148345224585682
Thailand,2026,6,28.32224247117574
Thailand,2026,7,28.354328693244497
Thailand,2026,8,28.224093949594135
Thailand,2026,9,27.879862432179834
Thailand,2026,10,27.261293455959276
Thailand,2026,11,26.32188244880399
Thailand,2026,12,25.051461941396155
Thailand,2027,1,24.125176950231435
Thailand,2027,2,26.079969652529144
Thailand,2027,3,27.211487768266124
Thailand,2027,4,27.849222972840835
Thailand,2027,5,28.201427578224866
Thailand,2027,6,28.37761552279062
Thailand,2027,7,28.411063361251763
Thailand,2027,8,28.281311254607317
Thailand,2027,9,27.93666395994751
Thailand,2027,10,27.316691820412416
Thailand,2027,11,26.374731755077846
Thailand,2027,12,25.100388248823037
Thailand,2028,1,24.15718258049037
Thailand,2028,2,26.12003794861903
Thailand,2028,3,27.25776155627773
Thailand,2028,4,27.90017584637917
Thailand,2028,5,28.25579436139833
Thailand,2028,6,28.434322733254703
Thailand,2028,7,28.469159673249123
Thailand,2028,8,28.339897961938732
Thailand,2028,9,27.994825439030137
Thailand,2028,10,27.373425993279852
Thailand,2028,11,26.42888055238018
Thailand,2028,12,25.150568072892383
Thailand,2029,1,24.19001878965082
Thailand,2029,2,26.16110133073107
Thailand,2029,3,27.305162569727145
Thailand,2029,4,27.952358234500025
Thailand,2029,5,28.311465615491215
Thailand,2029,6,28.492384555623175
Thailand,2029,7,28.528638440185205
Thailand,2029,8,28.399875186759346
Thailand,2029,9,28.054368235077163
Thailand,2029,10,27.43151753697839
Thailand,2029,11,26.484350546245878
Thailand,2029,12,25.202023208509672
Thailand,2030,1,24.223703483567988
Thailand,2030,2,26.203178331973504
Thailand,2030,3,27.353709915264517
Thailand,2030,4,28.00578976372799
Thailand,2030,5,28.36846143319144
Thailand,2030,6,28.551821494981596
Thailand,2030,7,28.58952052585755
Thailand,2030,8,28.461264097871208
Thailand,2030,9,28.11531376824587
Thailand,2030,10,27.49098806928032
Thailand,2030,11,26.541163498296555
Thailand,2030,12,25.25477550748201
Thailand,2031,1,24.258254616096565
Thailand,2031,2,26.246287534290786
Thailand,2031,3,27.403422749238416
Thailand,2031,4,28.060490111057334
Thailand,2031,5,28.42680195839148
Thailand,2031,6,28.612654108496827
Thailand,2031,7,28.651826846992662
Thailand,2031,8,28.524085917809316
Thailand,2031,9,28.177683513124975
Thailand,2031,10,27.551859263178812
Thailand,2031,11,26.599341226262368
Thailand,2031,12,25.308846878532677
Thailand,2032,1,24.293690189228982
Thailand,2032,2,26.29044756852909
Thailand,2032,3,27.454320277633997
Thailand,2032,4,28.11647900391563
Thailand,2032,5,28.48650738633023
Thailand,2032,6,28.674903005431588
Thailand,2032,7,28.715578373158678
Thailand,2032,8,28.58836192281251
Thailand,2032,9,28.24149899889835
Thailand,2032,10,27.61415284710256
Thailand,2032,11,26.65890560405478
Thailand,2032,12,25.364259287373898
Thailand,2033,1,24.330028253059027
Thailand,2033,2,26.335677114483588
Thailand,2033,3,27.50642175622943
Thailand,2033,4,28.173776220374748
Thailand,2033,5,28.5475979636185
Thailand,2033,6,28.738588847249957
Thailand,2033,7,28.78079612698366
Thailand,2033,8,28.65411344291806
Thailand,2033,9,28.306781809370477
Thailand,2033,10,27.677890604821187
Thailand,2033,11,26.71987856179203
Thailand,2033,12,25.42103475672502
Thailand,2034,1,24.367286905825495
Thailand,2034,2,26.381994900880272
Thailand,2034,3,27.559746490552243
Thailand,2034,4,28.23240158902354
Thailand,2034,5,28.61009398823171
Thailand,2034,6,28.803732347588266
Thailand,2034,7,28.847501184071916
Thailand,2034,8,28.721361861990772
Thailand,2034,9,28.37355358291552
Thailand,2034,10,27.743094375579858
Thailand,2034,11,26.782282085795487
Thailand,2034,12,25.479195366323438
Thailand,2035,1,24.40548429401042
Thailand,2035,2,26.429419705528744
Thailand,2035,3,27.614313835981193
Thailand,2035,4,28.29237498917155
Thailand,2035,5,28.674015809611774
Thailand,2035,6,28.87035427238243
Thailand,2035,7,28.915714673113143
Thailand,2035,8,28.790128617773917
Thailand,2035,9,28.441836012615568
Thailand,2035,10,27.809786054102915
Thailand,2035,11,26.84613821874973
Thailand,2035,12,25.538763253095567
Togo,2025,1,24.42583028590252
Togo,2025,2,26.613149177698688
Togo,2025,3,27.81874872503704
Togo,2025,4,28.436487708067034
Togo,2025,5,28.72576373078573
Togo,2025,6,28.8340142109746
Togo,2025,7,28.819217370099977
Togo,2025,8,28.67239322316982
Togo,2025,9,28.340104568703282
Togo,2025,10,27.746957978540195
Togo,2025,11,26.81810478779971
Togo,2025,12,25.501742084758916
Togo,2026,1,24.455162771214418
Togo,2026,2,26.650425188215195
Togo,2026,3,27.86215958700359
Togo,2026,4,28.484543236995705
Togo,2026,5,28.777222694509874
Togo,2026,6,28.887814792619793
Togo,2026,7,28.874407631109534
Togo,2026,8,28.72806156637398
Togo,2026,9,28.39531020125014
Togo,2026,10,27.80066137500853
Togo,2026,11,26.869098153144478
Togo,2026,12,25.5485798173695
Togo,2027,1,24.485273067531125
Togo,2027,2,26.68864073433815
Togo,2027,3,27.906639622088733
Togo,2027,4,28.5337680069033
Togo,2027,5,28.829923914844585
Togo,2027,6,28.94290611171982
Togo,2027,7,28.9309150931158
Togo,2027,8,28.785054074193795
Togo,2027,9,28.451829979608192
Togo,2027,10,27.85565443345422
Togo,2027,11,26.92134474907016
Togo,2027,12,25.59662491906147
Togo,2028,1,24.51617897909182
Togo,2028,2,26.727814242753993
Togo,2028,3,27.952207825682308
Togo,2028,4,28.584181528201043
Togo,2028,5,28.883887363504073
Togo,2028,6,28.99930854762806
Togo,2028,7,28.98876048933471
Togo,2028,8,28.843391780036654
Togo,2028,9,28.50968518364698
Togo,2028,10,27.911958626512387
Togo,2028,11,26.97486618729181
Togo,2028,12,25.645899086838654
Togo,2029,1,24.547898358113343
Togo,2029,2,26.76796418889444
Togo,2029,3,27.998883242792544
Togo,2029,4,28.63580336167888
Togo,2029,5,28.93913306338891
Togo,2029,6,29.057042531608204
Togo,2029,7,29.04796460574744
Togo,2029,8,28.903095770871914
Togo,2029,9,28.568897147616553
Togo,2029,10,27.96959548202085
Togo,2029,11,27.029684135465686
Togo,2029,12,25.696424074570132
Togo,2030,1,24.580449104804757
Togo,2030,2,26.809109097034707
Togo,2030,3,28.046684967980582
Togo,2030,4,28.68865311856007
Togo,2030,5,28.99568108866606
Togo,2030,6,29.116128547056178
Togo,2030,7,29.108548281235016
Togo,2030,8,28.9641871873946
Togo,2030,9,28.629487260300266
Togo,2030,10,28.028586583114702
Togo,2030,11,27.08582031743299
Togo,2030,12,25.74822169303752
Togo,2031,1,24.61384916748375
Togo,2031,2,26.851267540337176
Togo,2031,3,28.095632145578747
Togo,2031,4,28.742750460592106
Togo,2031,5,29.053551564787085
Togo,2031,6,29.176587129438303
Togo,2031,7,29.170532407592873
Togo,2031,8,29.02668722398539
Togo,2031,9,28.691476964956564
Togo,2031,10,28.08895356826997
Togo,2031,11,27.143296513128917
Togo,2031,12,25.801313809967724
Togo,2032,1,24.648116542562093
Togo,2032,2,26.894458140844108
Togo,2032,3,28.14574396955595
Togo,2032,4,28.798115100021278
Togo,2032,5,29.11276466854997
Togo,2032,6,29.238438866371325
Togo,2032,7,29.23393792954539
Togo,2032,8,29.090617128790655
Togo,2032,9,28.754887759449957
Togo,2032,10,28.150718131350914
Togo,2032,11,27.202134558724538
Togo,2032,12,25.855722350076576
Togo,2033,1,24.683269274582017
Togo,2033,2,26.938699569623168
Togo,2033,3,28.19703968376507
Togo,2033,4,28.85476679970543
Togo,2033,5,29.173340628139158
Togo,2033,6,29.30170439770609
Togo,2033,7,29.29878584488415
Togo,2033,8,29.155998203798845
Togo,2033,9,28.81974119629831
Togo,2033,10,28.213902021660942
Togo,2033,11,27.2623563465977
Togo,2033,12,25.91146929516708
Togo,2034,1,24.71932545632535
Togo,2034,2,26.984010546687387
Togo,2034,3,28.249538581779234
Togo,2034,4,28.912725373103058
Togo,2034,5,29.23529972318738
Togo,2034,6,29.36640441550935
Togo,2034,7,29.365097204366066
Togo,2034,8,29.222851804851416
Togo,2034,9,28.886058882632824
Togo,2034,10,28.27852704394263
Togo,2034,11,27.32398382543488
Togo,2034,12,25.968576684089385
Togo,2035,1,24.75630322879897
Togo,2035,2,27.03040984114432
Togo,2035,3,28.303260007088284
Togo,2035,4,28.97201068436425
Togo,2035,5,29.298662284786587
Togo,2035,6,29.432559664100154
Togo,2035,7,29.4328931119353
Togo,2035,8,29.291199341675565
Togo,2035,9,28.95386248032537
Togo,2035,10,28.344615058486852
Togo,2035,11,27.387039000202094
Togo,2035,12,26.027066612839008
Trinidad and Tobago,2025,1,24.04045506424245
Trinidad and Tobago,2025,2,25.96537020384949
Trinidad and Tobago,2025,3,27.08019674087427
Trinidad and Tobago,2025,4,27.709889018039576
Trinidad and Tobago,2025,5,28.05910019138628
Trinidad and Tobago,2025,6,28.234683220170155
Trinidad and Tobago,2025,7,28.268191856820522
Trinidad and Tobago,2025,8,28.13838163672426
Trinidad and Tobago,2025,9,27.79371086822448
Trinidad and Tobago,2025,10,27.174841622480926
Trinidad and Tobago,2025,11,26.237140723348602
Trinidad and Tobago,2025,12,24.97318073729275
Trinidad and Tobago,2026,1,24.070918795853686
Trinidad and Tobago,2026,2,26.00355719753952
Trinidad and Tobago,2026,3,27.124315317466426
Trinidad and Tobago,2026,4,27.758473664173835
Trinidad and Tobago,2026,5,28.110942022562995
Trinidad and Tobago,2026,6,28.2887604437974
Trinidad and Tobago,2026,7,28.323600235177764
Trinidad and Tobago,2026,8,28.194264950024262
Trinidad and Tobago,2026,9,27.849191377624265
Trinidad and Tobago,2026,10,27.22895053305274
Trinidad and Tobago,2026,11,26.288748647174543
Trinidad and Tobago,2026,12,25.02092815645392
Trinidad and Tobago,2027,1,24.10217844378076
Trinidad and Tobago,2027,2,26.042703454634648
Trinidad and Tobago,2027,3,27.169524233894663
Trinidad and Tobago,2027,4,27.808249973376405
Trinidad and Tobago,2027,5,28.164049604308275
Trinidad and Tobago,2027,6,28.344152787155508
Trinidad and Tobago,2027,7,28.380350901556994
Trinidad and Tobago,2027,8,28.251498036203884
Trinidad and Tobago,2027,9,27.9060119787473
Trinidad and Tobago,2027,10,27.28437520568059
Trinidad and Tobago,2027,11,26.34163587223975
Trinidad and Tobago,2027,12,25.06990880237663
Trinidad and Tobago,2028,1,24.134251818243683
Trinidad and Tobago,2028,2,26.082827411185463
Trinidad and Tobago,2028,3,27.21584249834723
Trinidad and Tobago,2028,4,27.859237472287532
Trinidad and Tobago,2028,5,28.218442927941396
Trinidad and Tobago,2028,6,28.400880652578962
Trinidad and Tobago,2028,7,28.438464615585872
Trinidad and Tobago,2028,8,28.310101958483756
Trinidad and Tobago,2028,9,27.964193984717895
Trinidad and Tobago,2028,10,27.34113714961586
Trinidad and Tobago,2028,11,26.395824050324336
Trinidad and Tobago,2028,12,25.120144415589493
Trinidad and Tobago,2029,1,24.167156777418313
Trinidad and Tobago,2029,2,26.12394755202058
Trinidad and Tobago,2029,3,27.263289168576193
Trinidad and Tobago,2029,4,27.911455737864344
Trinidad and Tobago,2029,5,28.274142035989826
Trinidad and Tobago,2029,6,28.458964494388965
Trinidad and Tobago,2029,7,28.497962189708232
Trinidad and Tobago,2029,8,28.37009783367921
Trinidad and Tobago,2029,9,28.02375876304086
Trinidad and Tobago,2029,10,27.3992579293963
Trinidad and Tobago,2029,11,26.45133488917145
Trinidad and Tobago,2029,12,25.171656793431794
Trinidad and Tobago,2030,1,24.200911227443612
Trinidad and Tobago,2030,2,26.166082410732088
Trinidad and Tobago,2030,3,27.31188335197021
Trinidad and Tobago,2030,4,27.96492439751546
Trinidad and Tobago,2030,5,28.331167022156478
Trinidad and Tobago,2030,6,28.51842481894073
Trinidad and Tobago,2030,7,28.55886448918409
Trinidad and Tobago,2030,8,28.431506832302148
Trinidad and Tobago,2030,9,28.084727735728848
Trinidad and Tobago,2030,10,27.45875916479872
Trinidad and Tobago,2030,11,26.508190152669158
Trinidad and Tobago,2030,12,25.224467790162635
Trinidad and Tobago,2031,1,24.235533122534434
Trinidad and Tobago,2031,2,26.20925056978831
Trinidad and Tobago,2031,3,27.36164420552541
Trinidad and Tobago,2031,4,28.019663129130095
Trinidad and Tobago,2031,5,28.389538031465236
Trinidad and Tobago,2031,6,28.579282184681688
Trinidad and Tobago,2031,7,28.621192432191492
Trinidad and Tobago,2031,8,28.494350178524655
Trinidad and Tobago,2031,9,28.14712237927324
Trinidad and Tobago,2031,10,27.51966253089722
Trinidad and Tobago,2031,11,26.566411660770427
Trinidad and Tobago,2031,12,25.278599316939108
Trinidad and Tobago,2032,1,24.271040464948783
Trinidad and Tobago,2032,2,26.253470660522908
Trinidad and Tobago,2032,3,27.412590935932712
Trinidad and Tobago,2032,4,28.07569166104895
Trinidad and Tobago,2032,5,28.449275260228205
Trinidad and Tobago,2032,6,28.64155720215149
Trinidad and Tobago,2032,7,28.68496698977924
Trinidad and Tobago,2032,8,28.558649150237216
Trinidad and Tobago,2032,9,28.210964224644158
Trinidad and Tobago,2032,10,27.58198975812502
Trinidad and Tobago,2032,11,26.62602128963863
Trinidad and Tobago,2032,12,25.33407334185631
Trinidad and Tobago,2033,1,24.307451305096947
Trinidad and Tobago,2033,2,26.29876136324401
Trinidad and Tobago,2033,3,27.464742799665146
Trinidad and Tobago,2033,4,28.13302977219155
Trinidad and Tobago,2033,5,28.510398956111203
Trinidad and Tobago,2033,6,28.70527053407659
Trinidad and Tobago,2033,7,28.750209186048778
Trinidad and Tobago,2033,8,28.624425079121465
Trinidad and Tobago,2033,9,28.276274857508724
Trinidad and Tobago,2033,10,27.64576263232175
Trinidad and Tobago,2033,11,26.687040971596616
Trinidad and Tobago,2033,12,25.390911890096504
Trinidad and Tobago,2034,1,24.344783741545143
Trinidad and Tobago,2034,2,26.345141407172378
Trinidad and Tobago,2034,3,27.51811910296692
Trinidad and Tobago,2034,4,28.191697292070785
Trinidad and Tobago,2034,5,28.572929418181047
Trinidad and Tobago,2034,6,28.77044289538844
Trinidad and Tobago,2034,7,28.81694009804869
Trinidad and Tobago,2034,8,28.691699350737508
Trinidad and Tobago,2034,9,28.343075918092836
Trinidad and Tobago,2034,10,27.71100299475529
Trinidad and Tobago,2034,11,26.749492695228582
Trinidad and Tobago,2034,12,25.44913704382361
Trinidad and Tobago,2035,1,24.383055921044615
Trinidad and Tobago,2035,2,26.392629570605095
Trinidad and Tobago,2035,3,27.57273920186435
Trinidad and Tobago,2035,4,28.251714100811114
Trinidad and Tobago,2035,5,28.63688699695649
Trinidad and Tobago,2035,6,28.83709505324896
Trinidad and Tobago,2035,7,28.88518085591295
Trinidad and Tobago,2035,8,28.760493404418412
Trinidad and Tobago,2035,9,28.41138910132304
Trinidad and Tobago,2035,10,27.777732742154512
Trinidad and Tobago,2035,11,26.81339850542372
Trinidad and Tobago,2035,12,25.508770942350566
Tunisia,2025,1,17.612195664632054
Tunisia,2025,2,17.910162630357263
Tunisia,2025,3,18.948503123709997
Tunisia,2025,4,20.346217083640113
Tunisia,2025,5,21.749460318643287
Tunisia,2025,6,22.85404549658506
Tunisia,2025,7,23.42794313469585
Tunisia,2025,8,23.333782589358634
Tunisia,2025,9,22.551353046078475
Tunisia,2025,10,21.20010450936843
Tunisia,2025,11,19.56164879262451
Tunisia,2025,12,18.102260508069776
Tunisia,2026,1,17.657041394727457
Tunisia,2026,2,17.960836017345173
Tunisia,2026,3,19.003303252874503
Tunisia,2026,4,20.40384914715196
Tunisia,2026,5,21.80896607854902
Tunisia,2026,6,22.91473374785801
Tunisia,2026,7,23.489320168228915
Tunisia,2026,8,23.39548265499343
Tunisia,2026,9,22.613068815652696
Tunisia,2026,10,21.261517539679517
Tunisia,2026,11,19.622359988466087
Tunisia,2026,12,18.161720585264447
Tunisia,2027,1,17.70283453884349
Tunisia,2027,2,18.012638188841265
Tunisia,2027,3,19.05937935505517
Tunisia,2027,4,20.46287270765697
Tunisia,2027,5,21.869949712320704
Tunisia,2027,6,22.976959620228627
Tunisia,2027,7,23.552270457884333
Tunisia,2027,8,23.458770017005918
Tunisia,2027,9,22.676366844491895
Tunisia,2027,10,21.324491232270702
Tunisia,2027,11,19.68459620716476
Tunisia,2027,12,18.222658520907316
Tunisia,2028,1,17.749592922472402
Tunisia,2028,2,18.06558763171506
Tunisia,2028,3,19.116750524791314
Tunisia,2028,4,20.523307413642215
Tunisia,2028,5,21.932431368722064
Tunisia,2028,6,23.040743708982518
Tunisia,2028,7,23.6168149917512
Tunisia,2028,8,23.523666002599384
Tunisia,2028,9,22.74126874524609
Tunisia,2028,10,21.389047431487597
Tunisia,2028,11,19.748379471083354
Tunisia,2028,12,18.285096461616376
Tunisia,2029,1,17.797334418749415
Tunisia,2029,2,18.11970288127577
Tunisia,2029,3,19.175435905869563
Tunisia,2029,4,20.58517296364971
Tunisia,2029,5,21.996431247324836
Tunisia,2029,6,23.10610666106095
Tunisia,2029,7,23.682974810429187
Tunisia,2029,8,23.59019199227714
Tunisia,2029,9,22.807796184654762
Tunisia,2029,10,21.455208036623844
Tunisia,2029,11,19.81373185827124
Tunisia,2029,12,18.349056610543812
Tunisia,2030,1,17.846076948481823
Tunisia,2030,2,18.175002521323222
Tunisia,2030,3,19.235454691345694
Tunisia,2030,4,20.648489106341913
Tunisia,2030,5,22.06196959864701
Tunisia,2030,6,23.173069175115415
Tunisia,2030,7,23.75077100701401
Tunisia,2030,8,23.65836941991165
Tunisia,2030,9,22.875970883572336
Tunisia,2030,10,21.52299500182653
Tunisia,2030,11,19.88067550253345
Tunisia,2030,12,18.41456122742693
Tunisia,2031,1,17.895838480207203
Tunisia,2031,2,18.231505184162415
Tunisia,2031,3,19.29682612363922
Tunisia,2031,4,20.713275640483516
Tunisia,2031,5,22.12906672412737
Tunisia,2031,6,23.24165200155494
Tunisia,2031,7,23.82022472718836
Tunisia,2031,8,23.728219772693592
Tunisia,2031,9,22.945814617073665
Tunisia,2031,10,21.59243033630355
Tunisia,2031,11,19.949232593488887
Tunisia,2031,12,18.481632628580883
Tunisia,2032,1,17.946637030175225
Tunisia,2032,2,18.28922955069811
Tunisia,2032,3,19.35956949452975
Tunisia,2032,4,20.77955241503969
Tunisia,2032,5,22.197742976227346
Tunisia,2032,6,23.31187594261155
Tunisia,2032,7,23.891357169196453
Tunisia,2032,8,23.79976459128102
Tunisia,2032,9,23.017349214417663
Tunisia,2032,10,21.663536104276318
Tunisia,2032,11,20.019425376584877
Tunisia,2032,12,18.55029318697143
Tunisia,2033,1,17.998490662522272
Tunisia,2033,2,18.34819435042391
Tunisia,2033,3,19.42370414522611
Tunisia,2033,4,20.847339329230635
Tunisia,2033,5,22.26801875844194
Tunisia,2033,6,23.38376185236575
Tunisia,2033,7,23.96418958402228
Tunisia,2033,8,23.87302546976298
Tunisia,2033,9,23.090596559192818
Tunisia,2033,10,21.736334425063433
Tunisia,2033,11,20.091276153180843
Tunisia,2033,12,18.620565332287697
Tunisia,2034,1,18.051417489176856
Tunisia,2034,2,18.408418361513213
Tunisia,2034,3,19.48924946639545
Tunisia,2034,4,20.916656332527964
Tunisia,2034,5,22.33991452531791
Tunisia,2034,6,23.457330636753795
Tunisia,2034,7,24.038743275280467
Tunisia,2034,8,23.94802405576138
Tunisia,2034,9,23.165578589258985
Tunisia,2034,10,21.81084747306977
Tunisia,2034,11,20.164807280530113
Tunisia,2034,12,18.69247155094945
Tunisia,2035,1,18.105435669976032
Tunisia,2035,2,18.469920410837403
Tunisia,2035,3,19.55622489822872
Tunisia,2035,4,20.987523424723804
Tunisia,2035,5,22.413450782599284
Tunisia,2035,6,23.5326032536841
Tunisia,2035,7,24.11503959937636
Tunisia,2035,8,24.024782050412796
Tunisia,2035,9,23.242317296845613
Tunisia,2035,10,21.887097477906536
Tunisia,2035,11,20.240041171899975
Tunisia,2035,12,18.766034386139836
Turkey,2025,1,5.754641630833248
Turkey,2025,2,5.986312425252436
Turkey,2025,3,8.500104268100586
Turkey,2025,4,12.02219642170985
Turkey,2025,5,15.499098236338796
Turkey,2025,6,18.120150139952784
Turkey,2025,7,19.340024628255378
Turkey,2025,8,18.90122725447236
Turkey,2025,9,16.856597619295826
Turkey,2025,10,13.591810360817362
Turkey,2025,11,9.847876144366637
Turkey,2025,12,6.74364265240456
Turkey,2026,1,5.81657094554339
Turkey,2026,2,6.052923488718989
Turkey,2026,3,8.569577034545546
Turkey,2026,4,12.093221677970178
Turkey,2026,5,15.570808064833727
Turkey,2026,6,18.19204838175665
Turkey,2026,7,19.4119173460831
Turkey,2026,8,18.97315319568679
Turkey,2026,9,16.928758678987833
Turkey,2026,10,13.664502044769506
Turkey,2026,11,9.921418032056863
Turkey,2026,12,6.818308860082652
Turkey,2027,1,5.879543681389805
Turkey,2027,2,6.1207860685181
Turkey,2027,3,8.640472726639018
Turkey,2027,4,12.165807100723214
Turkey,2027,5,15.644183649656952
Turkey,2027,6,18.26568883614982
Turkey,2027,7,19.48560211660606
Turkey,2027,8,19.046896931054107
Turkey,2027,9,17.00274169300701
Turkey,2027,10,13.739000779388334
Turkey,2027,11,9.996735520418042
Turkey,2027,12,6.8947051895092955
Turkey,2028,1,5.9435775539177484
Turkey,2028,2,6.1899185881529775
Turkey,2028,3,8.712810422087387
Turkey,2028,4,12.239972368178314
Turkey,2028,5,15.719245215816954
Turkey,2028,6,18.34109222121424
Turkey,2028,7,19.561100097312192
Turkey,2028,8,19.122480003691635
Turkey,2028,9,17.078568536425337
Turkey,2028,10,13.815328718033015
Turkey,2028,11,10.073850987356309
Turkey,2028,12,6.972854189404643
Turkey,2029,1,6.0086903259552855
Turkey,2029,2,6.260339519137233
Turkey,2029,3,8.786609247429624
Turkey,2029,4,12.315737208199607
Turkey,2029,5,15.79601303877007
Turkey,2029,6,18.418279306298246
Turkey,2029,7,19.638432497741633
Turkey,2029,8,19.199924009602
Turkey,2029,9,17.156261138033187
Turkey,2029,10,13.893508068548726
Turkey,2029,11,10.152786866038696
Turkey,2029,12,7.052778464586481
Turkey,2030,1,6.074899807569636
Turkey,2030,2,6.332067381096749
Turkey,2030,3,8.86188837811369
Turkey,2030,4,12.393121398342373
Turkey,2030,5,15.87450744447142
Turkey,2030,6,18.497270912092972
Turkey,2030,7,19.717620579512186
Turkey,2030,8,19.279250597749524
Turkey,2030,9,17.23584148034297
Turkey,2030,10,13.973561093310309
Turkey,2030,11,10.233565645016824
Turkey,2030,12,7.1345006760648175
Turkey,2031,1,6.1422238561144695
Turkey,2031,2,6.405120741711471
Turkey,2031,3,8.938667038434687
Turkey,2031,4,12.472144765823941
Turkey,2031,5,15.954748809378543
Turkey,2031,6,18.57808791052321
Turkey,2031,7,19.798685656435737
Turkey,2031,8,19.36048146997291
Turkey,2031,9,17.317331599603676
Turkey,2031,10,14.055510109244096
Turkey,2031,11,10.316209868194164
Turkey,2031,12,7.218043541016414
Turkey,2032,1,6.210680376299024
Turkey,2032,2,6.4795182168500105
Turkey,2032,3,9.016964501734947
Turkey,2032,4,12.552827187716503
Turkey,2032,5,16.036757560575097
Turkey,2032,6,18.66075122500206
Turkey,2032,7,19.88164909447096
Turkey,2032,8,19.443638381185337
Turkey,2032,9,17.400753585913662
Turkey,2032,10,14.139377487940692
Turkey,2032,11,10.400742134927896
Turkey,2032,12,7.303429832835718
Turkey,2033,1,6.280287320246316
Turkey,2033,2,6.555278470573285
Turkey,2033,3,9.096800090291254
Turkey,2033,4,12.635188590848884
Turkey,2033,5,16.120554175723555
Turkey,2033,6,18.74528183032544
Turkey,2033,7,19.96653231187247
Turkey,2033,8,19.52874313929442
Turkey,2033,9,17.48612958319154
Turkey,2033,10,14.22518565561495
Turkey,2033,11,10.48718510002891
Turkey,2033,12,7.390682381247643
Turkey,2034,1,6.3510626874749505
Turkey,2034,2,6.632420215192724
Turkey,2034,3,9.178193175489469
Turkey,2034,4,12.719248951952068
Turkey,2034,5,16.206159183199816
Turkey,2034,6,18.83170075279577
Turkey,2034,7,20.053356779139904
Turkey,2034,8,19.61581760538047
Turkey,2034,9,17.57348178929624
Turkey,2034,10,14.312957093200566
Turkey,2034,11,10.57556147383093
Turkey,2034,12,7.4798240722420815
Turkey,2035,1,6.423024525011897
Turkey,2035,2,6.710962211284823
Turkey,2035,3,9.261163177780873
Turkey,2035,4,12.805028297622812
Turkey,2035,5,16.29359316204227
Turkey,2035,6,18.920029070192868
Turkey,2035,7,20.14214401910158
Turkey,2035,8,19.704883693561897
Turkey,2035,9,17.6628324560088
Turkey,2035,10,14.402714336401004
Turkey,2035,11,10.66589402221598
Turkey,2035,12,7.570877848208511
Turkmenistan,2025,1,13.251862317484665
Turkmenistan,2025,2,13.326703287560122
Turkmenistan,2025,3,14.793691514923012
Turkmenistan,2025,4,16.92021749703872
Turkmenistan,2025,5,19.075969821210492
Turkmenistan,2025,6,20.755436154414383
Turkmenistan,2025,7,21.600404233308836
Turkmenistan,2025,8,21.4224628539896
Turkmenistan,2025,9,20.225502862028407
Turkmenistan,2025,10,18.22821814226063
Turkmenistan,2025,11,15.886606608751208
Turkmenistan,2025,12,13.91647119467325
Turkmenistan,2026,1,13.304241440427177
Turkmenistan,2026,2,13.38426392191559
Turkmenistan,2026,3,14.854718489860716
Turkmenistan,2026,4,16.98344248556259
Turkmenistan,2026,5,19.14050180310096
Turkmenistan,2026,6,20.820691879286642
Turkmenistan,2026,7,21.666038683634724
Turkmenistan,2026,8,21.488299708134036
Turkmenistan,2026,9,20.29146495722034
Turkmenistan,2026,10,18.294257937636758
Turkmenistan,2026,11,15.9526366483924
Turkmenistan,2026,12,13.982294570597332
Turkmenistan,2027,1,13.357619148268896
Turkmenistan,2027,2,13.443014487577784
Turkmenistan,2027,3,14.917091586573406
Turkmenistan,2027,4,17.048137147740817
Turkmenistan,2027,5,19.20659688945034
Turkmenistan,2027,6,20.887576535807057
Turkmenistan,2027,7,21.733342806580367
Turkmenistan,2027,8,21.55582440708622
Turkmenistan,2027,9,20.35911301809847
Turkmenistan,2027,10,18.361964285720205
Turkmenistan,2027,11,16.020298811302382
Turkmenistan,2027,12,14.049703141340615
Turkmenistan,2028,1,13.412013241276327
Turkmenistan,2028,2,13.502973464296701
Turkmenistan,2028,3,14.98082991053252
Turkmenistan,2028,4,17.11432116114611
Turkmenistan,2028,5,19.274275276210574
Turkmenistan,2028,6,20.956110784544762
Turkmenistan,2028,7,21.802337673646434
Turkmenistan,2028,8,21.625058379607253
Turkmenistan,2028,9,20.42846877692955
Turkmenistan,2028,10,18.43135916855408
Turkmenistan,2028,11,16.0896152756186
Turkmenistan,2028,12,14.118719227445581
Turkmenistan,2029,1,13.467441567177048
Turkmenistan,2029,2,13.564159380072851
Turkmenistan,2029,3,15.045952616329487
Turkmenistan,2029,4,17.18201425323514
Turkmenistan,2029,5,19.343557209981554
Turkmenistan,2029,6,21.026315337560845
Turkmenistan,2029,7,21.873044408651367
Turkmenistan,2029,8,21.696023107510882
Turkmenistan,2029,9,20.499554019898824
Turkmenistan,2029,10,18.50246462294035
Turkmenistan,2029,11,16.16060827506317
Turkmenistan,2029,12,14.189365205854301
Turkmenistan,2030,1,13.523922021214275
Turkmenistan,2030,2,13.626590811255483
Turkmenistan,2030,3,15.112478907701188
Turkmenistan,2030,4,17.25123620139948
Turkmenistan,2030,5,19.4144629881348
Turkmenistan,2030,6,21.09821095848838
Turkmenistan,2030,7,21.945484187756847
Turkmenistan,2030,8,21.76874012583812
Turkmenistan,2030,9,20.572390587142763
Turkmenistan,2030,10,18.575302740483494
Turkmenistan,2030,11,16.233300098957443
Turkmenistan,2030,12,14.26166350987205
Turkmenistan,2031,1,13.581472546179612
Turkmenistan,2031,2,13.690286382531667
Turkmenistan,2031,3,15.18042803751905
Turkmenistan,2031,4,17.322006833023806
Turkmenistan,2031,5,19.487012958828018
Turkmenistan,2031,6,21.171818462554256
Turkmenistan,2031,7,22.01967823956602
Turkmenistan,2031,8,21.843231022835425
Turkmenistan,2031,9,20.647000372872753
Turkmenistan,2031,10,18.6498956675905
Turkmenistan,2031,11,16.307713092236554
Turkmenistan,2031,12,14.335636629272813
Turkmenistan,2032,1,13.640111132478523
Turkmenistan,2032,2,13.755264766999062
Turkmenistan,2032,3,15.249819307905454
Turkmenistan,2032,4,17.394346025496816
Turkmenistan,2032,5,19.56122752102692
Turkmenistan,2032,6,21.247158716604645
Turkmenistan,2032,7,22.095647845087115
Turkmenistan,2032,8,21.919517439983792
Turkmenistan,2032,9,20.723405325302338
Turkmenistan,2032,10,18.726265605532717
Turkmenistan,2032,11,16.383869655518538
Turkmenistan,2032,12,14.411307110306552
Turkmenistan,2033,1,13.699855818148535
Turkmenistan,2033,2,13.821544686245943
Turkmenistan,2033,3,15.320672070226465
Turkmenistan,2033,4,17.468273706298532
Turkmenistan,2033,5,19.63712712461438
Turkmenistan,2033,6,21.324252639199585
Turkmenistan,2033,7,22.17341433785714
Turkmenistan,2033,8,21.99762107204606
Turkmenistan,2033,9,20.801627446781822
Turkmenistan,2033,10,18.804434810551356
Turkmenistan,2033,11,16.461792245195284
Turkmenistan,2033,12,14.488697555757426
Turkmenistan,2034,1,13.760724688939263
Turkmenistan,2034,2,13.889144910311188
Turkmenistan,2034,3,15.393005725160947
Turkmenistan,2034,4,17.5438098530185
Turkmenistan,2034,5,19.714732270364948
Turkmenistan,2034,6,21.403121200616624
Turkmenistan,2034,7,22.252999103941875
Turkmenistan,2034,8,22.07756366720878
Turkmenistan,2034,9,20.88168879386012
Turkmenistan,2034,10,18.884425593792002
Turkmenistan,2034,11,16.541503373334308
Turkmenistan,2034,12,14.567830625020179
Turkmenistan,2035,1,13.822735878312415
Turkmenistan,2035,2,13.958084257807968
Turkmenistan,2035,3,15.46683972273695
Turkmenistan,2035,4,17.62097449337398
Turkmenistan,2035,5,19.79406351003945
Turkmenistan,2035,6,21.48378542289447
Turkmenistan,2035,7,22.33442358197226
Turkmenistan,2035,8,22.159367026973086
Turkmenistan,2035,9,20.963611477201084
Turkmenistan,2035,10,18.966260321446498
Turkmenistan,2035,11,16.623025607893396
Turkmenistan,2035,12,14.648729034034659
Uganda,2025,1,21.165788885130496
Uganda,2025,2,22.01566763097526
Uganda,2025,3,22.910968900589978
Uganda,2025,4,23.80745755395492
Uganda,2025,5,24.617160693564983
Uganda,2025,6,25.230868654381084
Uganda,2025,7,25.540635993712385
Uganda,2025,8,25.462282481098555
Uganda,2025,9,24.957894088224748
Uganda,2025,10,24.058323978807493
Uganda,2025,11,22.88569349849513
Uganda,2025,12,21.675893164782792
Uganda,2026,1,21.203345329447075
Uganda,2026,2,22.05986738955562
Uganda,2026,3,22.960087056767406
Uganda,2026,4,23.860136864267588
Uganda,2026,5,24.672342050832412
Uganda,2026,6,25.28772155072238
Uganda,2026,7,25.598488983520838
Uganda,2026,8,25.52055364409989
Uganda,2026,9,25.01602149250266
Uganda,2026,10,24.11569614378186
Uganda,2026,11,22.94157985797665
Uganda,2026,12,21.729374529958477
Uganda,2027,1,21.241784792488943
Uganda,2027,2,22.105122615344044
Uganda,2027,3,23.01039986554042
Uganda,2027,4,23.91411926697856
Uganda,2027,5,24.728906712139178
Uganda,2027,6,25.346012251998218
Uganda,2027,7,25.65781108587271
Uganda,2027,8,25.58030455141943
Uganda,2027,9,25.07562111442985
Uganda,2027,10,24.174517358799676
Uganda,2027,11,22.99887897633471
Uganda,2027,12,21.784221756796796
Uganda,2028,1,21.28112510311712
Uganda,2028,2,22.15145178148032
Uganda,2028,3,23.06192639067467
Uganda,2028,4,23.96942436272093
Uganda,2028,5,24.786874761267427
Uganda,2028,6,25.405761271421397
Uganda,2028,7,25.71862318975127
Uganda,2028,8,25.64155641405614
Uganda,2028,9,25.136714433371708
Uganda,2028,10,24.234809317808867
Uganda,2028,11,23.0576127084978
Uganda,2028,12,21.840456807401097
Uganda,2029,1,21.321384137992027
Uganda,2029,2,22.198873409700354
Uganda,2029,3,23.11468574528135
Uganda,2029,4,24.026071802302795
Uganda,2029,5,24.84626633298558
Uganda,2029,6,25.466989174089576
Uganda,2029,7,25.780946236748605
Uganda,2029,8,25.70433049645817
Uganda,2029,9,25.199322982892227
Uganda,2029,10,24.296593769865467
Uganda,2029,11,23.117802965175542
Uganda,2029,12,21.898101700554435
Uganda,2030,1,21.362579821588042
Uganda,2030,2,22.247406070419856
Uganda,2030,3,23.168697091955437
Uganda,2030,4,24.084081286787296
Uganda,2030,5,24.90710161316838
Uganda,2030,6,25.52971657688704
Uganda,2030,7,25.844801221182024
Uganda,2030,8,25.768648116591976
Uganda,2030,9,25.263468350921357
Uganda,2030,10,24.35989251909359
Uganda,2030,11,23.17947171306605
Uganda,2030,12,21.957178511719576
Uganda,2031,1,21.40473012626262
Uganda,2031,2,22.297068382683392
Uganda,2031,3,23.223979642768427
Uganda,2031,4,24.143472567547178
Uganda,2031,5,24.969400838749607
Uganda,2031,6,25.593964148662963
Uganda,2031,7,25.91020919002858
Uganda,2031,8,25.834530645902305
Uganda,2031,9,25.32917217967497
Uganda,2031,10,24.42472742478003
Uganda,2031,11,23.24264097478681
Uganda,2031,12,22.017709373173602
Uganda,2032,1,21.447853072285398
Uganda,2032,2,22.347879014288083
Uganda,2032,3,23.28055265930834
Uganda,2032,4,24.20426544628299
Uganda,2032,5,25.03318429785304
Uganda,2032,6,25.659752610202304
Uganda,2032,7,25.977191243070592
Uganda,2032,8,25.901999509461348
Uganda,2032,9,25.396456165727614
Uganda,2032,10,24.491120401381522
Uganda,2032,11,23.30733282894016
Uganda,2032,12,22.079716473956978
Uganda,2033,1,21.491966727881845
Uganda,2033,2,22.399856681783604
Uganda,2033,3,23.338435452759768
Uganda,2033,4,24.26647977508128
Uganda,2033,5,25.098472329741526
Uganda,2033,6,25.727102734309483
Uganda,2033,7,26.045768532884722
Uganda,2033,8,25.97107618591781
Uganda,2033,9,25.465342060165312
Uganda,2033,10,24.559093418579323
Uganda,2033,11,23.373569410189702
Uganda,2033,12,22.14322205998633
Uganda,2034,1,21.53708920927329
Uganda,2034,2,22.453020150537668
Uganda,2034,3,23.397647383911135
Uganda,2034,4,24.33013545646918
Uganda,2034,5,25.165285324966135
Uganda,2034,6,25.79603534580474
Uganda,2034,7,26.115962264907466
Uganda,2034,8,26.041782207573306
Uganda,2034,9,25.535851668458236
Uganda,2034,10,24.62866850136652
Uganda,2034,11,23.441372909253005
Uganda,2034,12,22.208248434043526
Uganda,2035,1,21.58323868075695
Uganda,2035,2,22.50738823478332
Uganda,2035,3,23.4582078632493
Uganda,2035,4,24.395252443425306
Uganda,2035,5,25.233643725329785
Uganda,2035,6,25.866571321615083
Uganda,2035,7,26.18779369746062
Uganda,2035,8,26.11413916048059
Uganda,2035,9,25.60800685061713
Uganda,2035,10,24.69986773004439
Uganda,2035,11,23.51076557300712
Uganda,2035,12,22.274817955859362
Ukraine,2025,1,1.802944297153772
Ukraine,2025,2,2.2479295632374487
Ukraine,2025,3,5.385605972355734
Ukraine,2025,4,9.671020355371184
Ukraine,2025,5,13.839820492911713
Ukraine,2025,6,16.930756105274668
Ukraine,2025,7,18.308179842319987
Ukraine,2025,8,17.68454827334881
Ukraine,2025,9,15.142922877047567
Ukraine,2025,10,11.159471031341127
Ukraine,2025,11,6.625967003282312
Ukraine,2025,12,2.872292939014187
Ukraine,2026,1,1.868020671748127
Ukraine,2026,2,2.3177030919805475
Ukraine,2026,3,5.458164181641223
Ukraine,2026,4,9.744994278888953
Ukraine,2026,5,13.914315134677054
Ukraine,2026,6,17.00528090262833
Ukraine,2026,7,18.382579128931866
Ukraine,2026,8,17.758931742287132
Ukraine,2026,9,15.217596043731646
Ukraine,2026,10,11.234865696617817
Ukraine,2026,11,6.702571716422426
Ukraine,2026,12,2.9505834607234647
Ukraine,2027,1,1.9341465898733077
Ukraine,2027,2,2.388743320379035
Ukraine,2027,3,5.532168779603126
Ukraine,2027,4,9.82055933042011
Ukraine,2027,5,13.990513211531834
Ukraine,2027,6,17.08159152733515
Ukraine,2027,7,18.458819237815078
Ukraine,2027,8,17.835186148463436
Ukraine,2027,9,15.294147900168355
Ukraine,2027,10,11.312126959103807
Ukraine,2027,11,6.781013606626402
Ukraine,2027,12,3.0306669292012884
Ukraine,2028,1,2.0013397026241364
Ukraine,2028,2,2.461068622004859
Ukraine,2028,3,5.607638808535739
Ukraine,2028,4,9.897735167281098
Ukraine,2028,5,14.068434942118074
Ukraine,2028,6,17.159708705655248
Ukraine,2028,7,18.53692134911489
Ukraine,2028,8,17.913333072244313
Ukraine,2028,9,15.372600373187197
Ukraine,2028,10,11.391277038402222
Ukraine,2028,11,6.86131513257078
Ukraine,2028,12,3.1125659884610286
Ukraine,2029,1,2.0696177082290887
Ukraine,2029,2,2.534697418331234
Ukraine,2029,3,5.684593359467726
Ukraine,2029,4,9.976541496319442
Ukraine,2029,5,14.148100595387405
Ukraine,2029,6,17.239653214958707
Ukraine,2029,7,18.61690669490872
Ukraine,2029,8,17.993394146685205
Ukraine,2029,9,15.452975443139621
Ukraine,2029,10,11.4723382084494
Ukraine,2029,11,6.943498808080221
Ukraine,2029,12,3.196303338497273
Ukraine,2030,1,2.138998352046656
Ukraine,2030,2,2.609648178754469
Ukraine,2030,3,5.7630515721220945
Ukraine,2030,4,10.056998073899194
Ukraine,2030,5,14.229530490673824
Ukraine,2030,6,17.321445883791057
Ukraine,2030,7,18.698796559264338
Ukraine,2030,8,18.075391057672277
Ukraine,2030,9,15.535295144000884
Ukraine,2030,10,11.555332797649498
Ukraine,2030,11,7.027587202185714
Ukraine,2030,12,3.28190173535495
Ukraine,2031,1,2.209499426576258
Ukraine,2031,2,2.6859394206485376
Ukraine,2031,3,5.843032635065356
Ukraine,2031,4,10.13912470604646
Ukraine,2031,5,14.31274499769006
Ukraine,2031,6,17.405107591924207
Ukraine,2031,7,18.782612278283523
Ukraine,2031,8,18.15934554391879
Ukraine,2031,9,15.619581563417341
Ukraine,2031,10,11.640283188761714
Ukraine,2031,11,7.113602939197335
Ukraine,2031,12,3.3693839911147734
Ukraine,2032,1,2.2811387715601086
Ukraine,2032,2,2.7635897094342
Ukraine,2032,3,5.924555785638404
Ukraine,2032,4,10.222941248347524
Ukraine,2032,5,14.397764536622162
Ukraine,2032,6,17.49065927034917
Ukraine,2032,7,18.86837524006569
Ukraine,2032,8,18.245279396950536
Ukraine,2032,9,15.705856842608227
Ukraine,2032,10,11.727211819100376
Ukraine,2032,11,7.20156869870425
Ukraine,2032,12,3.4587729739187125
Ukraine,2033,1,2.3539342740159555
Ukraine,2033,2,2.8426176585971916
Ukraine,2033,3,6.007640310123861
Ukraine,2033,4,10.308467606148952
Ukraine,2033,5,14.484609578144045
Ukraine,2033,6,17.57812190138884
Ukraine,2033,7,18.956106884911605
Ukraine,2033,8,18.333214461287753
Ukraine,2033,9,15.7941431766385
Ukraine,2033,10,11.816141180487648
Ukraine,2033,11,7.291507215669299
Ukraine,2033,12,3.550091608155526
Ukraine,2034,1,2.427903868237081
Ukraine,2034,2,2.9230419297136905
Ukraine,2034,3,6.092305543673319
Ukraine,2034,4,10.395723734473904
Ukraine,2034,5,14.573300643450239
Ukraine,2034,6,17.667516518734374
Ukraine,2034,7,19.045828705206986
Ukraine,2034,8,18.4231726343869
Ukraine,2034,9,15.884462814269682
Ukraine,2034,10,11.907093819344482
Ukraine,2034,11,7.383441280363513
Ukraine,2034,12,3.64336287434071
Ukraine,2035,1,2.503065535883252
Ukraine,2035,2,3.0048812325485414
Ukraine,2035,3,6.178570870434669
Ukraine,2035,4,10.484729638167664
Ukraine,2035,5,14.663858304343194
Ukraine,2035,6,17.758864207412444
Ukraine,2035,7,19.137562245571644
Ukraine,2035,8,18.515175866680693
Ukraine,2035,9,15.976838058109024
Ukraine,2035,10,12.000092336701528
Ukraine,2035,11,7.477393738602586
Ukraine,2035,12,3.738609809232912
United Arab Emirates,2025,1,24.905083778548033
United Arab Emirates,2025,2,27.531915364831548
United Arab Emirates,2025,3,28.90823629605893
United Arab Emirates,2025,4,29.53274106630215
United Arab Emirates,2025,5,29.74819551006749
United Arab Emirates,2025,6,29.763937792283286
United Arab Emirates,2025,7,29.678379398134894
United Arab Emirates,2025,8,29.501506123012405
United Arab Emirates,2025,9,29.17737906237835
United Arab Emirates,2025,10,28.606635601660855
United Arab Emirates,2025,11,27.668990406183184
United Arab Emirates,2025,12,26.24573641101688
United Arab Emirates,2026,1,24.932850158323163
United Arab Emirates,2026,2,27.567970552533552
United Arab Emirates,2026,3,28.950743086298644
United Arab Emirates,2026,4,29.580169104728157
United Arab Emirates,2026,5,29.799251756478952
United Arab Emirates,2026,6,29.817496983568162
United Arab Emirates,2026,7,29.733414511353658
United Arab Emirates,2026,8,29.557018838383556
United Arab Emirates,2026,9,29.232330226289378
United Arab Emirates,2026,10,28.65987568971923
United Arab Emirates,2026,11,27.719189986183665
United Arab Emirates,2026,12,26.291316605999782
United Arab Emirates,2027,1,24.961365712429142
United Arab Emirates,2027,2,27.604934215615685
United Arab Emirates,2027,3,28.9942858440927
United Arab Emirates,2027,4,29.62873131151082
United Arab Emirates,2027,5,29.851513598078782
United Arab Emirates,2027,6,29.872308940383846
United Arab Emirates,2027,7,29.789727821350425
United Arab Emirates,2027,8,29.61381596015144
United Arab Emirates,2027,9,29.28855530202145
United Arab Emirates,2027,10,28.71436500827349
United Arab Emirates,2027,11,27.770602446046723
United Arab Emirates,2027,12,26.33806417836331
United Arab Emirates,2028,1,24.99064823451863
United Arab Emirates,2028,2,27.642824764964644
United Arab Emirates,2028,3,29.03888354387618
United Arab Emirates,2028,4,29.67844717094067
United Arab Emirates,2028,5,29.905000975287294
United Arab Emirates,2028,6,29.92839400554385
United Arab Emirates,2028,7,29.847340019678995
United Arab Emirates,2028,8,29.671918474873564
United Arab Emirates,2028,9,29.346075517435565
United Arab Emirates,2028,10,28.770124972758822
United Arab Emirates,2028,11,27.82324933511427
United Arab Emirates,2028,12,26.386000757619513
United Arab Emirates,2029,1,25.02071556628016
United Arab Emirates,2029,2,27.68166066030699
United Arab Emirates,2029,3,29.084555209778955
United Arab Emirates,2029,4,29.72933621773427
United Arab Emirates,2029,5,29.95973387977665
United Arab Emirates,2029,6,29.985772573979375
United Arab Emirates,2029,7,29.90627185073481
United Arab Emirates,2029,8,29.73134742277125
United Arab Emirates,2029,9,29.404912154875092
United Arab Emirates,2029,10,28.827177053947707
United Arab Emirates,2029,11,27.877152258840397
United Arab Emirates,2029,12,26.4351480301857
United Arab Emirates,2030,1,25.051585597438134
United Arab Emirates,2030,2,27.721460410270993
United Arab Emirates,2030,3,29.131319915542008
United Arab Emirates,2030,4,29.78141803712151
United Arab Emirates,2030,5,30.015732354529064
United Arab Emirates,2030,6,30.044465092662904
United Arab Emirates,2030,7,29.96654411190775
United Arab Emirates,2030,8,29.792123897835154
United Arab Emirates,2030,9,29.465086551227614
United Arab Emirates,2030,10,28.885542777942646
United Arab Emirates,2030,11,27.93233287878411
United Arab Emirates,2030,12,26.485527739449935
United Arab Emirates,2031,1,25.08327626584014
United Arab Emirates,2031,2,27.76224257238664
United Arab Emirates,2031,3,29.179196784677515
United Arab Emirates,2031,4,29.834712264907466
United Arab Emirates,2031,5,30.07301649386227
United Arab Emirates,2031,6,30.104492060815573
United Arab Emirates,2031,7,30.028177653483908
United Arab Emirates,2031,8,29.854269047810703
United Arab Emirates,2031,9,29.52662009796495
United Arab Emirates,2031,10,28.9452437262089
United Arab Emirates,2031,11,27.988812912773028
United Arab Emirates,2031,12,26.53716168580013
United Arab Emirates,2032,1,25.115805557500607
United Arab Emirates,2032,2,27.804025753125643
United Arab Emirates,2032,3,29.22820499045065
United Arab Emirates,2032,4,29.889238587388718
United Arab Emirates,2032,5,30.131606443476812
United Arab Emirates,2032,6,30.16587402976529
United Arab Emirates,2032,7,30.091193378765638
United Arab Emirates,2032,8,29.917804074223568
United Arab Emirates,2032,9,29.589534241143156
United Arab Emirates,2032,10,29.0063015356327
United Arab Emirates,2032,11,28.046614134794254
United Arab Emirates,2032,12,26.590071726656788
United Arab Emirates,2033,1,25.149191506626266
United Arab Emirates,2033,2,27.84682860803605
United Arab Emirates,2033,3,29.278363755966893
United Arab Emirates,2033,4,29.945016741557083
United Arab Emirates,2033,5,30.191522400525173
United Arab Emirates,2033,6,30.228631603146823
United Arab Emirates,2033,7,30.155612244122494
United Arab Emirates,2033,8,29.982750232496073
United Arab Emirates,2033,9,29.65385048153712
United Arab Emirates,2033,10,29.068737898637664
United Arab Emirates,2033,11,28.105758375190817
United Arab Emirates,2033,12,26.644279776545773
United Arab Emirates,2034,1,25.18345219566345
United Arab Emirates,2034,2,27.890669841618546
United Arab Emirates,2034,3,29.329692354175677
United Arab Emirates,2034,4,30.002066515059596
United Arab Emirates,2034,5,30.252784613619042
United Arab Emirates,2034,6,30.292785436825397
United Arab Emirates,2034,7,30.22145525900578
United Arab Emirates,2034,8,30.049128831954476
United Arab Emirates,2034,9,29.719590374589643
United Arab Emirates,2034,10,29.13257456307565
United Arab Emirates,2034,11,28.1662675205489
United Arab Emirates,2034,12,26.699807807134675
United Arab Emirates,2035,1,25.218605755367207
United Arab Emirates,2035,2,27.9355682075593
United Arab Emirates,2035,3,29.382210107928586
United Arab Emirates,2035,4,30.06040774622761
United Arab Emirates,2035,5,30.315413382909355
United Arab Emirates,2035,6,30.35835623900948
United Arab Emirates,2035,7,30.28874348604313
United Arab Emirates,2035,8,30.116961235828967
United Arab Emirates,2035,9,29.786775530535124
United Arab Emirates,2035,10,29.197833332441405
United Arab Emirates,2035,11,28.228163513883374
United Arab Emirates,2035,12,26.756677847229184
United Kingdom,2025,1,2.5392441094709284
United Kingdom,2025,2,2.941210719161063
United Kingdom,2025,3,5.961142876582926
United Kingdom,2025,4,10.104222155191565
United Kingdom,2025,5,14.145027031471727
United Kingdom,2025,6,17.150033874772816
United Kingdom,2025,7,18.50011793725662
United Kingdom,2025,8,17.913054343754084
United Kingdom,2025,9,15.466019081691229
United Kingdom,2025,10,11.618089990985936
United Kingdom,2025,11,7.232747753930198
United Kingdom,2025,12,3.6003768851014684
United Kingdom,2026,1,2.603840988585034
United Kingdom,2026,2,3.0104871088451546
United Kingdom,2026,3,6.0332054738219085
United Kingdom,2026,4,10.17771509020622
United Kingdom,2026,5,14.21906233070058
United Kingdom,2026,6,17.2241219239595
United Kingdom,2026,7,18.574097944402638
United Kingdom,2026,8,17.987024802180713
United Kingdom,2026,9,15.540268233065035
United Kingdom,2026,10,11.693026288318833
United Kingdom,2026,11,7.3088303245358475
United Kingdom,2026,12,3.6780459937263004
United Kingdom,2027,1,2.6694871317895377
United Kingdom,2027,2,3.0810282083812126
United Kingdom,2027,3,6.10671090476626
United Kingdom,2027,4,10.252794178298245
United Kingdom,2027,5,14.29479481538965
United Kingdom,2027,6,17.29998842139048
United Kingdom,2027,7,18.649910410445045
United Kingdom,2027,8,18.062856995468792
United Kingdom,2027,9,15.61638617799781
United Kingdom,2027,10,11.7698187380347
United Kingdom,2027,11,7.386739224050871
United Kingdom,2027,12,3.757496942843318
United Kingdom,2028,1,2.7362002032796227
United Kingdom,2028,2,3.152852401705786
United Kingdom,2028,3,6.181678219379137
United Kingdom,2028,4,10.329479081782665
United Kingdom,2028,5,14.372244706447418
United Kingdom,2028,6,17.3776540928784
United Kingdom,2028,7,18.727576512400447
United Kingdom,2028,8,18.14057249812049
United Kingdom,2028,9,15.69439483473343
United Kingdom,2028,10,11.848489548542602
United Kingdom,2028,11,7.466496897236539
United Kingdom,2028,12,3.8387523598548796
United Kingdom,2029,1,2.8039979143732126
United Kingdom,2029,2,3.2259781206712432
United Kingdom,2029,3,6.258126516372613
United Kingdom,2029,4,10.407789512480122
United Kingdom,2029,5,14.45143227513563
United Kingdom,2029,6,17.457139715404082
United Kingdom,2029,7,18.807117479257613
United Kingdom,2029,8,18.220192937388674
United Kingdom,2029,9,15.774316175194144
United Kingdom,2029,10,11.929060982606643
United Kingdom,2029,11,7.548125844002243
United Kingdom,2029,12,3.9218349281409246
United Kingdom,2030,1,2.872898023521884
United Kingdom,2030,2,3.3004238451039782
United Kingdom,2030,3,6.336074943185849
United Kingdom,2030,4,10.487745231800545
United Kingdom,2030,5,14.532377843076574
United Kingdom,2030,6,17.538466117127427
United Kingdom,2030,7,18.888554591970205
United Kingdom,2030,8,18.301739993375122
United Kingdom,2030,9,15.85617222484234
United Kingdom,2030,10,12.011555357367797
United Kingdom,2030,11,7.631648619510997
United Kingdom,2030,12,4.006767387164473
United Kingdom,2031,1,2.9429183363945413
United Kingdom,2031,2,3.376208102829878
United Kingdom,2031,3,6.415542696130615
United Kingdom,2031,4,10.569366050775898
United Kingdom,2031,5,14.615101782347665
United Kingdom,2031,6,17.621654177449273
United Kingdom,2031,7,18.971909183580465
United Kingdom,2031,8,18.38523539902326
United Kingdom,2031,9,15.939985062804226
United Kingdom,2031,10,12.095995044507617
United Kingdom,2031,11,7.7170878342194555
United Kingdom,2031,12,4.093572532417056
United Kingdom,2032,1,3.0140767058992424
United Kingdom,2032,2,3.4533494697107017
United Kingdom,2032,3,6.496549020325801
United Kingdom,2032,4,10.652671830085637
United Kingdom,2032,5,14.69962451549236
United Kingdom,2032,6,17.70672482704049
United Kingdom,2032,7,19.057202639182833
United Kingdom,2032,8,18.470700940158167
United Kingdom,2032,9,16.025776821968066
United Kingdom,2032,10,12.182402470160923
United Kingdom,2032,11,7.804466153859721
United Kingdom,2032,12,4.182273215586065
United Kingdom,2033,1,3.0863910322086667
United Kingdom,2033,2,3.531866569724116
United Kingdom,2033,3,6.5791132098102025
United Kingdom,2033,4,10.737682480147669
United Kingdom,2033,5,14.785966515560176
United Kingdom,2033,6,17.793699047925656
United Kingdom,2033,7,19.144456396047644
United Kingdom,2033,8,18.558158455573903
United Kingdom,2033,9,16.11356968891141
United Kingdom,2033,10,12.270800115072234
United Kingdom,2033,11,7.893806299588505
United Kingdom,2033,12,4.2728923444710745
United Kingdom,2034,1,3.1598792628583396
United Kingdom,2034,2,3.611778074967333
United Kingdom,2034,3,6.663254607578892
United Kingdom,2034,4,10.824417961111067
United Kingdom,2034,5,14.874148306186726
United Kingdom,2034,6,17.882597873468512
United Kingdom,2034,7,19.233691943581107
United Kingdom,2034,8,18.64762983703349
United Kingdom,2034,9,16.203385904050265
United Kingdom,2034,10,12.36121051453756
United Kingdom,2034,11,7.985131047932555
United Kingdom,2034,12,4.3654528831475545
United Kingdom,2035,1,3.2345593927284426
United Kingdom,2035,2,3.6931027057444226
United Kingdom,2035,3,6.7489926056050535
United Kingdom,2035,4,10.912898282943388
United Kingdom,2035,5,14.964190461593716
United Kingdom,2035,6,17.9734423884629
United Kingdom,2035,7,19.32493082345627
United Kingdom,2035,8,18.739137029319863
United Kingdom,2035,9,16.295247761624523
United Kingdom,2035,10,12.453656258553565
United Kingdom,2035,11,8.078463230901434
United Kingdom,2035,12,4.459977851905023
United States,2025,1,2.6742264566646554
United States,2025,2,3.068424625352236
United States,2025,3,6.0668160535688
United States,2025,4,10.183788595176338
United States,2025,5,14.201072560387729
United States,2025,6,17.19024170566354
United States,2025,7,18.535214223645198
United States,2025,8,17.95475373300087
United States,2025,9,15.524970268395009
United States,2025,10,11.701821270290566
United States,2025,11,7.343612574933104
United States,2025,12,3.733499404182112
United States,2026,1,2.7387299934644034
United States,2026,2,3.1376051828638083
United States,2026,3,6.13878374547221
United States,2026,4,10.25718985460935
United States,2026,5,14.275020602949553
United States,2026,6,17.2642469924549
United States,2026,7,18.609114924257483
United States,2026,8,18.02864618858166
United States,2026,9,15.599139454611759
United States,2026,10,11.776671260392504
United States,2026,11,7.419597002744013
United States,2026,12,3.8110519271258454
United States,2027,1,2.8042827005747313
United States,2027,2,3.208050044087031
United States,2027,3,6.212193579239283
United States,2027,4,10.332176316206642
United States,2027,5,14.35066464758438
United States,2027,6,17.340029338281056
United States,2027,7,18.68484651538256
United States,2027,8,18.104398658063474
United States,2027,9,15.675175587480226
United States,2027,10,11.853375456726098
United States,2027,11,7.497405740607974
United States,2027,12,3.8903842256740973
United States,2028,1,2.8709022445118535
United States,2028,2,3.2797775948210983
United States,2028,3,6.287064606175591
United States,2028,4,10.408767643119972
United States,2028,5,14.428024915589958
United States,2028,6,17.41760946884915
United States,2028,7,18.76243017339675
United States,2028,8,18.182032714806155
United States,2028,9,15.75310058368359
United States,2028,10,11.93195606554309
United States,2028,11,7.577061230670552
United States,2028,12,3.9715189240860127
United States,2029,1,2.9386063389547417
United States,2029,2,3.3528062687628335
United States,2029,3,6.363415926368361
United States,2029,4,10.486983548057651
United States,2029,5,14.507121678570002
United States,2029,6,17.497008161012673
United States,2029,7,18.841887126677648
United States,2029,8,18.261569985011192
United States,2029,9,15.832936413492462
United States,2029,10,12.01243534749392
United States,2029,11,7.658585970261811
United States,2029,12,4.05447870270018
United States,2030,1,3.007412744701469
United States,2030,2,3.427154547594
United States,2030,3,6.441266688602809
United States,2030,4,10.566843793259068
United States,2030,5,14.587975258536062
United States,2030,6,17.578246242775094
United States,2030,7,18.923238655542264
United States,2030,8,18.343032147608938
United States,2030,9,15.914705100732135
United States,2030,10,12.094835617656827
United States,2030,11,7.742002511914507
United States,2030,12,4.1392862978364064
United States,2031,1,3.0773392697819872
United States,2031,2,3.5028409609958544
United States,2031,3,6.5206360905694964
United States,2031,4,10.648368190658402
United States,2031,5,14.67060602793299
United States,2031,6,17.661344593435388
United States,2031,7,19.006506092468953
United States,2031,8,18.426440934476886
United States,2031,9,15.99842872301906
United States,2031,10,12.179179245570595
United States,2031,11,7.827333463513241
United States,2031,12,4.225964501941235
United States,2032,1,3.1484037694399376
United States,2032,2,3.579884086714628
United States,2032,3,6.601543378740644
United States,2032,4,10.731576601797315
United States,2032,5,14.755034409682594
United States,2032,6,17.746324143558923
United States,2032,7,19.091710821890047
United States,2032,8,18.511818130301435
United States,2032,9,16.084129411542563
United States,2032,10,12.265488655318222
United States,2032,11,7.91460148819624
United States,2032,12,4.314536163573393
United States,2033,1,3.2206241462417893
United States,2033,2,3.6583025505651676
United States,2033,3,6.684007848533838
United States,2033,4,10.816488937977738
United States,2033,5,14.841280877223653
United States,2033,6,17.83320587503931
United States,2033,7,19.17887428046106
United States,2033,8,18.599185572770693
United States,2033,9,16.171829351330416
United States,2033,10,12.353786325508736
United States,2033,11,8.00382930453361
United States,2033,12,4.405024187480194
United States,2034,1,3.29401835007684
United States,2034,2,3.7381150265619
United States,2034,3,6.768048844341138
United States,2034,4,10.903125160236414
United States,2034,5,14.929365954581044
United States,2034,6,17.922010821160256
United States,2034,7,19.268017957053416
United States,2034,8,18.68856515259631
United States,2034,9,16.26155078121974
United States,2034,10,12.444094789382689
United States,2034,11,8.095039686472774
United States,2034,12,4.49745153467029
United States,2035,1,3.368604378200871
United States,2035,2,3.819340236838798
United States,2035,3,6.8536857594854155
United States,2035,4,10.991505279406738
United States,2035,5,15.019310216354825
United States,2035,6,18.01276006659191
United States,2035,7,19.359163392678056
United States,2035,8,18.779978813437083
United States,2035,9,16.35331599382789
United States,2035,10,12.536436634841266
United States,2035,11,8.188255463422138
United States,2035,12,4.591841222330004
United States Virgin Islands,2025,1,24.25934186816903
United States Virgin Islands,2025,2,26.326230783991377
United States Virgin Islands,2025,3,27.48898962893236
United States Virgin Islands,2025,4,28.110523054249825
United States Virgin Islands,2025,5,28.425630707749406
United States Virgin Islands,2025,6,28.56350822375407
United States Virgin Islands,2025,7,28.570248212960905
United States Virgin Islands,2025,8,28.431341252359744
United States Virgin Islands,2025,9,28.094176875119047
United States Virgin Islands,2025,10,27.490544560464514
United States Virgin Islands,2025,11,26.559134723619536
United States Virgin Islands,2025,12,25.268039705680167
United States Virgin Islands,2026,1,24.289173184065476
United States Virgin Islands,2026,2,26.363906002684416
United States Virgin Islands,2026,3,27.532707884683077
United States Virgin Islands,2026,4,28.15880541644674
United States Virgin Islands,2026,5,28.477250643955813
United States Virgin Islands,2026,6,28.617422062740843
United States Virgin Islands,2026,7,28.625525607695636
United States Virgin Islands,2026,8,28.487095643043176
United States Virgin Islands,2026,9,28.149495952170582
United States Virgin Islands,2026,10,27.544420727616853
United States Virgin Islands,2026,11,26.61039556084961
United States Virgin Islands,2026,12,25.315278432263767
United States Virgin Islands,2027,1,24.319790515158275
United States Virgin Islands,2027,2,26.402529687145034
United States Virgin Islands,2027,3,27.57750488727197
United States Virgin Islands,2027,4,28.20826715450039
United States Virgin Islands,2027,5,28.53012345045954
United States Virgin Islands,2027,6,28.672637649285207
United States Virgin Islands,2027,7,28.68213152752378
United States Virgin Islands,2027,8,28.544185754058162
United States Virgin Islands,2027,9,28.20614087998638
United States Virgin Islands,2027,10,27.599598328522006
United States Virgin Islands,2027,11,26.66292138488734
United States Virgin Islands,2027,12,25.36373618621019
United States Virgin Islands,2028,1,24.35121166848421
United States Virgin Islands,2028,2,26.442120268370672
United States Virgin Islands,2028,3,27.62339963793511
United States Virgin Islands,2028,4,28.258927786210734
United States Virgin Islands,2028,5,28.584269107876935
United States Virgin Islands,2028,6,28.729175373123326
United States Virgin Islands,2028,7,28.740086717601116
United States Virgin Islands,2028,8,28.60263263230172
United States Virgin Islands,2028,9,28.264132953439002
United States Virgin Islands,2028,10,27.656098852382456
United States Virgin Islands,2028,11,26.716733825532174
United States Virgin Islands,2028,12,25.413434684179265
United States Virgin Islands,2029,1,24.383454499024992
United States Virgin Islands,2029,2,26.4826962260895
United States Virgin Islands,2029,3,27.670411187505124
United States Virgin Islands,2029,4,28.310806879752818
United States Virgin Islands,2029,5,28.6397076480107
United States Virgin Islands,2029,6,28.787055676003547
United States Virgin Islands,2029,7,28.799411975895964
United States Virgin Islands,2029,8,28.662457378236468
United States Virgin Islands,2029,9,28.32349352181791
United States Virgin Islands,2029,10,27.71394384359246
United States Virgin Islands,2029,11,26.771854568550225
United States Virgin Islands,2029,12,25.464395699634224
United States Virgin Islands,2030,1,24.41653690977637
United States Virgin Islands,2030,2,26.524276088873194
United States Virgin Islands,2030,3,27.7185586363712
United States Virgin Islands,2030,4,28.363924053676783
United States Virgin Islands,2030,5,28.696459153900832
United States Virgin Islands,2030,6,28.846299051697315
United States Virgin Islands,2030,7,28.860128153211008
United States Virgin Islands,2030,8,28.723681146010676
United States Virgin Islands,2030,9,28.384243988894923
United States Virgin Islands,2030,10,27.773154901825365
United States Virgin Islands,2030,11,26.828305355856173
United States Virgin Islands,2030,12,25.516641062976305
United States Virgin Islands,2031,1,24.450476851766325
United States Virgin Islands,2031,2,26.56687843416239
United States Virgin Islands,2031,3,27.767861134675513
United States Virgin Islands,2031,4,28.418298977082486
United States Virgin Islands,2031,5,28.754543759871922
United States Virgin Islands,2031,6,28.906926046082845
United States Virgin Islands,2031,7,28.92225615332154
United States Virgin Islands,2031,8,28.786325143523754
United States Virgin Islands,2031,9,28.446405812982448
United States Virgin Islands,2031,10,27.83375368209545
United States Virgin Islands,2031,11,26.886107985451417
United States Virgin Islands,2031,12,25.570192661522924
United States Virgin Islands,2032,1,24.48529232413148
United States Virgin Islands,2032,2,26.61052188825215
United States Virgin Islands,2032,3,27.81833788221138
United States Virgin Islands,2032,4,28.473951369557653
United States Virgin Islands,2032,5,28.813981651576796
United States Virgin Islands,2032,6,28.96895725719969
United States Virgin Islands,2032,7,28.985816932840862
United States Virgin Islands,2032,8,28.85041063234985
United States Virgin Islands,2032,9,28.510000506882534
United States Virgin Islands,2032,10,27.89576189478339
United States Virgin Islands,2032,11,26.9452843115223
United States Virgin Islands,2032,12,25.62507243957316
United States Virgin Islands,2033,1,24.52100137416801
United States Virgin Islands,2033,2,26.655225126462938
United States Virgin Islands,2033,3,27.87000812855422
United States Virgin Islands,2033,4,28.530901001228813
United States Virgin Islands,2033,5,28.874793066054735
United States Virgin Islands,2033,6,29.03241333522692
United States Virgin Islands,2033,7,29.050831501464017
United States Virgin Islands,2033,8,28.915958927919746
United States Virgin Islands,2033,9,28.57504963808333
United States Virgin Islands,2033,10,27.959201305669012
United States Virgin Islands,2033,11,27.005856244509232
United States Virgin Islands,2033,12,25.681302398476873
United States Virgin Islands,2034,1,24.557622097353487
United States Virgin Islands,2034,2,26.701006873053302
United States Virgin Islands,2034,3,27.92289117308337
United States Virgin Islands,2034,4,28.5891676928959
United States Virgin Islands,2034,5,28.936998291782402
United States Virgin Islands,2034,6,29.097314982603166
United States Virgin Islands,2034,7,29.117320921858663
United States Virgin Islands,2034,8,28.982991399477214
United States Virgin Islands,2034,9,28.641574828675402
United States Virgin Islands,2034,10,28.02409373600767
United States Virgin Islands,2034,11,27.067845751099412
United States Virgin Islands,2034,12,25.7389045966529
United States Virgin Islands,2035,1,24.595172637335963
United States Virgin Islands,2035,2,26.747885901329028
United States Virgin Islands,2035,3,27.977006365003945
United States Virgin Islands,2035,4,28.648771315970407
United States Virgin Islands,2035,5,29.000617668608356
United States Virgin Islands,2035,6,29.16368295402299
United States Virgin Islands,2035,7,29.185306309832413
United States Virgin Islands,2035,8,29.051529470151763
United States Virgin Islands,2035,9,28.70959775547908
United States Virgin Islands,2035,10,28.09046106255937
United States Virgin Islands,2035,11,27.131274854270487
United States Virgin Islands,2035,12,25.797901149614518
Uruguay,2025,1,14.880849882088114
Uruguay,2025,2,14.999778288060952
Uruguay,2025,3,16.284255619369105
Uruguay,2025,4,18.12812595298692
Uruguay,2025,5,20.000371680228454
Uruguay,2025,6,21.467614496575152
Uruguay,2025,7,22.21661639157628
Uruguay,2025,8,22.076780638843957
Uruguay,2025,9,21.04265278580806
Uruguay,2025,10,19.29642164371853
Uruguay,2025,11,17.230420277494886
Uruguay,2025,12,15.469626995670296
Uruguay,2026,1,14.930582473146387
Uruguay,2026,2,15.054898420342397
Uruguay,2026,3,16.34305798915102
Uruguay,2026,4,18.18933737620773
Uruguay,2026,5,20.063081555455028
Uruguay,2026,6,21.53120526805742
Uruguay,2026,7,22.28069401229459
Uruguay,2026,8,22.14110503345819
Uruguay,2026,9,21.107068313745003
Uruguay,2026,10,19.360787562135556
Uruguay,2026,11,17.294541204338202
Uruguay,2026,12,15.53318337264227
Uruguay,2027,1,14.98129718365908
Uruguay,2027,2,15.111188351075725
Uruguay,2027,3,16.403183032464767
Uruguay,2027,4,18.25199206153502
Uruguay,2027,5,20.127325512338757
Uruguay,2027,6,21.59639368916487
Uruguay,2027,7,22.34640811641748
Uruguay,2027,8,22.20708252854911
Uruguay,2027,9,21.173133859924747
Uruguay,2027,10,19.426783234747745
Uruguay,2027,11,17.360256956912963
Uruguay,2027,12,15.598287499972685
Uruguay,2028,1,15.033011825559697
Uruguay,2028,2,15.168666565144122
Uruguay,2028,3,16.464649853424817
Uruguay,2028,4,18.316109678625253
Uruguay,2028,5,20.19312373234152
Uruguay,2028,6,21.66320039942093
Uruguay,2028,7,22.413779747858825
Uruguay,2028,8,22.274734518720834
Uruguay,2028,9,21.240871115963273
Uruguay,2028,10,19.494430596420898
Uruguay,2028,11,17.427589659670957
Uruguay,2028,12,15.664961637911802
Uruguay,2029,1,15.085744258348313
Uruguay,2029,2,15.227351595772234
Uruguay,2029,3,16.52747760526927
Uruguay,2029,4,18.3817099470225
Uruguay,2029,5,20.260496447638616
Uruguay,2029,6,21.73164608992829
Uruguay,2029,7,22.482830002930314
Uruguay,2029,8,22.34408245173927
Uruguay,2029,9,21.31030182739869
Uruguay,2029,10,19.563751636812412
Uruguay,2029,11,17.496561492623186
Uruguay,2029,12,15.733228103182228
Uruguay,2030,1,15.139512389073388
Uruguay,2030,2,15.287262024569827
Uruguay,2030,3,16.591685490439886
Uruguay,2030,4,18.44881263632942
Uruguay,2030,5,20.329463941213362
Uruguay,2030,6,21.801751503401647
Uruguay,2030,7,22.55358003037054
Uruguay,2030,8,22.415147828670342
Uruguay,2030,9,21.38144779387676
Uruguay,2030,10,19.634768400404027
Uruguay,2030,11,17.567194691445366
Uruguay,2030,12,15.803109268891603
Uruguay,2031,1,15.194334172404524
Uruguay,2031,2,15.348416481539061
Uruguay,2031,3,16.65729276062575
Uruguay,2031,4,18.517437566138142
Uruguay,2031,5,20.400046546944395
Uruguay,2031,6,21.873537434211357
Uruguay,2031,7,22.626051031319548
Uruguay,2031,8,22.4879522037927
Uruguay,2031,9,21.45433086907815
Uruguay,2031,10,19.70750298659641
Uruguay,2031,11,17.639511547514303
Uruguay,2031,12,15.874627564707225
Uruguay,2032,1,15.250227610668844
Uruguay,2032,2,15.410833645190905
Uruguay,2032,3,16.724318716777816
Uruguay,2032,4,18.587604606168497
Uruguay,2032,5,20.472264649558383
Uruguay,2032,6,21.947024728427095
Uruguay,2032,7,22.70026425953347
Uruguay,2032,8,22.562517184717763
Uruguay,2032,9,21.52897296084211
Uruguay,2032,10,19.781977549723706
Uruguay,2032,11,17.71353440794792
Uruguay,2032,12,15.947805476819667
Uruguay,2033,1,15.307210753912841
Uruguay,2033,2,15.474532242537862
Uruguay,2033,3,16.792782709159837
Uruguay,2033,4,18.65933367623893
Uruguay,2033,5,20.546138684720972
Uruguay,2033,6,22.02223428387242
Uruguay,2033,7,22.776241021202623
Uruguay,2033,8,22.638864432400624
Uruguay,2033,9,21.605396031141026
Uruguay,2033,10,19.858214299064457
Uruguay,2033,11,17.789285675623432
Uruguay,2033,12,16.02266554803373
Uruguay,2034,1,15.365301699898737
Uruguay,2034,2,15.53953104912307
Uruguay,2034,3,16.86270413738839
Uruguay,2034,4,18.732644746346523
Uruguay,2034,5,20.621689139094997
Uruguay,2034,6,22.099187050135697
Uruguay,2034,7,22.854002675220727
Uruguay,2034,8,22.717015661249206
Uruguay,2034,9,21.683622096178624
Uruguay,2034,10,19.93623549892891
Uruguay,2034,11,17.866787809304697
Uruguay,2034,12,16.099230377768436
Uruguay,2035,1,15.424518594217261
Uruguay,2035,2,15.605848889129447
Uruguay,2035,3,16.934102450538376
Uruguay,2035,4,18.80755783670338
Uruguay,2035,5,20.698936550365943
Uruguay,2035,6,22.177904028675584
Uruguay,2035,7,22.93357063304302
Uruguay,2035,8,22.796992639069686
Uruguay,2035,9,21.763673226422725
Uruguay,2035,10,20.016063468746324
Uruguay,2035,11,17.946063323547605
Uruguay,2035,12,16.177522622126162
Uzbekistan,2025,1,8.644943797736232
Uzbekistan,2025,2,8.763653434013577
Uzbekistan,2025,3,10.843907424191457
Uzbekistan,2025,4,13.814846064190533
Uzbekistan,2025,5,16.781328802958342
Uzbekistan,2025,6,19.046435232344265
Uzbekistan,2025,7,20.133966077003606
Uzbekistan,2025,8,19.810944184290747
Uzbekistan,2025,9,18.11011551415595
Uzbekistan,2025,10,15.352450129082172
Uzbekistan,2025,11,12.16964318391274
Uzbekistan,2025,12,9.526615915802722
Uzbekistan,2026,1,8.703719732432546
Uzbekistan,2026,2,8.827221034393915
Uzbekistan,2026,3,10.91049813133668
Uzbekistan,2026,4,13.883177966808034
Uzbekistan,2026,5,16.85053710039665
Uzbekistan,2026,6,19.116002697607655
Uzbekistan,2026,7,20.203653519781255
Uzbekistan,2026,8,19.880720913974983
Uzbekistan,2026,9,18.18008980286777
Uzbekistan,2026,10,15.42279967468221
Uzbekistan,2026,11,12.240545572983137
Uzbekistan,2026,12,9.598179086741766
Uzbekistan,2027,1,8.763527251511732
Uzbekistan,2027,2,8.892021829077748
Uzbekistan,2027,3,10.978487535064232
Uzbekistan,2027,4,13.953040478049843
Uzbekistan,2027,5,16.92137684573845
Uzbekistan,2027,6,19.187273894724967
Uzbekistan,2027,7,20.275090940483096
Uzbekistan,2027,8,19.95227034720756
Uzbekistan,2027,9,18.251838517739998
Uzbekistan,2027,10,15.494906883465774
Uzbekistan,2027,11,12.313172894174386
Uzbekistan,2027,12,9.671421008036305
Uzbekistan,2028,1,8.824384109023413
Uzbekistan,2028,2,8.958074269300596
Uzbekistan,2028,3,11.047894730037115
Uzbekistan,2028,4,14.024453282371724
Uzbekistan,2028,5,16.99386825948477
Uzbekistan,2028,6,19.260269526545926
Uzbekistan,2028,7,20.34829947057824
Uzbekistan,2028,8,20.025613990362217
Uzbekistan,2028,9,18.32538348635444
Uzbekistan,2028,10,15.568793850540715
Uzbekistan,2028,11,12.387547456372886
Uzbekistan,2028,12,9.746364148643806
Uzbekistan,2029,1,8.886308106358229
Uzbekistan,2029,2,9.02539685440297
Uzbekistan,2029,3,11.118738859900077
Uzbekistan,2029,4,14.097436113935146
Uzbekistan,2029,5,17.0680316126427
Uzbekistan,2029,6,19.33501034721212
Uzbekistan,2029,7,20.423300293646207
Uzbekistan,2029,8,20.100773402774394
Uzbekistan,2029,9,18.40074659005859
Uzbekistan,2029,10,15.644482725566377
Uzbekistan,2029,11,12.463691623838713
Uzbekistan,2029,12,9.823031033753978
Uzbekistan,2030,1,8.94931709222601
Uzbekistan,2030,2,9.094008131884948
Uzbekistan,2030,3,11.191039117225046
Uzbekistan,2030,4,14.172008756680043
Uzbekistan,2030,5,17.14388722685635
Uzbekistan,2030,6,19.411517162306154
Uzbekistan,2030,7,20.50011464551517
Uzbekistan,2030,8,20.17777019675941
Uzbekistan,2030,9,18.477949764005643
Uzbekistan,2030,10,15.721995712822718
Uzbekistan,2030,11,12.54162781627474
Uzbekistan,2030,12,9.901444244766935
Uzbekistan,2031,1,9.013428962754006
Uzbekistan,2031,2,9.163926697482566
Uzbekistan,2031,3,11.264814743602074
Uzbekistan,2031,4,14.248191044404848
Uzbekistan,2031,5,17.22145547433047
Uzbekistan,2031,6,19.489810828808004
Uzbekistan,2031,7,20.578763814214653
Uzbekistan,2031,8,20.25662603773253
Uzbekistan,2031,9,18.557014997256374
Uzbekistan,2031,10,15.801355071297621
Uzbekistan,2031,11,12.62137850885938
Uzbekistan,2031,12,9.981626419387794
Uzbekistan,2032,1,9.078661661501428
Uzbekistan,2032,2,9.235171195138719
Uzbekistan,2032,3,11.340085029686634
Uzbekistan,2032,4,14.326002860730114
Uzbekistan,2032,5,17.3007567779905
Uzbekistan,2032,6,19.569912255207782
Uzbekistan,2032,7,20.659269140095603
Uzbekistan,2032,8,20.337362644190762
Uzbekistan,2032,9,18.63796433272455
Uzbekistan,2032,10,15.882583114628687
Uzbekistan,2032,11,12.70296623230115
Uzbekistan,2032,12,10.063600251593925
Uzbekistan,2033,1,9.145033179543134
Uzbekistan,2033,2,9.307760317119573
Uzbekistan,2033,3,11.41686931525419
Uzbekistan,2033,4,14.405464139222204
Uzbekistan,2033,5,17.381811611475314
Uzbekistan,2033,6,19.651842401538488
Uzbekistan,2033,7,20.741652015852196
Uzbekistan,2033,8,20.42000178775652
Uzbekistan,2033,9,18.7208198673261
Uzbekistan,2033,10,15.965702211288772
Uzbekistan,2033,11,12.786413572882338
Uzbekistan,2033,12,10.147388491842321
Uzbekistan,2034,1,9.212561555440516
Uzbekistan,2034,2,9.381712804029121
Uzbekistan,2034,3,11.495186989200192
Uzbekistan,2034,4,14.486594863386017
Uzbekistan,2034,5,17.46464049919905
Uzbekistan,2034,6,19.735622279357813
Uzbekistan,2034,7,20.82593388652913
Uzbekistan,2034,8,20.50456529328676
Uzbekistan,2034,9,18.80560375193909
Uzbekistan,2034,10,16.050734784480483
Uzbekistan,2034,11,12.871743172469905
Uzbekistan,2034,12,10.233013946913161
Uzbekistan,2035,1,9.281264875354282
Uzbekistan,2035,2,9.457047444867385
Uzbekistan,2035,3,11.57505748964195
Uzbekistan,2035,4,14.569415066726833
Uzbekistan,2035,5,17.549264016354755
Uzbekistan,2035,6,19.82127295187547
Uzbekistan,2035,7,20.912136249623472
Uzbekistan,2035,8,20.59107503883297
Uzbekistan,2035,9,18.892338191505587
Uzbekistan,2035,10,16.137703312343547
Uzbekistan,2035,11,12.958977728606442
Uzbekistan,2035,12,10.320499480106264
Vanuatu,2025,1,23.273530386134553
Vanuatu,2025,2,24.80118326975662
Vanuatu,2025,3,25.799730347346667
Vanuatu,2025,4,26.47779198875378
Vanuatu,2025,5,26.947685757962063
Vanuatu,2025,6,27.247927403001995
Vanuatu,2025,7,27.36573184586541
Vanuatu,2025,8,27.259514172325908
Vanuatu,2025,9,26.8813906219375
Vanuatu,2025,10,26.199679577862298
Vanuatu,2025,11,25.22140255681461
Vanuatu,2025,12,24.014785198888603
Vanuatu,2026,1,23.306062650838612
Vanuatu,2026,2,24.841079639570125
Vanuatu,2026,3,25.845224632820646
Vanuatu,2026,4,26.527457176508506
Vanuatu,2026,5,27.000364473792615
Vanuatu,2026,6,27.302662374820102
Vanuatu,2026,7,27.421696366724973
Vanuatu,2026,8,27.31594256349581
Vanuatu,2026,9,26.937508695879842
Vanuatu,2026,10,26.25463510127247
Vanuatu,2026,11,25.27419571356677
Vanuatu,2026,12,24.064199053166703
Vanuatu,2027,1,23.33942009418115
Vanuatu,2027,2,24.881967328209612
Vanuatu,2027,3,25.891843795588102
Vanuatu,2027,4,26.57835073577462
Vanuatu,2027,5,27.05434750848599
Vanuatu,2027,6,27.35875258348915
Vanuatu,2027,7,27.47904453049432
Vanuatu,2027,8,27.37376300912092
Vanuatu,2027,9,26.995009758757988
Vanuatu,2027,10,26.310949588457333
Vanuatu,2027,11,25.32831136680852
Vanuatu,2027,12,24.114889011915693
Vanuatu,2028,1,23.373620534734982
Vanuatu,2028,2,24.923864785855585
Vanuatu,2028,3,25.939606863722474
Vanuatu,2028,4,26.630492218814652
Vanuatu,2028,5,27.109654884837255
Vanuatu,2028,6,27.416218468578336
Vanuatu,2028,7,27.537797139816576
Vanuatu,2028,8,27.432996621228995
Vanuatu,2028,9,27.053915178280477
Vanuatu,2028,10,26.368644609120565
Vanuatu,2028,11,25.383771234472988
Vanuatu,2028,12,24.16687688757247
Vanuatu,2029,1,23.40868183893417
Vanuatu,2029,2,24.966790511371983
Vanuatu,2029,3,25.988532914839197
Vanuatu,2029,4,26.683901228262584
Vanuatu,2029,5,27.166306676769636
Vanuatu,2029,6,27.4750805216363
Vanuatu,2029,7,27.597975050136483
Vanuatu,2029,8,27.49366456542066
Vanuatu,2029,9,27.114246376518167
Vanuatu,2029,10,26.427741788088497
Vanuatu,2029,11,25.440597090434494
Vanuatu,2029,12,24.2201845493737
Vanuatu,2030,1,23.444621921190446
Vanuatu,2030,2,25.010763052400762
Vanuatu,2030,3,26.038641076102977
Vanuatu,2030,4,26.738597417091114
Vanuatu,2030,5,27.224323009396358
Vanuatu,2030,6,27.535359286176572
Vanuatu,2030,7,27.659599169645844
Vanuatu,2030,8,27.555788060905797
Vanuatu,2030,9,27.176024829936978
Vanuatu,2030,10,26.48826280542289
Vanuatu,2030,11,25.49881076463953
Vanuatu,2030,12,24.27483392340673
Vanuatu,2031,1,23.481458743845906
Vanuatu,2031,2,25.055801005372814
Vanuatu,2031,3,26.08995052427872
Vanuatu,2031,4,26.794600488709875
Vanuatu,2031,5,27.283724059013366
Vanuatu,2031,6,27.59707535770667
Vanuatu,2031,7,27.722690459370824
Vanuatu,2031,8,27.619388380510827
Vanuatu,2031,9,27.239272069492472
Vanuatu,2031,10,26.550229396417308
Vanuatu,2031,11,25.558434143041268
Vanuatu,2031,12,24.330846992642364
Vanuatu,2032,1,23.519210317340367
Vanuatu,2032,2,25.101923015522516
Vanuatu,2032,3,26.142480485760643
Vanuatu,2032,4,26.851930196936337
Vanuatu,2032,5,27.34453005319756
Vanuatu,2032,6,27.660249383829978
Vanuatu,2032,7,27.787269933230164
Vanuatu,2032,8,27.684486850747817
Vanuatu,2032,9,27.30400968057529
Vanuatu,2032,10,26.613663351706236
Vanuatu,2032,11,25.619489167752363
Vanuatu,2032,12,24.388245796916635
Vanuatu,2033,1,23.55789470014588
Vanuatu,2033,2,25.149147777000508
Vanuatu,2033,3,26.196250236655942
Vanuatu,2033,4,26.910606346148597
Vanuatu,2033,5,27.406761270835887
Vanuatu,2033,6,27.724902064249363
Vanuatu,2033,7,27.853358658057005
Vanuatu,2033,8,27.75110485184723
Vanuatu,2033,9,27.370259303138482
Vanuatu,2033,10,26.678586517210533
Vanuatu,2033,11,25.681997837008566
Vanuatu,2033,12,24.44705243307999
Vanuatu,2034,1,23.597529998832215
Vanuatu,2034,2,25.197494032884606
Vanuatu,2034,3,26.25127910277388
Vanuatu,2034,4,26.97064879118352
Vanuatu,2034,5,27.47043804214354
Vanuatu,2034,6,27.791054150858145
Vanuatu,2034,7,27.920977753649822
Vanuatu,2034,8,27.819263817867068
Vanuatu,2034,9,27.438042631744793
Vanuatu,2034,10,26.745020794286575
Vanuatu,2034,11,25.745982205248765
Vanuatu,2034,12,24.50728905494634
Vanuatu,2035,1,23.638134368183273
Vanuatu,2035,2,25.246980575212547
Vanuatu,2035,3,26.30758645973856
Vanuatu,2035,4,27.032077437562293
Vanuatu,2035,5,27.535580748765824
Vanuatu,2035,6,27.858726447700064
Vanuatu,2035,7,27.99014839283427
Vanuatu,2035,8,27.888985236634653
Vanuatu,2035,9,27.507381415537566
Vanuatu,2035,10,26.81298813974081
Vanuatu,2035,11,25.811464383176826
Vanuatu,2035,12,24.568977873424046
Venezuela,2025,1,23.451120071590594
Venezuela,2025,2,25.05989957449583
Venezuela,2025,3,26.07974560065213
Venezuela,2025,4,26.744429056904664
Venezuela,2025,5,27.186219967651596
Venezuela,2025,6,27.458388464791824
Venezuela,2025,7,27.55770577756357
Venezuela,2025,8,27.44694522246664
Venezuela,2025,9,27.07738319319924
Venezuela,2025,10,26.411300150474744
Venezuela,2025,11,25.444481611987612
Venezuela,2025,12,24.228719142273803
Venezuela,2026,1,23.483189699211835
Venezuela,2026,2,25.099409558607476
Venezuela,2026,3,26.12492458423094
Venezuela,2026,4,26.793842040960044
Venezuela,2026,5,27.238698774305703
Venezuela,2026,6,27.512962200243237
Venezuela,2026,7,27.613531295167377
Venezuela,2026,8,27.50323758570903
Venezuela,2026,9,27.13334613871575
Venezuela,2026,10,26.466056551104884
Venezuela,2026,11,25.49700393976036
Venezuela,2026,12,24.277759931444052
Venezuela,2027,1,23.51607831903766
Venezuela,2027,2,25.139904065520568
Venezuela,2027,3,26.171221106837947
Venezuela,2027,4,26.844475583392523
Venezuela,2027,5,27.292473679223804
Venezuela,2027,6,27.56888261185395
Venezuela,2027,7,27.670731622260973
Venezuela,2027,8,27.560912964637282
Venezuela,2027,9,27.19068289644656
Venezuela,2027,10,26.522162668218698
Venezuela,2027,11,25.550839513475694
Venezuela,2027,12,24.328067638675748
Venezuela,2028,1,23.549803748054728
Venezuela,2028,2,25.18140154253797
Venezuela,2028,3,26.21865419243204
Venezuela,2028,4,26.896349231113163
Venezuela,2028,5,27.34756469857257
Venezuela,2028,6,27.626170131338768
Venezuela,2028,7,27.72932755235979
Venezuela,2028,8,27.619992460899994
Venezuela,2028,9,27.249414822436847
Venezuela,2028,10,26.579640058590485
Venezuela,2028,11,25.606010036947737
Venezuela,2028,12,24.379664061042604
Venezuela,2029,1,23.584383851103667
Venezuela,2029,2,25.223920485696908
Venezuela,2029,3,26.26724291453229
Venezuela,2029,4,26.949482581411758
Venezuela,2029,5,27.403991899686844
Venezuela,2029,6,27.684845242351912
Venezuela,2029,7,27.789339931784525
Venezuela,2029,8,27.680497229729554
Venezuela,2029,9,27.309563327163232
Venezuela,2029,10,26.63851033416813
Venezuela,2029,11,25.662537269913628
Venezuela,2029,12,24.43257105243265
Venezuela,2030,1,23.619836540977303
Venezuela,2030,2,25.267479439772615
Venezuela,2030,3,26.31700639621795
Venezuela,2030,4,27.003895281887708
Venezuela,2030,5,27.461775401069644
Venezuela,2030,6,27.744928480537965
Venezuela,2030,7,27.850789659632028
Venezuela,2030,8,27.74244847997852
Venezuela,2030,9,27.371149875482843
Venezuela,2030,10,26.69879516218589
Venezuela,2030,11,25.720443028175396
Venezuela,2030,12,24.486810523540953
Venezuela,2031,1,23.65617977846432
Venezuela,2031,2,25.312096998376546
Venezuela,2031,3,26.367963810132096
Venezuela,2031,4,27.059607030628285
Venezuela,2031,5,27.520935372413987
Venezuela,2031,6,27.80644043360826
Venezuela,2031,7,27.91369768784807
Venezuela,2031,8,27.8058674741269
Venezuela,2031,9,27.434195986720624
Venezuela,2031,10,26.76051626505523
Venezuela,2031,11,25.77974918363634
Venezuela,2031,12,24.54240444196421
Venezuela,2032,1,23.693431572422014
Venezuela,2032,2,25.35779180392001
Venezuela,2032,3,26.420134378627154
Venezuela,2032,4,27.116637576135872
Venezuela,2032,5,27.581492034733856
Venezuela,2032,6,27.869401741297224
Venezuela,2032,7,27.978085021256447
Venezuela,2032,8,27.870775528358536
Venezuela,2032,9,27.498723234712998
Venezuela,2032,10,26.82369542055767
Venezuela,2032,11,25.84047766428648
Venezuela,2032,12,24.59937483223348
Venezuela,2033,1,23.73160997976538
Venezuela,2033,2,25.404582547759674
Venezuela,2033,3,26.47353737373942
Venezuela,2033,4,27.175006717444376
Venezuela,2033,5,27.643465660335096
Venezuela,2033,6,27.93383309552246
Venezuela,2033,7,28.04397271759899
Venezuela,2033,8,27.937194012586588
Venezuela,2033,9,27.56475324782241
Venezuela,2033,10,26.888354461833842
Venezuela,2033,11,25.90265045428623
Venezuela,2033,12,24.657743775817835
Venezuela,2034,1,23.770733105518048
Venezuela,2034,2,25.452487970135735
Venezuela,2034,3,26.528192117210892
Venezuela,2034,4,27.234734304111953
Venezuela,2034,5,27.70687657289909
Venezuela,2034,6,27.999755240322884
Venezuela,2034,7,28.111381887619245
Venezuela,2034,8,28.00514435050809
Venezuela,2034,9,27.63230770901737
Venezuela,2034,10,26.95451527737623
Venezuela,2034,11,25.966289593984584
Venezuela,2034,12,24.717533411226214
Venezuela,2035,1,23.810819102935966
Venezuela,2035,2,25.501526860317426
Venezuela,2035,3,26.58411798065299
Venezuela,2035,4,27.295840236341064
Venezuela,2035,5,27.771745147508227
Venezuela,2035,6,28.067188971982432
Venezuela,2035,7,28.180333695109766
Venezuela,2035,8,28.07464801970582
Venezuela,2035,9,27.70140835593429
Venezuela,2035,10,27.022199811200153
Venezuela,2035,11,26.031417180035533
Venezuela,2035,12,24.77876593406927
Vietnam,2025,1,22.111344715079213
Vietnam,2025,2,23.213974784620405
Vietnam,2025,3,24.128488835144708
Vietnam,2025,4,24.91600172044582
Vietnam,2025,5,25.571921811734683
Vietnam,2025,6,26.048451987561748
Vietnam,2025,7,26.277090623812
Vietnam,2025,8,26.191132583459876
Vietnam,2025,9,25.74817020654973
Vietnam,2025,10,24.95259430009628
Vietnam,2025,11,23.87809512792319
Vietnam,2025,12,22.69016340064718
Vietnam,2026,1,22.14673566395959
Vietnam,2026,2,23.25629891166045
Vietnam,2026,3,24.176006405924454
Vietnam,2026,4,24.967328763815203
Vietnam,2026,5,25.625960582933658
Vietnam,2026,6,26.104321431162134
Vietnam,2026,7,26.334056836761192
Vietnam,2026,8,26.24853927811
Vietnam,2026,9,25.80536917367226
Vietnam,2026,10,25.00887587188936
Vietnam,2026,11,23.932618641026238
Vietnam,2026,12,22.741887659177337
Vietnam,2027,1,22.182986503158645
Vietnam,2027,2,23.29965270923367
Vietnam,2027,3,24.224690449144873
Vietnam,2027,4,25.019928620707105
Vietnam,2027,5,25.681350565287175
Vietnam,2027,6,26.161595057606064
Vietnam,2027,7,26.392457295701206
Vietnam,2027,8,26.307389890805098
Vietnam,2027,9,25.864003857245734
Vietnam,2027,10,25.066569602310665
Vietnam,2027,11,23.988517916191086
Vietnam,2027,12,22.794940961875
Vietnam,2028,1,22.22011505856517
Vietnam,2028,2,23.344054642239826
Vietnam,2028,3,24.274560014980125
Vietnam,2028,4,25.073820872869874
Vietnam,2028,5,25.738111818435755
Vietnam,2028,6,26.220293350667816
Vietnam,2028,7,26.452312854854426
Vietnam,2028,8,26.367705592526363
Vietnam,2028,9,25.924095691277216
Vietnam,2028,10,25.125697134714756
Vietnam,2028,11,24.045814752401384
Vietnam,2028,12,22.849345209645435
Vietnam,2029,1,22.258139203907376
Vietnam,2029,2,23.389523224178447
Vietnam,2029,3,24.32563420308088
Vietnam,2029,4,25.129025152292343
Vietnam,2029,5,25.796264453049844
Vietnam,2029,6,26.280436846006523
Vietnam,2029,7,26.51364442115755
Vietnam,2029,8,26.429507607729647
Vietnam,2029,9,25.985666164070608
Vietnam,2029,10,25.186280167571567
Vietnam,2029,11,24.104531004531054
Vietnam,2029,12,22.90512236006998
Vietnam,2030,1,22.29707686076017
Vietnam,2030,2,23.436077017265234
Vietnam,2030,3,24.377932162516117
Vietnam,2030,4,25.185561141294784
Vietnam,2030,5,25.855828630928045
Vietnam,2030,6,26.34204613118436
Vietnam,2030,7,26.57647295422521
Vietnam,2030,8,26.492817214421848
Vietnam,2030,9,26.048736818313955
Vietnam,2030,10,25.24834045447733
Vietnam,2030,11,24.164688583431598
Vietnam,2030,12,22.962294427526103
Vietnam,2031,1,22.33694599863975
Vietnam,2031,2,23.48373463241751
Vietnam,2031,3,24.43147309192227
Vietnam,2031,4,25.243448572492525
Vietnam,2031,5,25.916824564971648
Vietnam,2031,6,26.40514184572112
Vietnam,2031,7,26.640819466466382
Vietnam,2031,8,26.5576557441791
Vietnam,2031,9,26.113329251028517
Vietnam,2031,10,25.311899804220047
Vietnam,2031,11,24.226309455935734
Vietnam,2031,12,23.020883483212856
Vietnam,2032,1,22.37776463501814
Vietnam,2032,2,23.532514729330615
Vietnam,2032,3,24.486276239554172
Vietnam,2032,4,25.302707228934196
Vietnam,2032,5,25.979272519348342
Vietnam,2032,6,26.469744681152406
Vietnam,2032,7,26.706705023098948
Vietnam,2032,8,26.624044582190436
Vietnam,2032,9,26.179465113659717
Vietnam,2032,10,25.37698008081952
Vietnam,2032,11,24.28941564493016
Vietnam,2032,12,23.08091165514361
Vietnam,2033,1,22.419550835395967
Vietnam,2033,2,23.582436016547035
Vietnam,2033,3,24.542360903212284
Vietnam,2033,4,25.363356944079896
Vietnam,2033,5,26.04319280943764
Vietnam,2033,6,26.53587538105876
Vietnam,2033,7,26.774150742175152
Vietnam,2033,8,26.692005167312345
Vietnam,2033,9,26.247166112186278
Vietnam,2033,10,25.44360320361102
Vietnam,2033,11,24.35402922938829
Vietnam,2033,12,23.142401128262463
Vietnam,2034,1,22.462322713269714
Vietnam,2034,2,23.633517251409103
Vietnam,2034,3,24.599746430439154
Vietnam,2034,4,25.425417601863046
Vietnam,2034,5,26.108605801841804
Vietnam,2034,6,26.603554741091102
Vietnam,2034,7,26.843177794694384
Vietnam,2034,8,26.76155899211608
Vietnam,2034,9,26.316454007018365
Vietnam,2034,10,25.51179114718343
Vietnam,2034,11,24.420172344410275
Vietnam,2034,12,23.205374144415146
Vietnam,2035,1,22.50609843028451
Vietnam,2035,2,23.685777240226344
Vietnam,2035,3,24.658452218432103
Vietnam,2035,4,25.488909136734037
Vietnam,2035,5,26.175531914611383
Vietnam,2035,6,26.672803609058064
Vietnam,2035,7,26.913807404555882
Vietnam,2035,8,26.832727602927662
Vietnam,2035,9,26.38735061319767
Vietnam,2035,10,25.581565941575718
Vietnam,2035,11,24.487867181270303
Vietnam,2035,12,23.269853002461787
World,2025,1,10.169412842716156
World,2025,2,10.251314682021075
World,2025,3,12.11579161269492
World,2025,4,14.801453790581036
World,2025,5,17.49874392106085
World,2025,6,19.57243824887064
World,2025,7,20.58414754812202
World,2025,8,20.314818112089597
World,2025,9,18.787232743136883
World,2025,10,16.28851174267129
World,2025,11,13.39261390093543
World,2025,12,10.982837487023971
World,2026,1,10.226253360860028
World,2026,2,10.313045995889297
World,2026,3,12.180666812765594
World,2026,4,14.868199665289467
World,2026,5,17.56649141980688
World,2026,6,19.6406529450951
World,2026,7,20.652560102226744
World,2026,8,20.383354734532077
World,2026,9,18.855945657459415
World,2026,10,16.35750964842464
World,2026,11,13.461992436802575
World,2026,12,11.052609693794693
World,2027,1,10.284116572555831
World,2027,2,10.375998218133645
World,2027,3,12.246925338004985
World,2027,4,14.936458001376195
World,2027,5,17.635849752995455
World,2027,6,19.710548603078678
World,2027,7,20.722698017169932
World,2027,8,20.45363790605643
World,2027,9,18.92640561567987
World,2027,10,16.428236917000504
World,2027,11,13.533066995901208
World,2027,12,11.124031443120657
World,2028,1,10.343020249217261
World,2028,2,10.440189811602067
World,2028,3,12.314586288969622
World,2028,4,15.006248483384297
World,2028,5,17.706839135448718
World,2028,6,19.782145914251487
World,2028,7,20.794582407238522
World,2028,8,20.525689110120766
World,2028,9,18.99863441675643
World,2028,10,16.500715609058716
World,2028,11,13.605859846921703
World,2028,12,11.197125158029849
World,2029,1,10.402982209639049
World,2029,2,10.50563928730935
World,2029,3,12.383668815194142
World,2029,4,15.07759084566078
World,2029,5,17.77947983258946
World,2029,6,19.85546562141917
World,2029,7,20.868234438928084
World,2029,8,20.599529883163086
World,2029,9,19.072653913383874
World,2029,10,16.57496783989427
World,2029,11,13.680393313986315
World,2029,12,11.271913317797043
World,2030,1,10.464020320029704
World,2030,2,10.572365204458947
World,2030,3,12.454192115216756
World,2030,4,15.150504872323836
World,2030,5,17.85379216049205
World,2030,6,19.930528518835672
World,2030,7,20.94367533096829
World,2030,8,20.675181814728603
World,2030,9,19.148486012171816
World,2030,10,16.651015779451882
World,2030,11,13.756689776718304
World,2030,12,11.34841845797655
World,2031,1,10.52615249401515
World,2031,2,10.640386170559395
World,2031,3,12.526175436619269
World,2031,4,15.22501039744111
World,2031,5,17.929796485864244
World,2031,6,20.007355452250522
World,2031,7,21.020926354406583
World,2031,8,20.752666547418812
World,2031,9,19.22615267360834
World,2031,10,16.72888165241693
World,2031,11,13.834771670263763
World,2031,12,11.426663170496795
World,2032,1,10.58939669272604
World,2032,2,10.709720841347917
World,2032,3,12.599638076139854
World,2032,4,15.301127304920556
World,2032,5,18.007513226192714
World,2032,6,20.085967318923394
World,2032,7,21.10000883261182
World,2032,8,20.832005777029735
World,2032,9,19.30567591218005
World,2032,10,16.80858773822638
World,2032,11,13.914661485338911
World,2032,12,11.506670103594843
World,2033,1,10.653770924863238
World,2033,2,10.78038792100142
World,2033,3,12.674599379651227
World,2033,4,15.378875528706885
World,2033,5,18.086962849703013
World,2033,6,20.16638506774052
World,2033,7,21.180944141390682
World,2033,8,20.91322125253737
World,2033,9,19.387077796364792
World,2033,10,16.89015637115608
World,2033,11,13.996381768295578
World,2033,12,11.588461962045585
World,2034,1,10.719293246683264
World,2034,2,10.852406162012812
World,2034,3,12.751078742226127
World,2034,4,15.458275052694262
World,2034,5,18.16816587547237
World,2034,6,20.24862969917831
World,2034,7,21.263753708904005
World,2034,8,20.996334776163167
World,2034,9,19.470380448657124
World,2034,10,16.973609940320785
World,2034,11,14.079955121121202
World,2034,12,11.67206150698712
World,2035,1,10.785981762067422
World,2035,2,10.92579436534379
World,2035,3,12.829095608184616
World,2035,4,15.539345910868178
World,2035,5,18.251142873400568
World,2035,6,20.332722265372468
World,2035,7,21.34845901587778
World,2035,8,21.08136820339587
World,2035,9,19.555606045692002
World,2035,10,17.058970889739612
World,2035,11,14.165404201544334
World,2035,12,11.757491556131754
Yemen,2025,1,23.36400816479818
Yemen,2025,2,24.932310537774356
Yemen,2025,3,25.941354056082673
Yemen,2025,4,26.612461234996772
Yemen,2025,5,27.068025843957912
Yemen,2025,6,27.354013896351717
Yemen,2025,7,27.4624646395323
Yemen,2025,8,27.353991544631754
Yemen,2025,9,26.980283296489688
Yemen,2025,10,26.306604783553666
Yemen,2025,11,25.33429808773235
Yemen,2025,12,24.123283474357777
Yemen,2026,1,23.396305776798727
Yemen,2026,2,24.972010667131144
Yemen,2026,3,25.986687927231287
Yemen,2026,4,26.661997824886384
Yemen,2026,5,27.120602345025873
Yemen,2026,6,27.40866617962911
Yemen,2026,7,27.51835771756032
Yemen,2026,8,27.41035003455636
Yemen,2026,9,27.036321883050732
Yemen,2026,10,26.361458682095872
Yemen,2026,11,25.38695350724538
Yemen,2026,12,24.17250808049812
Yemen,2027,1,23.429425452698524
Yemen,2027,2,25.012698692288723
Yemen,2027,3,26.033142978413707
Yemen,2027,4,26.71275884879742
Yemen,2027,5,27.174479021335173
Yemen,2027,6,27.464669383986802
Yemen,2027,7,27.57562998463345
Yemen,2027,8,27.468096021021665
Yemen,2027,9,27.093738830612892
Yemen,2027,10,26.417666880527577
Yemen,2027,11,25.440926757409215
Yemen,2027,12,24.223004157321157
Yemen,2028,1,23.463385010277307
Yemen,2028,2,25.054393062012423
Yemen,2028,3,26.08073823565519
Yemen,2028,4,26.764763856333047
Yemen,2028,5,27.229675892352134
Yemen,2028,6,27.52204394507953
Yemen,2028,7,27.634302238836426
Yemen,2028,8,27.527250610842202
Yemen,2028,9,27.15255550104939
Yemen,2028,10,26.47525094204775
Yemen,2028,11,25.49623954900835
Yemen,2028,12,24.27479350955491
Yemen,2029,1,23.498202315186973
Yemen,2029,2,25.097112273743733
Yemen,2029,3,26.12949277450116
Yemen,2029,4,26.818032447446058
Yemen,2029,5,27.28621302866759
Yemen,2029,6,27.580810350443244
Yemen,2029,7,27.694395330997395
Yemen,2029,8,27.5878349643981
Yemen,2029,9,27.212793310548477
Yemen,2029,10,26.534232484981658
Yemen,2029,11,25.552913648830327
Yemen,2029,12,24.327897998672597
Yemen,2030,1,23.53389528102798
Yemen,2030,2,25.140874873694884
Yemen,2030,3,26.1794257200645
Yemen,2030,4,26.872584272380664
Yemen,2030,5,27.344110552058737
Yemen,2030,6,27.640989139655176
Yemen,2030,7,27.755930164702477
Yemen,2030,8,27.649870295653272
Yemen,2030,9,27.274473729751662
Yemen,2030,10,26.594633182900907
Yemen,2030,11,25.610970879651177
Yemen,2030,12,24.382339543001763
Yemen,2031,1,23.57048186938573
Yemen,2031,2,25.18569945686704
Yemen,2031,3,26.230556247054665
Yemen,2031,4,26.928439031894413
Yemen,2031,5,27.403388635540068
Yemen,2031,6,27.70260090427928
Yemen,2031,7,27.81892769644128
Yemen,2031,8,27.71337787223183
Yemen,2031,9,27.337618283724623
Yemen,2031,10,26.65647476464892
Yemen,2031,11,25.670433120370035
Yemen,2031,12,24.43814011777158
Yemen,2032,1,23.60798008990332
Yemen,2032,2,25.2316046670976
Yemen,2032,3,26.282903579817685
Yemen,2032,4,26.98561647711631
Yemen,2032,5,27.464067503348815
Yemen,2032,6,27.765666287979002
Yemen,2032,7,27.883408935534135
Yemen,2032,8,27.778379015454448
Yemen,2032,9,27.402248552059064
Yemen,2032,10,26.719779014344567
Yemen,2032,11,25.73132230596184
Yemen,2032,12,24.4953217550692
Yemen,2033,1,23.646408000245174
Yemen,2033,2,25.278609197151127
Yemen,2033,3,26.33648699241985
Yemen,2033,4,27.044136409750536
Yemen,2033,5,27.526167431061367
Yemen,2033,6,27.830205986517285
Yemen,2033,7,27.949394944233973
Yemen,2033,8,27.844895100352915
Yemen,2033,9,27.468386168861798
Yemen,2033,10,26.78456777147312
Yemen,2033,11,25.793660427564646
Yemen,2033,12,24.553906544025267
Yemen,2034,1,23.685783706286202
Yemen,2034,2,25.326731788657526
Yemen,2034,3,26.391325808654983
Yemen,2034,4,27.10401868198187
Yemen,2034,5,27.589708745644202
Yemen,2034,6,27.896240747829324
Yemen,2034,7,28.016906837791794
Yemen,2034,8,27.912947555761093
Yemen,2034,9,27.536052822845704
Yemen,2034,10,26.85086293092627
Yemen,2034,11,25.857469532516006
Yemen,2034,12,24.613916630722997
Yemen,2035,1,23.726125362006314
Yemen,2035,2,25.37599123228665
Yemen,2035,3,26.44743940209537
Yemen,2035,4,27.165283196639393
Yemen,2035,5,27.654711825402956
Yemen,2035,6,27.9637913720735
Yemen,2035,7,28.08596578444576
Yemen,2035,8,27.98255786432219
Yemen,2035,9,27.605270257355187
Yemen,2035,10,26.918686443009392
Yemen,2035,11,25.92277172444028
Yemen,2035,12,24.67537421834004
Zambia,2025,1,20.245400477940166
Zambia,2025,2,20.902651714980493
Zambia,2025,3,21.8078777162782
Zambia,2025,4,22.822419608423843
Zambia,2025,5,23.783654745265267
Zambia,2025,6,24.527497697782565
Zambia,2025,7,24.910901243977605
Zambia,2025,8,24.83435735878902
Zambia,2025,9,24.264398204018107
Zambia,2025,10,23.256097118185608
Zambia,2025,11,21.975569606373938
Zambia,2025,12,20.722474330291334
Zambia,2026,1,20.284960936133757
Zambia,2026,2,20.948609164509435
Zambia,2026,3,21.85851759191155
Zambia,2026,4,22.87640573826957
Zambia,2026,5,23.839959813788482
Zambia,2026,6,24.58533370879468
Zambia,2026,7,24.969649983701856
Zambia,2026,8,24.893500858860534
Zambia,2026,9,24.323449204505778
Zambia,2026,10,23.314529530559412
Zambia,2026,11,22.032748976635958
Zambia,2026,12,20.777588301877586
Zambia,2027,1,20.32542394720531
Zambia,2027,2,20.995644056133642
Zambia,2027,3,21.910376279492084
Zambia,2027,4,22.93172104797941
Zambia,2027,5,23.897675945606352
Zambia,2027,6,24.644636699508737
Zambia,2027,7,25.029898169935223
Zambia,2027,8,24.954155340074976
Zambia,2027,9,24.384004306030874
Zambia,2027,10,23.37444326664354
Zambia,2027,11,22.091373513406324
Zambia,2027,12,20.83410042041669
Zambia,2028,1,20.366807341067215
Zambia,2028,2,21.043774868806395
Zambia,2028,3,21.963472853321036
Zambia,2028,4,22.9883851535169
Zambia,2028,5,23.95682324460813
Zambia,2028,6,24.705427208024958
Zambia,2028,7,25.09166672127776
Zambia,2028,8,25.01634204786842
Zambia,2028,9,24.446085027158006
Zambia,2028,10,23.435860064347253
Zambia,2028,11,22.151465120307876
Zambia,2028,12,20.892032701432072
Zambia,2029,1,20.409128995398532
Zambia,2029,2,21.09302013009892
Zambia,2029,3,22.01782643711431
Zambia,2029,4,23.046417721006037
Zambia,2029,5,24.01742186568754
Zambia,2029,6,24.7677258242702
Zambia,2029,7,25.154976608985635
Zambia,2029,8,25.08008228104609
Zambia,2029,9,24.50971294061401
Zambia,2029,10,23.498801716622438
Zambia,2029,11,22.213045756726387
Zambia,2029,12,20.951407217159613
Zambia,2030,1,20.452406835652255
Zambia,2030,2,21.143398416094897
Zambia,2030,3,22.07345620390788
Zambia,2030,4,23.105838466767636
Zambia,2030,5,24.079492014691823
Zambia,2030,6,24.831553189932492
Zambia,2030,7,25.21984885686561
Zambia,2030,8,25.14539739189513
Zambia,2030,9,24.57490967335707
Zambia,2030,10,23.563290071430856
Zambia,2030,11,22.276137437970647
Zambia,2030,12,21.01224609648216
Zambia,2031,1,20.496658835102608
Zambia,2031,2,21.19492835157598
Zambia,2031,3,22.130381376268815
Zambia,2031,4,23.16666715741394
Zambia,2031,5,24.143053948581837
Zambia,2031,6,24.896929998606538
Zambia,2031,7,25.286304541456957
Zambia,2031,8,25.212308786159156
Zambia,2031,9,24.64169690669678
Zambia,2031,10,23.629347031871475
Zambia,2031,11,22.34076223522152
Zambia,2031,12,21.074571524969542
Zambia,2032,1,20.54190301489598
Zambia,2032,2,21.247628609956337
Zambia,2032,3,22.18862122619339
Zambia,2032,4,23.228923609812227
Zambia,2032,5,24.208127975392017
Zambia,2032,6,24.963876995790088
Zambia,2032,7,25.354364792002343
Zambia,2032,8,25.280837923129184
Zambia,2032,9,24.710096376214096
Zambia,2032,10,23.69699455616228
Zambia,2032,11,22.406942275626534
Zambia,2032,12,21.138405744962256
Zambia,2033,1,20.58815744412368
Zambia,2033,2,21.30151791341359
Zambia,2033,3,22.248195075230797
Zambia,2033,4,23.29262769118668
Zambia,2033,5,24.274734454317695
Zambia,2033,6,25.032414978923953
Zambia,2033,7,25.424050790506044
Zambia,2033,8,25.35100631565092
Zambia,2033,9,24.780129871906865
Zambia,2033,10,23.766254657723948
Zambia,2033,11,22.474699742343546
Zambia,2033,12,21.203771055633297
Zambia,2034,1,20.635440239807394
Zambia,2034,2,21.356615032877926
Zambia,2034,3,22.309122294515873
Zambia,2034,4,23.357799319169317
Zambia,2034,5,24.342893795762393
Zambia,2034,6,25.102564797486593
Zambia,2034,7,25.49538377178851
Zambia,2034,8,25.422835530197517
Zambia,2034,9,24.851819238197095
Zambia,2034,10,23.83714940523805
Zambia,2034,11,22.54405687452254
Zambia,2034,12,21.270689812988167
Zambia,2035,1,20.68376956699376
Zambia,2035,2,21.412938788130305
Zambia,2035,3,22.37142230479094
Zambia,2035,4,23.424458461789072
Zambia,2035,5,24.41262646132691
Zambia,2035,6,25.17434735299048
Zambia,2035,7,25.56838502354458
Zambia,2035,8,25.496347186898674
Zambia,2035,9,24.925186373985525
Zambia,2035,10,23.909700922628872
Zambia,2035,11,22.615035967491167
Zambia,2035,12,21.33918442993763
Zimbabwe,2025,1,19.673261269349496
Zimbabwe,2025,2,20.231295287264402
Zimbabwe,2025,3,21.153817155024626
Zimbabwe,2025,4,22.246505749922107
Zimbabwe,2025,5,23.302770311159293
Zimbabwe,2025,6,24.126251429724107
Zimbabwe,2025,7,24.553322038319493
Zimbabwe,2025,8,24.47558840124566
Zimbabwe,2025,9,23.862391104278686
Zimbabwe,2025,10,22.783306044570963
Zimbabwe,2025,11,21.430645420613473
Zimbabwe,2025,12,20.141958722019808
Zimbabwe,2026,1,19.714023196746894
Zimbabwe,2026,2,20.27831523501027
Zimbabwe,2026,3,21.20538534840398
Zimbabwe,2026,4,22.301297147344485
Zimbabwe,2026,5,23.359775067107876
Zimbabwe,2026,6,24.184705357824896
Zimbabwe,2026,7,24.612637074319537
Zimbabwe,2026,8,24.535283066074953
Zimbabwe,2026,9,23.922020967039316
Zimbabwe,2026,10,22.84239418559173
Zimbabwe,2026,11,21.488612894391736
Zimbabwe,2026,12,20.19805502031977
Zimbabwe,2027,1,19.7556986568934
Zimbabwe,2027,2,20.326425065556577
Zimbabwe,2027,3,21.2581861037188
Zimbabwe,2027,4,22.357432632282325
Zimbabwe,2027,5,23.418206800125517
Zimbabwe,2027,6,24.244643033912325
Zimbabwe,2027,7,24.673469028083673
Zimbabwe,2027,8,24.596506734663308
Zimbabwe,2027,9,23.98317335327465
Zimbabwe,2027,10,22.90298232092482
Zimbabwe,2027,11,21.54804430191598
Zimbabwe,2027,12,20.255568177847636
Zimbabwe,2028,1,19.798305479606825
Zimbabwe,2028,2,20.375643260596007
Zimbabwe,2028,3,21.312238500785497
Zimbabwe,2028,4,22.414931829073794
Zimbabwe,2028,5,23.478085625273707
Zimbabwe,2028,6,24.306085010103743
Zimbabwe,2028,7,24.73583883500487
Zimbabwe,2028,8,24.659280672070054
Zimbabwe,2028,9,24.045869803948335
Zimbabwe,2028,10,22.96509221373435
Zimbabwe,2028,11,21.608961574868772
Zimbabwe,2028,12,20.31452024103146
Zimbabwe,2029,1,19.841861542427978
Zimbabwe,2029,2,20.425988350351872
Zimbabwe,2029,3,21.367561668831513
Zimbabwe,2029,4,22.47381441213747
Zimbabwe,2029,5,23.539431708563825
Zimbabwe,2029,6,24.36905189022673
Zimbabwe,2029,7,24.79976748308127
Zimbabwe,2029,8,24.7236261966691
Zimbabwe,2029,9,24.11013191418624
Zimbabwe,2029,10,23.028745682205226
Zimbabwe,2029,11,21.671386700721087
Zimbabwe,2029,12,20.374933312982648
Zimbabwe,2030,1,19.886384770660698
Zimbabwe,2030,2,20.477478913614505
Zimbabwe,2030,3,21.424174786389813
Zimbabwe,2030,4,22.53410010612879
Zimbabwe,2030,5,23.602265266993527
Zimbabwe,2030,6,24.433564329979163
Zimbabwe,2030,7,24.865276012930735
Zimbabwe,2030,8,24.789564680345393
Zimbabwe,2030,9,24.175981333356503
Zimbabwe,2030,10,23.093964599514038
Zimbabwe,2030,11,21.735341722779594
Zimbabwe,2030,12,20.436829553401367
Zimbabwe,2031,1,19.93189313739731
Zimbabwe,2031,2,20.530133577777633
Zimbabwe,2031,3,21.482097081462598
Zimbabwe,2031,4,22.59580868592184
Zimbabwe,2031,5,23.666606568575844
Zimbabwe,2031,6,24.49964303681645
Zimbabwe,2031,7,24.932385517790863
Zimbabwe,2031,8,24.857117548396673
Zimbabwe,2031,9,24.243439765109542
Zimbabwe,2031,10,23.16077089391274
Zimbabwe,2031,11,21.800848740212132
Zimbabwe,2031,12,20.500231178682043
Zimbabwe,2032,1,19.978404663598667
Zimbabwe,2032,2,20.58397101888204
Zimbabwe,2032,3,21.541347831506755
Zimbabwe,2032,4,22.658959976634833
Zimbabwe,2032,5,23.732475932459238
Zimbabwe,2032,6,24.567308770126147
Zimbabwe,2032,7,25.001117143609918
Zimbabwe,2032,8,24.926306279595337
Zimbabwe,2032,9,24.312528967381695
Zimbabwe,2032,10,23.229186548819598
Zimbabwe,2032,11,21.867929908164115
Zimbabwe,2032,12,20.56516046197885
Zimbabwe,2033,1,20.02593741810506
Zimbabwe,2033,2,20.639009961702868
Zimbabwe,2033,3,21.601946363444767
Zimbabwe,2033,4,22.723573853713788
Zimbabwe,2033,5,23.799893728851202
Zimbabwe,2033,6,24.636582341253416
Zimbabwe,2033,7,25.07149208908686
Zimbabwe,2033,8,24.997152406308487
Zimbabwe,2033,9,24.383270752493445
Zimbabwe,2033,10,23.299233602786444
Zimbabwe,2033,11,21.93660743772216
Zimbabwe,2033,12,20.631639733212978
Zimbabwe,2034,1,20.074509517687147
Zimbabwe,2034,2,20.695269179724164
Zimbabwe,2034,3,21.663912053832064
Zimbabwe,2034,4,22.789670242972534
Zimbabwe,2034,5,23.868880379174698
Zimbabwe,2034,6,24.70748461346102
Zimbabwe,2034,7,25.143531605678618
Zimbabwe,2034,8,25.06967751449065
Zimbabwe,2034,9,24.455686987156696
Zimbabwe,2034,10,23.370934149556888
Zimbabwe,2034,11,22.006903596001393
Zimbabwe,2034,12,20.69969137913813
Zimbabwe,2035,1,20.124139127122362
Zimbabwe,2035,2,20.752767495233456
Zimbabwe,2035,3,21.72726432872605
Zimbabwe,2035,4,22.8572691206291
Zimbabwe,2035,5,23.939456356035407
Zimbabwe,2035,6,24.780036502063922
Zimbabwe,2035,7,25.217256997698314
Zimbabwe,2035,8,25.14390324368742
Zimbabwe,2035,9,24.52979959250024
Zimbabwe,2035,10,23.44431033816818
Zimbabwe,2035,11,22.07884070615637
Zimbabwe,2035,12,20.769337843362337
